meeting_id,bank,meeting_date,meeting_cycle_score,hawkometer_signal,hawkometer_signal_strength,decision,rate_change_bps,next_decision,next_rate_change_bps,same_meeting_direction_correct,next_meeting_direction_correct,absolute_error_bps,signal_hit_rate_by_bank,hit_rate_by_signal_type,validation_note
BOC_2024_06_A,BOC,2024-06-05,0.0,neutral,neutral,hold,0.0,cut,-25.0,True,False,0.0,0.8823529411764706,0.8,
BOC_2024_06_B,BOC,2024-06-07,-1.8155025008260517,dovish,dovish,cut,-25.0,hold,0.0,True,False,0.0,0.8823529411764706,0.12,
BOC_2024_09,BOC,2024-09-04,0.0,neutral,neutral,hold,0.0,cut,-50.0,True,False,0.0,0.8823529411764706,0.8,
BOC_2024_10,BOC,2024-10-23,-1.1454545454545453,dovish,dovish,cut,-50.0,hold,0.0,True,False,25.0,0.8823529411764706,0.12,
BOC_2024_12,BOC,2024-12-11,0.0,neutral,neutral,hold,0.0,cut,-25.0,True,False,0.0,0.8823529411764706,0.8,
BOC_2025_01,BOC,2025-01-29,-1.1454545454545453,dovish,dovish,cut,-25.0,hold,0.0,True,False,0.0,0.8823529411764706,0.12,
BOC_2025_03,BOC,2025-03-12,0.0,neutral,neutral,hold,0.0,hold,0.0,True,True,0.0,0.8823529411764706,0.8,
BOC_2025_04,BOC,2025-04-16,0.0,neutral,neutral,hold,0.0,hold,0.0,True,True,0.0,0.8823529411764706,0.8,
BOC_2025_06,BOC,2025-06-04,0.0,neutral,neutral,hold,0.0,hold,0.0,True,True,0.0,0.8823529411764706,0.8,
BOC_2025_07,BOC,2025-07-30,0.0,neutral,neutral,hold,0.0,hold,0.0,True,True,0.0,0.8823529411764706,0.8,
BOC_2025_09,BOC,2025-09-17,0.0,neutral,neutral,hold,0.0,cut,-25.0,True,False,0.0,0.8823529411764706,0.8,
BOC_2025_10,BOC,2025-10-29,0.0,neutral,neutral,cut,-25.0,hold,0.0,False,True,25.0,0.8823529411764706,0.8,
BOC_2025_12_A,BOC,2025-12-10,0.0,neutral,neutral,hold,0.0,unknown,,True,,0.0,0.8823529411764706,0.8,
BOC_2025_12_B,BOC,2025-12-10,0.0,neutral,neutral,unknown,,unknown,,,,,0.8823529411764706,0.8,
BOC_2026_01_A,BOC,2026-01-28,0.0,neutral,neutral,unknown,,cut,-25.0,,False,,0.8823529411764706,0.8,
BOC_2026_01_B,BOC,2026-01-28,0.0,neutral,neutral,cut,-25.0,hold,0.0,False,True,25.0,0.8823529411764706,0.8,
BOC_2026_03_A,BOC,2026-03-18,0.0,neutral,neutral,hold,0.0,unknown,,True,,0.0,0.8823529411764706,0.8,
BOC_2026_03_B,BOC,2026-03-18,0.0,neutral,neutral,unknown,,unknown,,,,,0.8823529411764706,0.8,
BOC_2026_04_A,BOC,2026-04-29,0.0,neutral,neutral,unknown,,hold,0.0,,True,,0.8823529411764706,0.8,
BOC_2026_04_B,BOC,2026-04-29,0.0,neutral,neutral,hold,0.0,hold,0.0,True,True,0.0,0.8823529411764706,0.8,
BOC_2026_04_C,BOC,2026-04-29,0.0,neutral,neutral,hold,0.0,,,True,,0.0,0.8823529411764706,0.8,
BOE_2021_06_A,BOE,2021-06-01,1.0,hawkish,hawkish,hold,0.0,hike,34.0,False,True,25.0,0.5,0.3333333333333333,
BOE_2021_06_B,BOE,2021-06-01,-2.2189475010096187,dovish,dovish,hike,34.0,hold,0.0,False,False,59.0,0.5,0.12,
BOE_2021_06_C,BOE,2021-06-01,0.0,neutral,neutral,hold,0.0,hold,0.0,True,True,0.0,0.5,0.8,
BOE_2021_06_D,BOE,2021-06-01,-0.0003185836676548,neutral,neutral,hold,0.0,hike,75.0,True,False,0.0,0.5,0.8,
BOE_2022_06_A,BOE,2022-06-01,0.7999999999999998,neutral,neutral,hike,75.0,hold,0.0,False,True,75.0,0.5,0.8,
BOE_2022_06_B,BOE,2022-06-01,-2.037895002019237,dovish,dovish,hold,0.0,hike,25.0,False,False,25.0,0.5,0.12,
BOE_2022_06_C,BOE,2022-06-01,2.0,hawkish,hawkish,hike,25.0,hike,75.0,True,True,0.0,0.5,0.3333333333333333,
BOE_2022_06_D,BOE,2022-06-01,-1.1600314647965386,dovish,dovish,hike,75.0,hike,25.0,False,False,100.0,0.5,0.12,
BOE_2023_06_A,BOE,2023-06-01,6.803910001730774,hawkish,strong_hawkish,hike,25.0,hike,50.0,True,True,0.0,0.5,0.3333333333333333,
BOE_2023_06_B,BOE,2023-06-01,7.886917501586543,hawkish,strong_hawkish,hike,50.0,hike,25.0,True,True,25.0,0.5,0.3333333333333333,
BOE_2023_06_C,BOE,2023-06-01,5.0718800023077,hawkish,strong_hawkish,hike,25.0,hike,25.0,True,True,0.0,0.5,0.3333333333333333,
BOE_2023_06_D,BOE,2023-06-01,3.666655558435713,hawkish,strong_hawkish,hike,25.0,cut,-25.0,True,False,0.0,0.5,0.3333333333333333,
BOE_2024_06_A,BOE,2024-06-01,-1.8,dovish,dovish,cut,-25.0,hold,0.0,True,False,0.0,0.5,0.12,
BOE_2024_06_B,BOE,2024-06-01,7.433985000288463,hawkish,strong_hawkish,hold,0.0,hold,0.0,False,False,25.0,0.5,0.3333333333333333,
BOE_2024_06_C,BOE,2024-06-01,0.8869175015865447,neutral,neutral,hold,0.0,cut,-50.0,True,False,0.0,0.5,0.8,
BOE_2024_06_D,BOE,2024-06-01,-0.9286981703771552,neutral,neutral,cut,-50.0,hold,0.0,False,True,50.0,0.5,0.8,
BOE_2025_06_A,BOE,2025-06-01,4.77618082852673,hawkish,strong_hawkish,hold,0.0,hike,150.0,False,True,25.0,0.5,0.3333333333333333,
BOE_2025_06_B,BOE,2025-06-01,-1.418947501009618,dovish,dovish,hike,150.0,hold,0.0,False,False,175.0,0.5,0.12,
BOE_2025_06_C,BOE,2025-06-01,-4.437895002019237,dovish,strong_dovish,hold,0.0,hold,0.0,False,False,25.0,0.5,0.12,
BOE_2025_06_D,BOE,2025-06-01,-0.6579976985040275,neutral,neutral,hold,0.0,hold,0.0,True,True,0.0,0.5,0.8,
BOE_2026_06_A,BOE,2026-06-01,0.2980449991346128,neutral,neutral,hold,0.0,cut,-150.0,True,False,0.0,0.5,0.8,
BOE_2026_06_B,BOE,2026-06-01,0.0347080877815288,neutral,neutral,cut,-150.0,,,False,,150.0,0.5,0.8,
BOJ_2026_01,BOJ,2026-01-23,0.1125783318733266,neutral,neutral,hold,0.0,hold,0.0,True,True,0.0,1.0,0.8,
BOJ_2026_03,BOJ,2026-03-19,0.0,neutral,neutral,hold,0.0,hold,0.0,True,True,0.0,1.0,0.8,
BOJ_2026_04,BOJ,2026-04-28,0.0,neutral,neutral,hold,0.0,,,True,,0.0,1.0,0.8,
ECB_2021_01,ECB,2021-01-21,-0.3825029259408832,neutral,neutral,hold,0.0,hold,0.0,True,True,0.0,0.2558139534883721,0.8,
ECB_2021_03,ECB,2021-03-11,-0.0426666666666666,neutral,neutral,hold,0.0,hold,0.0,True,True,0.0,0.2558139534883721,0.8,
ECB_2021_04,ECB,2021-04-22,0.16,neutral,neutral,hold,0.0,hold,0.0,True,True,0.0,0.2558139534883721,0.8,
ECB_2021_06,ECB,2021-06-10,0.4800000000000001,neutral,neutral,hold,0.0,hold,0.0,True,True,0.0,0.2558139534883721,0.8,
ECB_2021_07,ECB,2021-07-22,0.0,neutral,neutral,hold,0.0,hold,0.0,True,True,0.0,0.2558139534883721,0.8,
ECB_2021_09,ECB,2021-09-09,0.0,neutral,neutral,hold,0.0,hold,0.0,True,True,0.0,0.2558139534883721,0.8,
ECB_2021_10,ECB,2021-10-28,0.0203207342838892,neutral,neutral,hold,0.0,hold,0.0,True,True,0.0,0.2558139534883721,0.8,
ECB_2021_12,ECB,2021-12-16,0.0,neutral,neutral,hold,0.0,hold,0.0,True,True,0.0,0.2558139534883721,0.8,
ECB_2022_02,ECB,2022-02-03,-0.068612443204764,neutral,neutral,hold,0.0,hold,0.0,True,True,0.0,0.2558139534883721,0.8,
ECB_2022_03,ECB,2022-03-10,-1.2225071818548952,dovish,dovish,hold,0.0,hold,0.0,False,False,25.0,0.2558139534883721,0.12,
ECB_2022_04,ECB,2022-04-14,-1.2148760330578512,dovish,dovish,hold,0.0,hold,0.0,False,False,25.0,0.2558139534883721,0.12,
ECB_2022_06,ECB,2022-06-09,0.004040404040404,neutral,neutral,hold,0.0,hold,0.0,True,True,0.0,0.2558139534883721,0.8,
ECB_2022_07,ECB,2022-07-21,-1.9064115917351423,dovish,dovish,hold,0.0,hold,0.0,False,False,25.0,0.2558139534883721,0.12,
ECB_2022_09,ECB,2022-09-08,-1.0884374545244755,dovish,dovish,hold,0.0,hold,0.0,False,False,25.0,0.2558139534883721,0.12,
ECB_2022_10,ECB,2022-10-27,-1.2162480578488557,dovish,dovish,hold,0.0,hold,0.0,False,False,25.0,0.2558139534883721,0.12,
ECB_2022_12,ECB,2022-12-15,-1.1454545454545453,dovish,dovish,hold,0.0,hike,50.0,False,False,25.0,0.2558139534883721,0.12,
ECB_2023_02,ECB,2023-02-02,-1.247272727272727,dovish,dovish,hike,50.0,hike,50.0,False,False,75.0,0.2558139534883721,0.12,
ECB_2023_03,ECB,2023-03-16,-1.2575165151252912,dovish,dovish,hike,50.0,hold,0.0,False,False,75.0,0.2558139534883721,0.12,
ECB_2023_05,ECB,2023-05-04,-1.0654545454545452,dovish,dovish,hold,0.0,hold,0.0,False,False,25.0,0.2558139534883721,0.12,
ECB_2023_06,ECB,2023-06-15,-1.359521534113855,dovish,dovish,hold,0.0,hike,25.0,False,False,25.0,0.2558139534883721,0.12,
ECB_2023_07,ECB,2023-07-27,-1.16253261214007,dovish,dovish,hike,25.0,hold,0.0,False,False,50.0,0.2558139534883721,0.12,
ECB_2023_09,ECB,2023-09-14,-1.161616161616161,dovish,dovish,hold,0.0,hold,0.0,False,False,25.0,0.2558139534883721,0.12,
ECB_2023_10,ECB,2023-10-26,-1.2063476894092366,dovish,dovish,hold,0.0,hold,0.0,False,False,25.0,0.2558139534883721,0.12,
ECB_2023_12,ECB,2023-12-14,-1.2727272727272725,dovish,dovish,hold,0.0,hold,0.0,False,False,25.0,0.2558139534883721,0.12,
ECB_2024_01,ECB,2024-01-25,-1.2303030303030302,dovish,dovish,hold,0.0,hold,0.0,False,False,25.0,0.2558139534883721,0.12,
ECB_2024_03,ECB,2024-03-07,-1.012121212121212,dovish,dovish,hold,0.0,hold,0.0,False,False,25.0,0.2558139534883721,0.12,
ECB_2024_04,ECB,2024-04-11,-1.3191461188952394,dovish,dovish,hold,0.0,hold,0.0,False,False,25.0,0.2558139534883721,0.12,
ECB_2024_06,ECB,2024-06-06,-1.2551196212427156,dovish,dovish,hold,0.0,hold,0.0,False,False,25.0,0.2558139534883721,0.12,
ECB_2024_07,ECB,2024-07-18,-1.2463157955004371,dovish,dovish,hold,0.0,hold,0.0,False,False,25.0,0.2558139534883721,0.12,
ECB_2024_09,ECB,2024-09-12,-1.2049586776859502,dovish,dovish,hold,0.0,hold,0.0,False,False,25.0,0.2558139534883721,0.12,
ECB_2024_10,ECB,2024-10-17,-1.1485187140210449,dovish,dovish,hold,0.0,hold,0.0,False,False,25.0,0.2558139534883721,0.12,
ECB_2024_12,ECB,2024-12-12,-1.2917703409549826,dovish,dovish,hold,0.0,hold,0.0,False,False,25.0,0.2558139534883721,0.12,
ECB_2025_01,ECB,2025-01-30,-1.0417115454073425,dovish,dovish,hold,0.0,hold,0.0,False,False,25.0,0.2558139534883721,0.12,
ECB_2025_03,ECB,2025-03-06,-1.0939986363898602,dovish,dovish,hold,0.0,hold,0.0,False,False,25.0,0.2558139534883721,0.12,
ECB_2025_04,ECB,2025-04-17,-1.3231578977502183,dovish,dovish,hold,0.0,hold,0.0,False,False,25.0,0.2558139534883721,0.12,
ECB_2025_06,ECB,2025-06-05,-1.2668771944556625,dovish,dovish,hold,0.0,hold,0.0,False,False,25.0,0.2558139534883721,0.12,
ECB_2025_07,ECB,2025-07-24,-1.1454545454545453,dovish,dovish,hold,0.0,hold,0.0,False,False,25.0,0.2558139534883721,0.12,
ECB_2025_09,ECB,2025-09-11,-1.2215174351042708,dovish,dovish,hold,0.0,hold,0.0,False,False,25.0,0.2558139534883721,0.12,
ECB_2025_10,ECB,2025-10-30,-1.227703352295673,dovish,dovish,hold,0.0,hold,0.0,False,False,25.0,0.2558139534883721,0.12,
ECB_2025_12,ECB,2025-12-18,-1.209090909090909,dovish,dovish,hold,0.0,hold,0.0,False,False,25.0,0.2558139534883721,0.12,
ECB_2026_02,ECB,2026-02-05,-1.170909090909091,dovish,dovish,hold,0.0,hold,0.0,False,False,25.0,0.2558139534883721,0.12,
ECB_2026_03,ECB,2026-03-19,-3.0432058531217248,dovish,strong_dovish,hold,0.0,hold,0.0,False,False,25.0,0.2558139534883721,0.12,
ECB_2026_04,ECB,2026-04-30,-0.8016528925619832,neutral,neutral,hold,0.0,,,True,,0.0,0.2558139534883721,0.8,
FED_2021_01,FED,2021-01-27,0.4569444444444444,neutral,neutral,hold,0.0,hold,0.0,True,True,0.0,0.6136363636363636,0.8,
FED_2021_03,FED,2021-03-17,-0.4375,neutral,neutral,hold,0.0,hold,0.0,True,True,0.0,0.6136363636363636,0.8,
FED_2021_04,FED,2021-04-28,-0.4056818181818182,neutral,neutral,hold,0.0,hold,0.0,True,True,0.0,0.6136363636363636,0.8,
FED_2021_06,FED,2021-06-16,-0.4375,neutral,neutral,hold,0.0,hold,0.0,True,True,0.0,0.6136363636363636,0.8,
FED_2021_07,FED,2021-07-28,0.125,neutral,neutral,hold,0.0,hold,0.0,True,True,0.0,0.6136363636363636,0.8,
FED_2021_09,FED,2021-09-22,-0.9581512338209134,neutral,neutral,hold,0.0,hold,0.0,True,True,0.0,0.6136363636363636,0.8,
FED_2021_11,FED,2021-11-03,0.578409090909091,neutral,neutral,hold,0.0,hold,0.0,True,True,0.0,0.6136363636363636,0.8,
FED_2021_12,FED,2021-12-15,-0.0874999999999999,neutral,neutral,hold,0.0,hold,0.0,True,True,0.0,0.6136363636363636,0.8,
FED_2022_01,FED,2022-01-26,-0.5068421094065506,neutral,neutral,hold,0.0,hold,0.0,True,True,0.0,0.6136363636363636,0.8,
FED_2022_03,FED,2022-03-16,0.5559867965279438,neutral,neutral,hold,0.0,hold,0.0,True,True,0.0,0.6136363636363636,0.8,
FED_2022_05,FED,2022-05-04,2.3625000000000003,hawkish,hawkish,hold,0.0,hold,0.0,False,False,25.0,0.6136363636363636,0.3333333333333333,
FED_2022_06,FED,2022-06-15,2.0471679166426284,hawkish,hawkish,hold,0.0,hold,0.0,False,False,25.0,0.6136363636363636,0.3333333333333333,
FED_2022_07,FED,2022-07-27,0.0628289059344942,neutral,neutral,hold,0.0,hold,0.0,True,True,0.0,0.6136363636363636,0.8,
FED_2022_09,FED,2022-09-21,2.0210714323202126,hawkish,hawkish,hold,0.0,hold,0.0,False,False,25.0,0.6136363636363636,0.3333333333333333,
FED_2022_11,FED,2022-11-02,1.5517857142857143,hawkish,hawkish,hold,0.0,hold,0.0,False,False,25.0,0.6136363636363636,0.3333333333333333,
FED_2022_12,FED,2022-12-14,2.020833333333333,hawkish,hawkish,hold,0.0,hold,0.0,False,False,25.0,0.6136363636363636,0.3333333333333333,
FED_2023_02,FED,2023-02-01,1.2979166666666668,hawkish,hawkish,hold,0.0,hold,0.0,False,False,25.0,0.6136363636363636,0.3333333333333333,
FED_2023_03,FED,2023-03-22,2.518863593423021,hawkish,strong_hawkish,hold,0.0,hold,0.0,False,False,25.0,0.6136363636363636,0.3333333333333333,
FED_2023_05,FED,2023-05-03,2.517788778318947,hawkish,strong_hawkish,hold,0.0,hold,0.0,False,False,25.0,0.6136363636363636,0.3333333333333333,
FED_2023_06,FED,2023-06-14,3.1399437510817347,hawkish,strong_hawkish,hold,0.0,hold,0.0,False,False,25.0,0.6136363636363636,0.3333333333333333,
FED_2023_07,FED,2023-07-26,2.9052632821965183,hawkish,strong_hawkish,hold,0.0,hold,0.0,False,False,25.0,0.6136363636363636,0.3333333333333333,
FED_2023_09,FED,2023-09-20,1.3808008760596509,hawkish,hawkish,hold,0.0,hold,0.0,False,False,25.0,0.6136363636363636,0.3333333333333333,
FED_2023_11,FED,2023-11-01,2.109356683712272,hawkish,hawkish,hold,0.0,hold,0.0,False,False,25.0,0.6136363636363636,0.3333333333333333,
FED_2023_12,FED,2023-12-13,0.8227914066556506,neutral,neutral,hold,0.0,hold,0.0,True,True,0.0,0.6136363636363636,0.8,
FED_2024_01,FED,2024-01-31,-0.3974291815796438,neutral,neutral,hold,0.0,hold,0.0,True,True,0.0,0.6136363636363636,0.8,
FED_2024_03,FED,2024-03-20,-0.8587047159058129,neutral,neutral,hold,0.0,hold,0.0,True,True,0.0,0.6136363636363636,0.8,
FED_2024_05,FED,2024-05-01,-0.8830193914540106,neutral,neutral,hold,0.0,hold,0.0,True,True,0.0,0.6136363636363636,0.8,
FED_2024_06,FED,2024-06-12,-1.1649081426585883,dovish,dovish,hold,0.0,hold,0.0,False,False,25.0,0.6136363636363636,0.12,
FED_2024_07,FED,2024-07-31,-0.2631168270345682,neutral,neutral,hold,0.0,hold,0.0,True,True,0.0,0.6136363636363636,0.8,
FED_2024_09,FED,2024-09-18,-0.8993961730921683,neutral,neutral,hold,0.0,hold,0.0,True,True,0.0,0.6136363636363636,0.8,
FED_2024_11,FED,2024-11-07,-0.7218750000000003,neutral,neutral,hold,0.0,hold,0.0,True,True,0.0,0.6136363636363636,0.8,
FED_2024_12,FED,2024-12-18,-0.7083333333333334,neutral,neutral,hold,0.0,hold,0.0,True,True,0.0,0.6136363636363636,0.8,
FED_2025_01,FED,2025-01-29,-0.5729145644592939,neutral,neutral,hold,0.0,hold,0.0,True,True,0.0,0.6136363636363636,0.8,
FED_2025_03,FED,2025-03-19,-0.113024145533973,neutral,neutral,hold,0.0,hold,0.0,True,True,0.0,0.6136363636363636,0.8,
FED_2025_05,FED,2025-05-07,-0.427995301373102,neutral,neutral,hold,0.0,hold,0.0,True,True,0.0,0.6136363636363636,0.8,
FED_2025_06,FED,2025-06-18,0.395964869465644,neutral,neutral,hold,0.0,hold,0.0,True,True,0.0,0.6136363636363636,0.8,
FED_2025_07,FED,2025-07-30,0.15,neutral,neutral,hold,0.0,hold,0.0,True,True,0.0,0.6136363636363636,0.8,
FED_2025_08,FED,2025-08-22,-0.0017225000917835,neutral,neutral,hold,0.0,hold,0.0,True,True,0.0,0.6136363636363636,0.8,
FED_2025_09,FED,2025-09-17,-1.3256735767735215,dovish,dovish,hold,0.0,hold,0.0,False,False,25.0,0.6136363636363636,0.12,
FED_2025_10,FED,2025-10-29,-1.2870113103409309,dovish,dovish,hold,0.0,hold,0.0,False,False,25.0,0.6136363636363636,0.12,
FED_2025_12,FED,2025-12-10,-1.153737778015585,dovish,dovish,hold,0.0,hold,0.0,False,False,25.0,0.6136363636363636,0.12,
FED_2026_01,FED,2026-01-28,-1.1351316229310753,dovish,dovish,hold,0.0,hold,0.0,False,False,25.0,0.6136363636363636,0.12,
FED_2026_03,FED,2026-03-18,-0.042854765055387,neutral,neutral,hold,0.0,hold,0.0,True,True,0.0,0.6136363636363636,0.8,
FED_2026_04,FED,2026-04-29,-0.157027680140696,neutral,neutral,hold,0.0,,,True,,0.0,0.6136363636363636,0.8,
NORGES_BANK_2021_06_A,NORGES_BANK,2021-06-01,0.0,neutral,neutral,unknown,,unknown,,,,,0.8,0.8,
NORGES_BANK_2021_06_B,NORGES_BANK,2021-06-01,0.0,neutral,neutral,unknown,,unknown,,,,,0.8,0.8,
NORGES_BANK_2021_06_C,NORGES_BANK,2021-06-01,0.0,neutral,neutral,unknown,,hold,0.0,,True,,0.8,0.8,
NORGES_BANK_2021_06_D,NORGES_BANK,2021-06-01,0.0,neutral,neutral,hold,0.0,unknown,,True,,0.0,0.8,0.8,
NORGES_BANK_2022_06_A,NORGES_BANK,2022-06-01,0.0,neutral,neutral,unknown,,unknown,,,,,0.8,0.8,
NORGES_BANK_2022_06_B,NORGES_BANK,2022-06-01,0.0,neutral,neutral,unknown,,unknown,,,,,0.8,0.8,
NORGES_BANK_2022_06_C,NORGES_BANK,2022-06-01,0.0,neutral,neutral,unknown,,hold,0.0,,True,,0.8,0.8,
NORGES_BANK_2022_06_D,NORGES_BANK,2022-06-01,0.0231404958677685,neutral,neutral,hold,0.0,unknown,,True,,0.0,0.8,0.8,
NORGES_BANK_2023_06_A,NORGES_BANK,2023-06-01,0.0,neutral,neutral,unknown,,unknown,,,,,0.8,0.8,
NORGES_BANK_2023_06_B,NORGES_BANK,2023-06-01,0.0,neutral,neutral,unknown,,unknown,,,,,0.8,0.8,
NORGES_BANK_2023_06_C,NORGES_BANK,2023-06-01,0.0,neutral,neutral,unknown,,hike,50.0,,False,,0.8,0.8,
NORGES_BANK_2023_06_D,NORGES_BANK,2023-06-01,0.0,neutral,neutral,hike,50.0,unknown,,False,,50.0,0.8,0.8,
NORGES_BANK_2024_06_D,NORGES_BANK,2024-07-24,0.1692307692307692,neutral,neutral,hold,0.0,unknown,,True,,0.0,0.8,0.8,
NORGES_BANK_2025_06_C,NORGES_BANK,2025-06-01,0.0,neutral,neutral,unknown,,hold,0.0,,True,,0.8,0.8,
NORGES_BANK_2025_06_D,NORGES_BANK,2026-01-29,0.3,neutral,neutral,hold,0.0,unknown,,True,,0.0,0.8,0.8,
RBA_2021_02,RBA,2021-02-02,-0.0375,neutral,neutral,hold,0.0,hold,0.0,True,True,0.0,0.5,0.8,
RBA_2021_03,RBA,2021-03-02,-0.41875,neutral,neutral,hold,0.0,hold,0.0,True,True,0.0,0.5,0.8,
RBA_2021_04,RBA,2021-04-06,0.0,neutral,neutral,hold,0.0,hold,0.0,True,True,0.0,0.5,0.8,
RBA_2021_05,RBA,2021-05-04,0.0,neutral,neutral,hold,0.0,hold,0.0,True,True,0.0,0.5,0.8,
RBA_2021_06,RBA,2021-06-01,0.0,neutral,neutral,hold,0.0,hold,0.0,True,True,0.0,0.5,0.8,
RBA_2021_07,RBA,2021-07-06,0.0,neutral,neutral,hold,0.0,hold,0.0,True,True,0.0,0.5,0.8,
RBA_2021_08,RBA,2021-08-03,-0.4375,neutral,neutral,hold,0.0,hold,0.0,True,True,0.0,0.5,0.8,
RBA_2021_09,RBA,2021-09-07,-0.4725,neutral,neutral,hold,0.0,hold,0.0,True,True,0.0,0.5,0.8,
RBA_2021_10,RBA,2021-10-05,0.4375,neutral,neutral,hold,0.0,hold,0.0,True,True,0.0,0.5,0.8,
RBA_2021_11,RBA,2021-11-02,0.0,neutral,neutral,hold,0.0,hold,0.0,True,True,0.0,0.5,0.8,
RBA_2021_12,RBA,2021-12-07,0.0,neutral,neutral,hold,0.0,hold,0.0,True,True,0.0,0.5,0.8,
RBA_2022_02,RBA,2022-02-01,-0.4596679166426281,neutral,neutral,hold,0.0,hold,0.0,True,True,0.0,0.5,0.8,
RBA_2022_03,RBA,2022-03-01,0.725,neutral,neutral,hold,0.0,hold,0.0,True,True,0.0,0.5,0.8,
RBA_2022_04,RBA,2022-04-05,0.0,neutral,neutral,hold,0.0,hike,25.0,True,False,0.0,0.5,0.8,
RBA_2022_05,RBA,2022-05-03,0.4540414066556504,neutral,neutral,hike,25.0,hike,50.0,False,False,25.0,0.5,0.8,
RBA_2022_06,RBA,2022-06-07,-0.2604458055350961,neutral,neutral,hike,50.0,hike,50.0,False,False,50.0,0.5,0.8,
RBA_2022_07,RBA,2022-07-05,0.0,neutral,neutral,hike,50.0,hike,50.0,False,False,50.0,0.5,0.8,
RBA_2022_08,RBA,2022-08-02,0.1416666666666667,neutral,neutral,hike,50.0,hike,50.0,False,False,50.0,0.5,0.8,
RBA_2022_09,RBA,2022-09-06,-0.7184210940655059,neutral,neutral,hike,50.0,hike,25.0,False,False,50.0,0.5,0.8,
RBA_2022_10,RBA,2022-10-04,0.4540414066556504,neutral,neutral,hike,25.0,hike,25.0,False,False,25.0,0.5,0.8,
RBA_2022_11,RBA,2022-11-01,0.5333333333333334,neutral,neutral,hike,25.0,hike,25.0,False,False,25.0,0.5,0.8,
RBA_2022_12,RBA,2022-12-06,0.1666666666666666,neutral,neutral,hike,25.0,hike,25.0,False,False,25.0,0.5,0.8,
RBA_2023_02,RBA,2023-02-07,0.125,neutral,neutral,hike,25.0,hike,25.0,False,False,25.0,0.5,0.8,
RBA_2023_03,RBA,2023-03-07,3.876221875540868,hawkish,strong_hawkish,hike,25.0,hold,0.0,True,False,0.0,0.5,0.3333333333333333,
RBA_2023_04,RBA,2023-04-04,2.1300000000000003,hawkish,hawkish,hold,0.0,hike,25.0,False,True,25.0,0.5,0.3333333333333333,
RBA_2023_05,RBA,2023-05-02,2.0125,hawkish,hawkish,hike,25.0,hike,25.0,True,True,0.0,0.5,0.3333333333333333,
RBA_2023_06,RBA,2023-06-06,1.2125,hawkish,hawkish,hike,25.0,hold,0.0,True,False,0.0,0.5,0.3333333333333333,
RBA_2023_07,RBA,2023-07-04,3.2387218755408678,hawkish,strong_hawkish,hold,0.0,hold,0.0,False,False,25.0,0.5,0.3333333333333333,
RBA_2023_08,RBA,2023-08-01,2.12717822215998,hawkish,hawkish,hold,0.0,hold,0.0,False,False,25.0,0.5,0.3333333333333333,
RBA_2023_09,RBA,2023-09-05,1.6625000000000003,hawkish,hawkish,hold,0.0,hold,0.0,False,False,25.0,0.5,0.3333333333333333,
RBA_2023_10,RBA,2023-10-03,2.155,hawkish,hawkish,hold,0.0,hike,25.0,False,True,25.0,0.5,0.3333333333333333,
RBA_2023_11,RBA,2023-11-07,2.203571428571429,hawkish,hawkish,hike,25.0,hike,25.0,True,True,0.0,0.5,0.3333333333333333,
RBA_2023_12,RBA,2023-12-05,2.1833333333333336,hawkish,hawkish,hike,25.0,hold,0.0,True,False,0.0,0.5,0.3333333333333333,
RBA_2024_02,RBA,2024-02-06,0.03125,neutral,neutral,hold,0.0,hold,0.0,True,True,0.0,0.5,0.8,
RBA_2024_03,RBA,2024-03-19,1.8000000000000005,hawkish,hawkish,hold,0.0,hold,0.0,False,False,25.0,0.5,0.3333333333333333,
RBA_2024_05,RBA,2024-05-07,0.5750000000000001,neutral,neutral,hold,0.0,hold,0.0,True,True,0.0,0.5,0.8,
RBA_2024_06,RBA,2024-06-18,3.404436146260018,hawkish,strong_hawkish,hold,0.0,hold,0.0,False,False,25.0,0.5,0.3333333333333333,
RBA_2024_08,RBA,2024-08-06,3.5659098757716383,hawkish,strong_hawkish,hold,0.0,hold,0.0,False,False,25.0,0.5,0.3333333333333333,
RBA_2024_09,RBA,2024-09-24,2.4718750000000003,hawkish,hawkish,hold,0.0,hold,0.0,False,False,25.0,0.5,0.3333333333333333,
RBA_2024_11,RBA,2024-11-05,1.8427529515563572,hawkish,hawkish,hold,0.0,hold,0.0,False,False,25.0,0.5,0.3333333333333333,
RBA_2024_12,RBA,2024-12-10,1.2164097768037434,hawkish,hawkish,hold,0.0,cut,-25.0,False,False,25.0,0.5,0.3333333333333333,
RBA_2025_02,RBA,2025-02-18,1.0016308361475514,hawkish,hawkish,cut,-25.0,hold,0.0,False,False,50.0,0.5,0.3333333333333333,
RBA_2025_04,RBA,2025-04-01,-0.2002632034720564,neutral,neutral,hold,0.0,cut,-25.0,True,False,0.0,0.5,0.8,
RBA_2025_05,RBA,2025-05-20,-0.9304736875252404,neutral,neutral,cut,-25.0,hold,0.0,False,True,25.0,0.5,0.8,
RBA_2025_07,RBA,2025-07-08,-0.4625,neutral,neutral,hold,0.0,cut,-25.0,True,False,0.0,0.5,0.8,
RBA_2025_08,RBA,2025-08-12,-0.0369397651459353,neutral,neutral,cut,-25.0,hold,0.0,False,True,25.0,0.5,0.8,
RBA_2025_09,RBA,2025-09-30,-0.4837280729377004,neutral,neutral,hold,0.0,hold,0.0,True,True,0.0,0.5,0.8,
RBA_2025_11,RBA,2025-11-04,-0.475,neutral,neutral,hold,0.0,hold,0.0,True,True,0.0,0.5,0.8,
RBA_2025_12,RBA,2025-12-09,-0.5187674833210577,neutral,neutral,hold,0.0,hike,25.0,True,False,0.0,0.5,0.8,
RBA_2026_02,RBA,2026-02-03,-0.1229003749927884,neutral,neutral,hike,25.0,hike,25.0,False,False,25.0,0.5,0.8,
RBA_2026_03,RBA,2026-03-17,-0.1088658851913054,neutral,neutral,hike,25.0,hike,25.0,False,False,25.0,0.5,0.8,
RBA_2026_05,RBA,2026-05-05,0.1708333333333334,neutral,neutral,hike,25.0,,,False,,25.0,0.5,0.8,
RBNZ_2021_02,RBNZ,2021-02-23,0.0,neutral,neutral,hold,0.0,hold,0.0,True,True,0.0,0.5454545454545454,0.8,
RBNZ_2021_05,RBNZ,2021-05-25,0.0,neutral,neutral,hold,0.0,hold,0.0,True,True,0.0,0.5454545454545454,0.8,
RBNZ_2021_08,RBNZ,2021-08-17,-0.0848484848484848,neutral,neutral,hold,0.0,hike,100.0,True,False,0.0,0.5454545454545454,0.8,
RBNZ_2021_11,RBNZ,2021-11-23,1.8,hawkish,hawkish,hike,100.0,hike,25.0,True,True,75.0,0.5454545454545454,0.3333333333333333,
RBNZ_2022_02,RBNZ,2022-02-22,0.8181818181818186,neutral,neutral,hike,25.0,hold,0.0,False,True,25.0,0.5454545454545454,0.8,
RBNZ_2022_05,RBNZ,2022-05-24,-2.1272727272727274,dovish,dovish,hold,0.0,hold,0.0,False,False,25.0,0.5454545454545454,0.12,
RBNZ_2022_08,RBNZ,2022-08-16,-0.3272727272727268,neutral,neutral,hold,0.0,hike,85.0,True,False,0.0,0.5454545454545454,0.8,
RBNZ_2022_11,RBNZ,2022-11-22,0.0,neutral,neutral,hike,85.0,hike,85.0,False,False,85.0,0.5454545454545454,0.8,
RBNZ_2023_02,RBNZ,2023-02-21,-0.9818181818181818,neutral,neutral,hike,85.0,hike,25.0,False,False,85.0,0.5454545454545454,0.8,
RBNZ_2023_05,RBNZ,2023-05-23,2.7818181818181813,hawkish,strong_hawkish,hike,25.0,hike,25.0,True,True,0.0,0.5454545454545454,0.3333333333333333,
RBNZ_2023_08,RBNZ,2023-08-15,1.963636363636364,hawkish,hawkish,hike,25.0,hike,25.0,True,True,0.0,0.5454545454545454,0.3333333333333333,
RBNZ_2023_11,RBNZ,2023-11-28,1.267970000576926,hawkish,hawkish,hike,25.0,hold,0.0,True,False,0.0,0.5454545454545454,0.3333333333333333,
RBNZ_2024_02,RBNZ,2024-02-27,-2.231751831832688,dovish,dovish,hold,0.0,hike,25.0,False,False,25.0,0.5454545454545454,0.12,
RBNZ_2024_05,RBNZ,2024-05-22,0.3000000000000001,neutral,neutral,hike,25.0,cut,-25.0,False,False,25.0,0.5454545454545454,0.8,
RBNZ_2024_08,RBNZ,2024-08-14,-0.7130824984134558,neutral,neutral,cut,-25.0,hold,0.0,False,True,25.0,0.5454545454545454,0.8,
RBNZ_2024_11,RBNZ,2024-11-27,2.498044999134613,hawkish,hawkish,hold,0.0,hold,0.0,False,False,25.0,0.5454545454545454,0.3333333333333333,
RBNZ_2025_02,RBNZ,2025-02-18,-0.9973206826442336,neutral,neutral,hold,0.0,cut,-25.0,True,False,0.0,0.5454545454545454,0.8,
RBNZ_2025_05,RBNZ,2025-05-27,0.4754065900830391,neutral,neutral,cut,-25.0,cut,-25.0,False,False,25.0,0.5454545454545454,0.8,
RBNZ_2025_08,RBNZ,2025-08-19,-1.1869358177800693,dovish,dovish,cut,-25.0,hold,0.0,True,False,0.0,0.5454545454545454,0.12,
RBNZ_2025_11,RBNZ,2025-11-26,0.3272727272727274,neutral,neutral,hold,0.0,cut,-25.0,True,False,0.0,0.5454545454545454,0.8,
RBNZ_2026_02,RBNZ,2026-02-18,-3.270786251488204,dovish,strong_dovish,cut,-25.0,hike,25.0,True,False,0.0,0.5454545454545454,0.12,
RBNZ_2026_05,RBNZ,2026-05-26,0.4206806095520488,neutral,neutral,hike,25.0,,,False,,25.0,0.5454545454545454,0.8,
RIKSBANK_2021_06_A,RIKSBANK,2021-06-01,0.0,neutral,neutral,hold,0.0,hold,0.0,True,True,0.0,1.0,0.8,
RIKSBANK_2021_06_B,RIKSBANK,2021-06-01,0.0,neutral,neutral,hold,0.0,hold,0.0,True,True,0.0,1.0,0.8,
RIKSBANK_2021_06_C,RIKSBANK,2021-06-01,0.0,neutral,neutral,hold,0.0,hold,0.0,True,True,0.0,1.0,0.8,
RIKSBANK_2021_06_D,RIKSBANK,2021-06-01,0.0,neutral,neutral,hold,0.0,hold,0.0,True,True,0.0,1.0,0.8,
RIKSBANK_2021_06_E,RIKSBANK,2021-06-01,0.0,neutral,neutral,hold,0.0,unknown,,True,,0.0,1.0,0.8,
RIKSBANK_2022_06_A,RIKSBANK,2022-06-01,0.0,neutral,neutral,unknown,,hold,0.0,,True,,1.0,0.8,
RIKSBANK_2022_06_B,RIKSBANK,2022-06-01,0.0,neutral,neutral,hold,0.0,unknown,,True,,0.0,1.0,0.8,
RIKSBANK_2022_06_C,RIKSBANK,2022-06-01,0.0,neutral,neutral,unknown,,unknown,,,,,1.0,0.8,
RIKSBANK_2022_06_D,RIKSBANK,2022-06-01,0.0,neutral,neutral,unknown,,unknown,,,,,1.0,0.8,
RIKSBANK_2022_06_E,RIKSBANK,2022-06-01,0.0,neutral,neutral,unknown,,hold,0.0,,True,,1.0,0.8,
RIKSBANK_2023_06_A,RIKSBANK,2023-06-01,0.0,neutral,neutral,hold,0.0,hold,0.0,True,True,0.0,1.0,0.8,
RIKSBANK_2023_06_B,RIKSBANK,2023-06-01,0.0,neutral,neutral,hold,0.0,hold,0.0,True,True,0.0,1.0,0.8,
RIKSBANK_2023_06_C,RIKSBANK,2023-06-01,0.0,neutral,neutral,hold,0.0,hold,0.0,True,True,0.0,1.0,0.8,
RIKSBANK_2023_06_D,RIKSBANK,2023-06-01,0.0,neutral,neutral,hold,0.0,hold,0.0,True,True,0.0,1.0,0.8,
RIKSBANK_2023_06_E,RIKSBANK,2023-06-01,0.0110671936758893,neutral,neutral,hold,0.0,unknown,,True,,0.0,1.0,0.8,
RIKSBANK_2024_06_A,RIKSBANK,2024-06-01,0.0,neutral,neutral,unknown,,hold,0.0,,True,,1.0,0.8,
RIKSBANK_2024_06_B,RIKSBANK,2024-06-01,0.0,neutral,neutral,hold,0.0,hold,0.0,True,True,0.0,1.0,0.8,
RIKSBANK_2024_06_C,RIKSBANK,2024-06-01,0.0,neutral,neutral,hold,0.0,hold,0.0,True,True,0.0,1.0,0.8,
RIKSBANK_2024_06_D,RIKSBANK,2024-06-01,0.0,neutral,neutral,hold,0.0,hold,0.0,True,True,0.0,1.0,0.8,
RIKSBANK_2024_06_E,RIKSBANK,2024-06-01,0.0,neutral,neutral,hold,0.0,unknown,,True,,0.0,1.0,0.8,
RIKSBANK_2024_06_F,RIKSBANK,2024-06-01,0.0,neutral,neutral,unknown,,hold,0.0,,True,,1.0,0.8,
RIKSBANK_2024_06_G,RIKSBANK,2024-06-01,0.0,neutral,neutral,hold,0.0,hold,0.0,True,True,0.0,1.0,0.8,
RIKSBANK_2024_06_H,RIKSBANK,2024-06-01,0.0199134199134199,neutral,neutral,hold,0.0,unknown,,True,,0.0,1.0,0.8,
RIKSBANK_2025_06_C,RIKSBANK,2025-06-01,0.0,neutral,neutral,unknown,,unknown,,,,,1.0,0.8,
RIKSBANK_2025_06_H,RIKSBANK,2025-06-01,0.4221337162435032,neutral,neutral,hold,0.0,unknown,,True,,0.0,1.0,0.8,
RIKSBANK_2026_06,RIKSBANK,2026-06-01,0.0,neutral,neutral,unknown,,,,,,,1.0,0.8,
SNB_2021_03,SNB,2021-04-15,0.0,neutral,neutral,unknown,,unknown,,,,,1.0,0.8,
SNB_2021_06,SNB,2021-06-17,0.0,neutral,neutral,unknown,,unknown,,,,,1.0,0.8,
SNB_2021_09,SNB,2021-09-23,0.0,neutral,neutral,unknown,,unknown,,,,,1.0,0.8,
SNB_2021_12,SNB,2021-12-16,0.0,neutral,neutral,unknown,,unknown,,,,,1.0,0.8,
SNB_2022_03,SNB,2022-03-29,0.3499999999999999,neutral,neutral,unknown,,unknown,,,,,1.0,0.8,
SNB_2022_06,SNB,2022-06-16,0.0,neutral,neutral,unknown,,unknown,,,,,1.0,0.8,
SNB_2022_09,SNB,2022-09-22,0.0,neutral,neutral,unknown,,unknown,,,,,1.0,0.8,
SNB_2022_12,SNB,2022-12-15,0.0,neutral,neutral,unknown,,unknown,,,,,1.0,0.8,
SNB_2023_03,SNB,2023-03-23,0.0,neutral,neutral,unknown,,unknown,,,,,1.0,0.8,
SNB_2023_06,SNB,2023-06-22,0.0,neutral,neutral,unknown,,unknown,,,,,1.0,0.8,
SNB_2023_09,SNB,2023-09-21,0.0,neutral,neutral,unknown,,unknown,,,,,1.0,0.8,
SNB_2023_12,SNB,2023-12-14,0.0,neutral,neutral,unknown,,unknown,,,,,1.0,0.8,
SNB_2024_03,SNB,2024-03-21,0.0,neutral,neutral,unknown,,unknown,,,,,1.0,0.8,
SNB_2024_06,SNB,2024-06-20,0.0,neutral,neutral,unknown,,unknown,,,,,1.0,0.8,
SNB_2024_09,SNB,2024-09-26,0.0,neutral,neutral,unknown,,unknown,,,,,1.0,0.8,
SNB_2024_12,SNB,2024-12-12,0.0,neutral,neutral,unknown,,unknown,,,,,1.0,0.8,
SNB_2025_03,SNB,2025-03-20,0.0,neutral,neutral,unknown,,unknown,,,,,1.0,0.8,
SNB_2025_06,SNB,2025-06-19,0.0,neutral,neutral,unknown,,hold,0.0,,True,,1.0,0.8,
SNB_2025_09,SNB,2025-09-25,-0.1076923076923076,neutral,neutral,hold,0.0,unknown,,True,,0.0,1.0,0.8,
SNB_2025_12,SNB,2025-12-11,-1.3999999999999997,dovish,dovish,unknown,,unknown,,,,,1.0,0.12,
