meeting_id,bank,meeting_date,year,month,anchor_doc_id,anchor_title,anchor_text_file,next_meeting_date,meeting_window_start,meeting_window_end
FED_2021_01,FED,2021-01-27,2021,1,FED_DOC_B9CDE799F003,FOMC statement,data\FED\Monetary Policy\2021-01-27 - FOMC statement.txt,2021-03-17,2021-01-27,2021-03-16
FED_2021_03,FED,2021-03-17,2021,3,FED_DOC_F1DF90B22339,FOMC statement,data\FED\Monetary Policy\2021-03-17 - FOMC statement.txt,2021-04-28,2021-03-17,2021-04-27
FED_2021_04,FED,2021-04-28,2021,4,FED_DOC_B766A2A61F74,FOMC statement,data\FED\Monetary Policy\2021-04-28 - FOMC statement.txt,2021-06-16,2021-04-28,2021-06-15
FED_2021_06,FED,2021-06-16,2021,6,FED_DOC_AF698697F313,FOMC statement,data\FED\Monetary Policy\2021-06-16 - FOMC statement.txt,2021-07-28,2021-06-16,2021-07-27
FED_2021_07,FED,2021-07-28,2021,7,FED_DOC_F83A81E665B0,FOMC statement,data\FED\Monetary Policy\2021-07-28 - FOMC statement.txt,2021-09-22,2021-07-28,2021-09-21
FED_2021_09,FED,2021-09-22,2021,9,FED_DOC_EBC59530A876,FOMC statement,data\FED\Monetary Policy\2021-09-22 - FOMC statement.txt,2021-11-03,2021-09-22,2021-11-02
FED_2021_11,FED,2021-11-03,2021,11,FED_DOC_A25BBF08463A,FOMC statement,data\FED\Monetary Policy\2021-11-03 - FOMC statement.txt,2021-12-15,2021-11-03,2021-12-14
FED_2021_12,FED,2021-12-15,2021,12,FED_DOC_D4AC23A3E0CB,FOMC statement,data\FED\Monetary Policy\2021-12-15 - FOMC statement.txt,2022-01-26,2021-12-15,2022-01-25
FED_2022_01,FED,2022-01-26,2022,1,FED_DOC_6EA63600B6E6,FOMC statement,data\FED\Monetary Policy\2022-01-26 - FOMC statement.txt,2022-03-16,2022-01-26,2022-03-15
FED_2022_03,FED,2022-03-16,2022,3,FED_DOC_1B8FFEA724BB,FOMC statement,data\FED\Monetary Policy\2022-03-16 - FOMC statement.txt,2022-05-04,2022-03-16,2022-05-03
FED_2022_05,FED,2022-05-04,2022,5,FED_DOC_01ECCF02DE6D,FOMC statement,data\FED\Monetary Policy\2022-05-04 - FOMC statement.txt,2022-06-15,2022-05-04,2022-06-14
FED_2022_06,FED,2022-06-15,2022,6,FED_DOC_A83DEA2795D6,FOMC statement,data\FED\Monetary Policy\2022-06-15 - FOMC statement.txt,2022-07-27,2022-06-15,2022-07-26
FED_2022_07,FED,2022-07-27,2022,7,FED_DOC_9F659D82DDEA,FOMC statement,data\FED\Monetary Policy\2022-07-27 - FOMC statement.txt,2022-09-21,2022-07-27,2022-09-20
FED_2022_09,FED,2022-09-21,2022,9,FED_DOC_82596B8FA70D,FOMC statement,data\FED\Monetary Policy\2022-09-21 - FOMC statement.txt,2022-11-02,2022-09-21,2022-11-01
FED_2022_11,FED,2022-11-02,2022,11,FED_DOC_6B14C0BC340D,FOMC statement,data\FED\Monetary Policy\2022-11-02 - FOMC statement.txt,2022-12-14,2022-11-02,2022-12-13
FED_2022_12,FED,2022-12-14,2022,12,FED_DOC_7BD25D9C17C3,FOMC statement,data\FED\Monetary Policy\2022-12-14 - FOMC statement.txt,2023-02-01,2022-12-14,2023-01-31
FED_2023_02,FED,2023-02-01,2023,2,FED_DOC_784A66EE64F2,FOMC statement,data\FED\Monetary Policy\2023-02-01 - FOMC statement.txt,2023-03-22,2023-02-01,2023-03-21
FED_2023_03,FED,2023-03-22,2023,3,FED_DOC_D81BFDDEA9D8,FOMC statement,data\FED\Monetary Policy\2023-03-22 - FOMC statement.txt,2023-05-03,2023-03-22,2023-05-02
FED_2023_05,FED,2023-05-03,2023,5,FED_DOC_2E9009700367,FOMC statement,data\FED\Monetary Policy\2023-05-03 - FOMC statement.txt,2023-06-14,2023-05-03,2023-06-13
FED_2023_06,FED,2023-06-14,2023,6,FED_DOC_EA9560B7BFC9,FOMC statement,data\FED\Monetary Policy\2023-06-14 - FOMC statement.txt,2023-07-26,2023-06-14,2023-07-25
FED_2023_07,FED,2023-07-26,2023,7,FED_DOC_E349351C7759,FOMC statement,data\FED\Monetary Policy\2023-07-26 - FOMC statement.txt,2023-09-20,2023-07-26,2023-09-19
FED_2023_09,FED,2023-09-20,2023,9,FED_DOC_C69BB7C267D9,FOMC statement,data\FED\Monetary Policy\2023-09-20 - FOMC statement.txt,2023-11-01,2023-09-20,2023-10-31
FED_2023_11,FED,2023-11-01,2023,11,FED_DOC_3B969F5D300E,FOMC statement,data\FED\Monetary Policy\2023-11-01 - FOMC statement.txt,2023-12-13,2023-11-01,2023-12-12
FED_2023_12,FED,2023-12-13,2023,12,FED_DOC_743F335632F6,FOMC statement,data\FED\Monetary Policy\2023-12-13 - FOMC statement.txt,2024-01-31,2023-12-13,2024-01-30
FED_2024_01,FED,2024-01-31,2024,1,FED_DOC_E21671C4A927,FOMC statement,data\FED\Monetary Policy\2024-01-31 - FOMC statement.txt,2024-03-20,2024-01-31,2024-03-19
FED_2024_03,FED,2024-03-20,2024,3,FED_DOC_DB28C3494C07,FOMC statement,data\FED\Monetary Policy\2024-03-20 - FOMC statement.txt,2024-05-01,2024-03-20,2024-04-30
FED_2024_05,FED,2024-05-01,2024,5,FED_DOC_9188E02FEF08,FOMC statement,data\FED\Monetary Policy\2024-05-01 - FOMC statement.txt,2024-06-12,2024-05-01,2024-06-11
FED_2024_06,FED,2024-06-12,2024,6,FED_DOC_E90F0043310A,FOMC statement,data\FED\Monetary Policy\2024-06-12 - FOMC statement.txt,2024-07-31,2024-06-12,2024-07-30
FED_2024_07,FED,2024-07-31,2024,7,FED_DOC_C7105885CC22,FOMC statement,data\FED\Monetary Policy\2024-07-31 - FOMC statement.txt,2024-09-18,2024-07-31,2024-09-17
FED_2024_09,FED,2024-09-18,2024,9,FED_DOC_0C106841044E,FOMC statement,data\FED\Monetary Policy\2024-09-18 - FOMC statement.txt,2024-11-07,2024-09-18,2024-11-06
FED_2024_11,FED,2024-11-07,2024,11,FED_DOC_59B1C262576E,FOMC statement,data\FED\Monetary Policy\2024-11-07 - FOMC statement.txt,2024-12-18,2024-11-07,2024-12-17
FED_2024_12,FED,2024-12-18,2024,12,FED_DOC_86EB3874CE5B,FOMC statement,data\FED\Monetary Policy\2024-12-18 - FOMC statement.txt,2025-01-29,2024-12-18,2025-01-28
FED_2025_01,FED,2025-01-29,2025,1,FED_DOC_DE851CC96915,FOMC statement,data\FED\Monetary Policy\2025-01-29 - FOMC statement.txt,2025-03-19,2025-01-29,2025-03-18
FED_2025_03,FED,2025-03-19,2025,3,FED_DOC_B6AE96406438,FOMC statement,data\FED\Monetary Policy\2025-03-19 - FOMC statement.txt,2025-05-07,2025-03-19,2025-05-06
FED_2025_05,FED,2025-05-07,2025,5,FED_DOC_46531E694893,FOMC statement,data\FED\Monetary Policy\2025-05-07 - FOMC statement.txt,2025-06-18,2025-05-07,2025-06-17
FED_2025_06,FED,2025-06-18,2025,6,FED_DOC_9DAEA125EB24,FOMC statement,data\FED\Monetary Policy\2025-06-18 - FOMC statement.txt,2025-07-30,2025-06-18,2025-07-29
FED_2025_07,FED,2025-07-30,2025,7,FED_DOC_071349E655F3,FOMC statement,data\FED\Monetary Policy\2025-07-30 - FOMC statement.txt,2025-09-17,2025-07-30,2025-09-16
FED_2025_09,FED,2025-09-17,2025,9,FED_DOC_4B2F70170969,FOMC statement,data\FED\Monetary Policy\2025-09-17 - FOMC statement.txt,2025-10-29,2025-09-17,2025-10-28
FED_2025_10,FED,2025-10-29,2025,10,FED_DOC_6B553EBA9B62,FOMC statement,data\FED\Monetary Policy\2025-10-29 - FOMC statement.txt,2025-12-10,2025-10-29,2025-12-09
FED_2025_12,FED,2025-12-10,2025,12,FED_DOC_D3F6FC67E443,FOMC statement,data\FED\Monetary Policy\2025-12-10 - FOMC statement.txt,2026-01-28,2025-12-10,2026-01-27
FED_2026_01,FED,2026-01-28,2026,1,FED_DOC_C110B384B484,FOMC statement,data\FED\Monetary Policy\2026-01-28 - FOMC statement.txt,2026-03-18,2026-01-28,2026-03-17
FED_2026_03,FED,2026-03-18,2026,3,FED_DOC_AA84114F7571,FOMC statement,data\FED\Monetary Policy\2026-03-18 - FOMC statement.txt,2026-04-29,2026-03-18,2026-04-28
FED_2026_04,FED,2026-04-29,2026,4,FED_DOC_483ADFC55AB2,FOMC statement,data\FED\Monetary Policy\2026-04-29 - FOMC statement.txt,,2026-04-29,2026-06-13
