bank,date_au,committee_score,committee_lean,number_of_speakers,number_of_documents,average_document_score
BOC,2024-05-30,0.0,neutral,1,1,0.0
BOC,2024-06-05,0.0,neutral,1,1,0.0
BOC,2024-06-07,0.0,neutral,1,1,-2.2189475010096187
BOC,2024-06-13,0.0,neutral,2,1,0.0
BOC,2024-06-24,0.0,neutral,3,1,0.0
BOC,2024-09-04,0.0,neutral,3,1,0.0
BOC,2024-09-10,0.0,neutral,3,1,0.0
BOC,2024-09-19,0.0,neutral,4,1,0.0
BOC,2024-09-20,0.0,neutral,4,1,0.0
BOC,2024-10-23,0.0,neutral,4,1,-1.4
BOC,2024-11-06,0.0,neutral,5,1,0.0
BOC,2024-11-26,0.0,neutral,6,1,0.0
BOC,2024-12-11,0.0,neutral,6,1,0.0
BOC,2024-12-16,0.0,neutral,6,1,0.0
BOC,2025-01-16,0.0,neutral,7,1,0.0
BOC,2025-01-29,0.0,neutral,7,1,-1.4
BOC,2025-02-21,0.0,neutral,7,1,0.0
BOC,2025-03-12,0.0,neutral,7,1,0.0
BOC,2025-03-20,0.0,neutral,7,1,0.0
BOC,2025-04-16,0.0,neutral,7,1,0.0
BOC,2025-06-04,0.0,neutral,7,1,0.0
BOC,2025-06-05,0.0,neutral,7,1,0.0
BOC,2025-06-18,0.0,neutral,7,1,0.0
BOC,2025-07-30,0.0,neutral,7,1,0.0
BOC,2025-08-26,0.0,neutral,7,1,0.0
BOC,2025-09-17,0.0,neutral,7,1,0.0
BOC,2025-09-23,0.0,neutral,7,1,0.0
BOC,2025-10-02,0.0,neutral,7,1,0.0
BOC,2025-10-09,0.0,neutral,7,1,0.0
BOC,2025-10-29,0.0,neutral,7,1,0.0
BOC,2025-11-19,0.0,neutral,7,1,0.0
BOC,2025-12-10,0.0,neutral,7,2,0.0
BOC,2025-12-16,0.0,neutral,7,1,0.0
BOC,2026-01-28,0.0,neutral,7,2,0.0
BOC,2026-02-05,0.0,neutral,7,1,0.0
BOC,2026-03-02,0.0,neutral,7,1,0.0
BOC,2026-03-18,0.0,neutral,7,2,0.0
BOC,2026-03-26,0.0,neutral,7,1,0.0
BOC,2026-04-29,0.0,neutral,7,3,0.0
BOC,2026-05-13,0.0,neutral,8,1,0.0
BOC,2026-05-26,0.0,neutral,8,1,0.0
BOC,2026-06-01,0.0,neutral,8,1,0.0
BOE,2021-06-01,0.17064088539735,neutral,28,73,-0.01835410962855651
BOE,2022-06-01,0.2701202304528356,neutral,42,72,0.3473140615002518
BOE,2023-06-01,0.16194448111121185,neutral,53,70,0.7544253572046706
BOE,2024-06-01,0.16114121407258508,neutral,58,60,0.20985176118179513
BOE,2025-06-01,0.041020627280131707,neutral,65,83,-0.04073086354821835
BOE,2026-06-01,0.0981002499951923,neutral,65,31,0.18819306452543427
BOJ,2021-02-03,1.4,leaning hawkish,1,1,1.4
BOJ,2021-02-15,0.29052624949519057,neutral,2,1,-0.8189475010096188
BOJ,2021-03-08,0.19368416633012706,neutral,3,1,0.0
BOJ,2021-03-12,0.24526312474759537,neutral,4,1,0.40000000000000036
BOJ,2021-03-16,0.1962104997980763,neutral,5,1,0.0
BOJ,2021-03-25,0.1962104997980763,neutral,5,1,0.0
BOJ,2021-03-26,0.16350874983173025,neutral,6,1,0.0
BOJ,2021-03-30,0.16350874983173025,neutral,6,1,0.0
BOJ,2021-05-19,0.2218420831650636,neutral,6,1,1.4
BOJ,2021-05-24,0.2101754164983969,neutral,6,1,0.0
BOJ,2021-05-26,0.38015035699862587,neutral,7,1,1.4
BOJ,2021-06-02,0.33263156237379765,neutral,8,1,0.0
BOJ,2021-06-08,0.29567249988782013,neutral,9,1,0.0
BOJ,2021-07-21,0.29567249988782013,neutral,9,1,0.0
BOJ,2021-07-27,0.31641324062856085,neutral,9,1,0.0
BOJ,2021-08-31,0.4074074074074074,neutral,9,1,0.0
BOJ,2021-09-01,0.42962962962962964,neutral,9,1,1.6
BOJ,2021-09-09,-0.016920092704772374,neutral,9,1,-3.618947501009618
BOJ,2021-09-27,0.009005833221153559,neutral,9,1,1.4
BOJ,2021-10-05,-0.016920092704772374,neutral,9,1,0.0
BOJ,2021-10-06,-0.02988305566773534,neutral,9,1,0.0
BOJ,2021-10-15,-0.02988305566773534,neutral,9,1,0.0
BOJ,2021-10-21,-0.026894750100961807,neutral,10,1,0.0
BOJ,2021-11-15,0.05437273322009588,neutral,10,1,3.250699332842307
BOJ,2021-11-29,0.031119236555884333,neutral,10,1,0.0
BOJ,2021-12-01,0.17111923655588432,neutral,10,1,1.4
BOJ,2021-12-02,0.39301398665684617,neutral,10,1,3.618947501009618
BOJ,2021-12-08,0.5330139866568462,neutral,10,1,1.4
BOJ,2021-12-23,0.5175116555473718,neutral,10,1,0.0
BOJ,2022-02-03,0.5556169054464097,neutral,10,1,1.9810524989903806
BOJ,2022-02-16,0.5556169054464097,neutral,10,1,0.0
BOJ,2022-03-07,0.5051062776785543,neutral,11,1,0.0
BOJ,2022-03-29,0.5800956817263982,neutral,11,2,1.5
BOJ,2022-03-31,0.9090909090909091,neutral,11,1,0.0
BOJ,2022-04-13,1.2545454545454542,leaning hawkish,11,2,1.9
BOJ,2022-04-23,1.3909090909090907,leaning hawkish,11,1,3.0
BOJ,2022-05-13,1.3878787878787877,leaning hawkish,11,1,1.4
BOJ,2022-05-25,1.3545454545454545,leaning hawkish,11,1,0.0
BOJ,2022-06-01,0.9727272727272727,neutral,11,1,-2.2189475010096187
BOJ,2022-06-06,0.978181818181818,neutral,11,1,1.4
BOJ,2022-06-09,0.978181818181818,neutral,11,1,1.4
BOJ,2022-07-28,0.7054545454545453,neutral,11,1,0.0
BOJ,2022-08-31,0.8327272727272724,neutral,11,1,1.4
BOJ,2022-09-05,1.0509090909090908,leaning hawkish,11,1,2.4
BOJ,2022-09-26,0.8181818181818182,neutral,11,1,-1.4
BOJ,2022-10-26,0.48918659081730737,neutral,11,1,-2.2189475010096187
BOJ,2022-11-14,0.5900478408631992,neutral,11,1,0.8189475010096188
BOJ,2022-11-15,0.5988516666054776,neutral,11,1,0.0
BOJ,2022-11-24,0.5988516666054776,neutral,11,1,0.0
BOJ,2022-11-27,0.5988516666054776,neutral,11,1,0.0
BOJ,2022-12-02,1.0505263194724892,leaning hawkish,12,1,6.0189475010096185
BOJ,2022-12-08,0.7338596528058225,neutral,12,1,0.0
BOJ,2022-12-14,0.617192986139156,neutral,12,1,0.0
BOJ,2022-12-22,0.8021052778899577,neutral,12,1,0.0
BOJ,2022-12-26,0.8409941667788464,neutral,12,1,0.0
BOJ,2023-02-02,0.8409941667788464,neutral,12,1,0.0
BOJ,2023-02-17,0.8409941667788464,neutral,12,2,0.0
BOJ,2023-02-28,0.8409941667788464,neutral,12,1,0.0
BOJ,2023-03-01,0.6686100001035507,neutral,13,1,-1.4
BOJ,2023-03-06,0.48399461548816597,neutral,13,1,0.0
BOJ,2023-03-08,0.34942357152472553,neutral,14,1,-1.4
BOJ,2023-03-28,0.329924821500687,neutral,14,1,0.0
BOJ,2023-05-19,0.30792983340064123,neutral,15,1,0.0
BOJ,2023-05-31,0.30792983340064123,neutral,15,1,0.0
BOJ,2023-06-27,0.49297938239513467,neutral,15,1,0.5567957339077836
BOJ,2023-06-29,0.49297938239513467,neutral,15,1,0.0
BOJ,2023-08-02,0.2762660935389809,neutral,15,1,-3.250699332842307
BOJ,2023-08-28,0.2762660935389809,neutral,15,1,0.0
BOJ,2023-09-05,0.22166959347167298,neutral,15,1,-2.2189475010096187
BOJ,2023-09-06,0.381669593471673,neutral,15,1,2.4
BOJ,2023-09-11,0.47500292680500633,neutral,15,1,0.0
BOJ,2023-09-12,0.327073093404365,neutral,15,1,-2.2189475010096187
BOJ,2023-09-25,0.327073093404365,neutral,15,1,0.0
BOJ,2023-09-30,0.327073093404365,neutral,15,1,0.0
BOJ,2023-10-19,0.4470730934043651,neutral,15,1,1.8
BOJ,2023-11-06,0.4237397600710317,neutral,15,1,-1.4
BOJ,2023-12-06,0.18745629169735573,neutral,16,2,-1.4
BOJ,2023-12-07,0.03745629169735576,neutral,16,1,0.0
BOJ,2023-12-25,0.05933129169735579,neutral,16,1,1.4
BOJ,2024-02-08,0.35,neutral,16,1,1.4
BOJ,2024-03-05,0.39374999999999993,neutral,16,1,0.0
BOJ,2024-03-06,0.3791666666666666,neutral,16,2,0.0
BOJ,2024-03-12,0.5178508854797678,neutral,16,1,0.0
BOJ,2024-04-03,0.6565351042928689,neutral,16,1,0.0
BOJ,2024-04-18,0.6179153922756414,neutral,17,2,0.0
BOJ,2024-04-23,0.5120330393344649,neutral,17,1,0.0
BOJ,2024-05-02,0.484582058942308,neutral,17,1,0.0
BOJ,2024-05-08,0.4639938236481904,neutral,17,1,-1.4
BOJ,2024-05-27,0.38575852953054335,neutral,17,2,0.0
BOJ,2024-06-05,0.3192704771257995,neutral,17,1,-3.9302968908806455
BOJ,2024-06-14,0.3192704771257995,neutral,17,1,0.0
BOJ,2024-07-03,0.3151528300669759,neutral,17,1,0.0
BOJ,2024-07-31,0.3151528300669759,neutral,17,1,0.0
BOJ,2024-08-07,0.29106613886081073,neutral,17,1,-0.8189475010096188
BOJ,2024-08-28,0.3734190800372813,neutral,17,1,1.4
BOJ,2024-09-10,0.45577202121375193,neutral,17,1,1.4
BOJ,2024-09-18,0.37341908003728136,neutral,17,1,-1.4
BOJ,2024-09-19,0.37341908003728136,neutral,17,1,0.0
BOJ,2024-09-24,0.36992062412523374,neutral,17,1,-0.8189475010096188
BOJ,2024-10-11,0.2875676829487631,neutral,17,1,-1.4
BOJ,2024-10-23,0.5187616177064482,neutral,17,1,0.0
BOJ,2024-11-14,0.5428483089126134,neutral,17,1,0.0
BOJ,2024-11-18,0.5016718383243781,neutral,17,1,-1.4
BOJ,2024-11-21,0.5234262255891783,neutral,17,1,0.0
BOJ,2024-12-12,0.5234262255891783,neutral,17,1,0.0
BOJ,2024-12-13,0.5343034192215784,neutral,17,1,0.0
BOJ,2024-12-19,0.5343034192215784,neutral,17,2,2.2264662506490405
BOJ,2024-12-25,0.546346764824661,neutral,17,1,0.0
BOJ,2025-01-14,0.3816408824717198,neutral,17,1,-1.4
BOJ,2025-01-24,0.3816408824717198,neutral,17,1,0.0
BOJ,2025-02-06,0.3816408824717198,neutral,17,1,0.0
BOJ,2025-02-19,0.4757585295305433,neutral,17,1,3.0
BOJ,2025-02-21,0.5169350001187787,neutral,17,1,0.0
BOJ,2025-03-05,0.5375232354128963,neutral,17,2,0.0
BOJ,2025-04-17,0.7022291177658374,neutral,17,1,1.4
BOJ,2025-05-16,0.6198761765893669,neutral,17,1,-1.4
BOJ,2025-05-22,0.5375232354128963,neutral,17,1,-2.8
BOJ,2025-05-27,0.496346764824661,neutral,17,1,-1.4
BOJ,2025-06-03,0.45517029423642574,neutral,17,1,-1.4
BOJ,2025-06-07,0.45517029423642574,neutral,17,1,0.0
BOJ,2025-06-13,0.4298830556677353,neutral,18,1,0.0
BOJ,2025-06-17,0.4298830556677353,neutral,18,1,0.0
BOJ,2025-06-25,0.4298830556677353,neutral,18,1,0.0
BOJ,2025-07-03,0.2632163890010687,neutral,18,1,0.0
BOJ,2025-07-23,0.2015789584174682,neutral,18,1,-2.2189475010096187
BOJ,2025-08-24,0.2275048843433941,neutral,18,1,0.0
BOJ,2025-08-28,0.14972710656561636,neutral,18,1,0.0
BOJ,2025-09-02,0.033060439898949724,neutral,18,1,-2.8
BOJ,2025-09-19,0.033060439898949724,neutral,18,1,0.0
BOJ,2025-09-29,-0.012436643490473564,neutral,18,1,-3.618947501009618
BOJ,2025-10-03,-0.02222222222222224,neutral,18,1,-2.2189475010096187
BOJ,2025-10-16,-0.20281662960235033,neutral,18,1,-3.250699332842307
BOJ,2025-10-20,-0.12503885182457264,neutral,18,1,1.4
BOJ,2025-10-21,-0.04726107404679484,neutral,18,1,0.0
BOJ,2025-11-10,-0.04726107404679484,neutral,18,1,0.0
BOJ,2025-11-20,-0.11845785962327934,neutral,19,1,-1.4
BOJ,2025-11-27,-0.023222399070394653,neutral,19,1,0.0
BOJ,2025-12-01,-0.06006450433355251,neutral,19,1,-1.4
BOJ,2025-12-19,-0.06006450433355251,neutral,19,2,0.0
BOJ,2025-12-25,-0.052880754324696216,neutral,19,1,-1.4
BOJ,2026-01-23,-0.052880754324696216,neutral,19,1,0.0
BOJ,2026-02-06,-0.05023671660846141,neutral,20,1,0.0
BOJ,2026-02-13,-0.04784449200805848,neutral,21,1,0.0
BOJ,2026-02-17,-0.04784449200805848,neutral,21,1,0.0
BOJ,2026-02-26,-0.11451115867472517,neutral,21,1,0.0
BOJ,2026-03-02,0.12906431522145484,neutral,21,1,3.7150849518197795
BOJ,2026-03-03,0.17539681523748052,neutral,21,1,0.0
BOJ,2026-03-19,0.17539681523748052,neutral,21,1,0.0
BOJ,2026-04-28,0.17539681523748052,neutral,21,1,0.0
BOJ,2026-05-14,0.16742423272668594,neutral,22,1,0.0
BOJ,2026-05-15,0.16742423272668594,neutral,22,1,0.0
BOJ,2026-05-16,0.08299048382169096,neutral,22,1,0.0
BOJ,2026-05-21,0.1466268474580546,neutral,22,1,0.0
BOJ,2026-05-27,0.1784450292762364,neutral,22,1,0.0
ECB,2021-01-21,-1.4,leaning dovish,1,2,-0.7
ECB,2021-01-25,-0.7,neutral,2,1,0.0
ECB,2021-01-28,-0.4666666666666666,neutral,3,1,0.0
ECB,2021-02-08,0.0,neutral,4,1,1.4
ECB,2021-02-22,0.0,neutral,5,1,0.0
ECB,2021-02-25,-0.2333333333333333,neutral,6,1,-1.4
ECB,2021-02-26,-0.19999999999999998,neutral,7,1,0.0
ECB,2021-03-01,-0.19999999999999998,neutral,7,1,0.0
ECB,2021-03-02,-0.2523684376262023,neutral,8,1,-0.6189475010096186
ECB,2021-03-03,-0.22432750011217983,neutral,9,1,0.0
ECB,2021-03-11,-0.12432750011217984,neutral,9,2,0.20000000000000007
ECB,2021-03-18,-0.2798830556677354,neutral,9,1,-1.4
ECB,2021-03-25,-0.39189475010096186,neutral,10,1,-1.4
ECB,2021-03-27,-0.35626795463723804,neutral,11,1,0.0
ECB,2021-04-08,-0.44324562508413484,neutral,12,1,-1.4
ECB,2021-04-14,-0.5168421154622783,neutral,13,1,-1.4
ECB,2021-04-22,-0.4399190385392014,neutral,13,2,0.30000000000000004
ECB,2021-04-26,-0.40849625007211554,neutral,14,1,0.0
ECB,2021-04-29,-0.38126316673397453,neutral,15,1,0.0
ECB,2021-05-06,-0.3574342188131011,neutral,16,1,0.0
ECB,2021-05-19,-0.3364086765299775,neutral,17,1,0.0
ECB,2021-05-27,-0.29523220594174227,neutral,17,1,0.0
ECB,2021-06-02,-0.29523220594174227,neutral,17,1,0.0
ECB,2021-06-03,-0.2788304167227566,neutral,18,1,0.0
ECB,2021-06-10,-0.24549708338942328,neutral,18,2,0.8
ECB,2021-06-14,-0.23257618426366414,neutral,19,1,0.0
ECB,2021-06-15,-0.22094737505048095,neutral,20,1,0.0
ECB,2021-06-16,-0.21042607147664852,neutral,21,1,0.0
ECB,2021-06-21,-0.14375940480998184,neutral,21,1,1.4
ECB,2021-06-29,-0.14375940480998184,neutral,21,1,0.0
ECB,2021-07-03,-0.058045119095696096,neutral,21,1,1.8
ECB,2021-07-11,-0.055406704591346286,neutral,22,1,0.0
ECB,2021-07-14,-0.09631579550043722,neutral,22,1,0.0
ECB,2021-07-22,-0.10995215913680084,neutral,22,2,0.0
ECB,2021-08-24,-0.12358852277316447,neutral,22,1,0.0
ECB,2021-09-09,-0.21038278415974673,neutral,22,2,-1.1094737505048093
ECB,2021-09-13,-0.20123570658758383,neutral,23,1,0.0
ECB,2021-09-15,-0.20775744571801863,neutral,23,1,0.0
ECB,2021-09-20,-0.19910088547976781,neutral,24,1,0.0
ECB,2021-09-23,-0.19113685006057712,neutral,25,1,0.0
ECB,2021-09-24,-0.18378543275055495,neutral,26,1,0.0
ECB,2021-09-28,-0.18378543275055495,neutral,26,1,0.0
ECB,2021-09-30,-0.1299392789044011,neutral,26,1,1.4
ECB,2021-10-01,-0.12512671301905287,neutral,27,1,0.0
ECB,2021-10-05,-0.12512671301905287,neutral,27,1,0.0
ECB,2021-10-07,-0.120657901839801,neutral,28,1,0.0
ECB,2021-10-08,-0.11649728453498029,neutral,29,1,0.0
ECB,2021-10-11,-0.1126140417171476,neutral,30,1,0.0
ECB,2021-10-12,-0.1126140417171476,neutral,30,1,0.0
ECB,2021-10-14,-0.1126140417171476,neutral,30,1,-1.4
ECB,2021-10-16,-0.10898133069401382,neutral,31,1,0.0
ECB,2021-10-19,-0.10898133069401382,neutral,31,1,0.0
ECB,2021-10-20,-0.10557566410982586,neutral,32,1,0.0
ECB,2021-10-28,-0.10557566410982586,neutral,32,2,0.0
ECB,2021-11-03,-0.10237640156104327,neutral,33,1,0.0
ECB,2021-11-04,-0.09936533092689492,neutral,34,1,0.0
ECB,2021-11-05,-0.09652632147184079,neutral,35,1,0.0
ECB,2021-11-08,-0.09652632147184079,neutral,35,1,0.0
ECB,2021-11-12,-0.09384503476428967,neutral,36,1,0.0
ECB,2021-11-15,-0.13273392365317854,neutral,36,1,0.0
ECB,2021-11-17,-0.1188178819744926,neutral,36,1,2.8529325012980813
ECB,2021-11-18,-0.11560658786707388,neutral,37,1,0.0
ECB,2021-11-22,-0.09668766894815498,neutral,37,1,0.0
ECB,2021-11-24,-0.13098536187057194,neutral,38,1,-1.4
ECB,2021-11-25,-0.13098536187057194,neutral,38,1,0.0
ECB,2021-12-08,-0.1276267628482496,neutral,39,1,0.0
ECB,2021-12-10,-0.12443609377704334,neutral,40,1,0.0
ECB,2021-12-16,-0.11169925001442312,neutral,40,2,-0.6
ECB,2022-01-08,-0.11169925001442312,neutral,40,1,0.0
ECB,2022-01-11,-0.11169925001442312,neutral,40,1,0.0
ECB,2022-01-14,-0.11169925001442312,neutral,40,1,0.0
ECB,2022-02-03,-0.14669925001442313,neutral,40,2,-1.4
ECB,2022-02-07,-0.1441992500144231,neutral,40,1,0.20000000000000018
ECB,2022-02-10,-0.1441992500144231,neutral,40,1,0.0
ECB,2022-02-14,-0.1441992500144231,neutral,40,1,0.0
ECB,2022-02-18,-0.1441992500144231,neutral,40,1,0.0
ECB,2022-02-23,-0.14068219513602254,neutral,41,1,0.0
ECB,2022-02-24,-0.14730755956158434,neutral,42,1,-0.41894750100961864
ECB,2022-02-28,-0.17643994189736145,neutral,43,1,-1.4
ECB,2022-03-02,-0.2042481250360578,neutral,44,1,-1.4
ECB,2022-03-10,-0.21887158633060813,neutral,44,2,-2.6651484454403227
ECB,2022-03-14,-0.21400777330103912,neutral,45,1,0.0
ECB,2022-03-15,-0.21400777330103912,neutral,45,1,-1.4
ECB,2022-03-17,-0.23866274553447933,neutral,45,1,-2.2189475010096187
ECB,2022-03-22,-0.26977385664559045,neutral,45,1,0.0
ECB,2022-03-24,-0.26390920758807757,neutral,46,1,0.0
ECB,2022-03-30,-0.26390920758807757,neutral,46,1,0.0
ECB,2022-03-31,-0.27146321383108907,neutral,47,1,-0.6189475010096186
ECB,2022-04-02,-0.2658077302096081,neutral,48,1,0.0
ECB,2022-04-06,-0.2658077302096081,neutral,48,1,0.0
ECB,2022-04-08,-0.2603830826543099,neutral,49,1,0.0
ECB,2022-04-14,-0.2549409057835616,neutral,49,2,-0.8999999999999999
ECB,2022-04-21,-0.2549409057835616,neutral,49,1,-1.4
ECB,2022-04-22,-0.24984208766789037,neutral,50,1,0.0
ECB,2022-04-25,-0.2449432232038141,neutral,51,1,0.0
ECB,2022-04-27,-0.24023277660374076,neutral,52,1,0.0
ECB,2022-04-28,-0.24920713557809973,neutral,52,1,-1.4
ECB,2022-05-05,-0.27092020849172055,neutral,53,1,-1.4
ECB,2022-05-11,-0.26394238616150156,neutral,53,1,0.0
ECB,2022-05-16,-0.25905456419554784,neutral,54,1,0.0
ECB,2022-05-19,-0.25905456419554784,neutral,54,1,0.0
ECB,2022-05-25,-0.25905456419554784,neutral,54,1,0.0
ECB,2022-06-01,-0.25905456419554784,neutral,54,1,0.0
ECB,2022-06-09,-0.20780841827353416,neutral,54,2,0.5905262494951908
ECB,2022-06-11,-0.20403008339583353,neutral,55,1,0.0
ECB,2022-06-14,-0.20403008339583353,neutral,55,1,0.0
ECB,2022-06-15,-0.20038668904947934,neutral,56,1,0.0
ECB,2022-06-16,-0.20038668904947934,neutral,56,1,0.0
ECB,2022-06-20,-0.18717866821013637,neutral,56,1,0.0
ECB,2022-06-22,-0.18389483192574801,neutral,57,1,0.0
ECB,2022-06-28,-0.18272524128247317,neutral,57,1,0.20000000000000018
ECB,2022-07-01,-0.17957480608794776,neutral,58,1,0.0
ECB,2022-07-04,-0.17957480608794776,neutral,58,1,0.0
ECB,2022-07-21,-0.18863255895727798,neutral,58,2,-1.8348234169259627
ECB,2022-08-27,-0.18863255895727798,neutral,58,1,0.0
ECB,2022-08-29,-0.20238454948342582,neutral,59,1,-0.9999999999999998
ECB,2022-09-08,-0.2518061751769232,neutral,59,2,-3.025349666421153
ECB,2022-09-12,-0.2518061751769232,neutral,59,1,0.0
ECB,2022-09-14,-0.2142760722573078,neutral,60,1,2.0000000000000004
ECB,2022-09-15,-0.22715679238423714,neutral,61,1,-0.9999999999999996
ECB,2022-09-20,-0.22715679238423714,neutral,61,1,1.1359400011538505
ECB,2022-09-26,-0.22715679238423714,neutral,61,1,0.0
ECB,2022-09-28,-0.22349297315223338,neutral,62,1,0.0
ECB,2022-09-29,-0.21994546564188044,neutral,63,1,0.0
ECB,2022-09-30,-0.23504034660112955,neutral,63,1,0.0
ECB,2022-10-11,-0.1938678411854869,neutral,64,1,2.4
ECB,2022-10-14,-0.1938678411854869,neutral,64,1,-1.4
ECB,2022-10-27,-0.19347175264765637,neutral,64,2,-1.3999999999999997
ECB,2022-11-03,-0.18770984108399427,neutral,65,1,0.18105249899038167
ECB,2022-11-04,-0.20206881544296862,neutral,65,1,-1.4
ECB,2022-11-07,-0.19900716672413574,neutral,66,1,0.0
ECB,2022-11-09,-0.19603691050437255,neutral,67,1,0.0
ECB,2022-11-11,-0.19315401476166116,neutral,68,1,0.0
ECB,2022-11-14,-0.15360192757447982,neutral,69,1,2.5359400011538504
ECB,2022-11-15,-0.17140761432341584,neutral,70,1,-1.4
ECB,2022-11-18,-0.1723599952757968,neutral,70,1,0.0
ECB,2022-11-24,-0.20936900942684192,neutral,71,1,-2.8
ECB,2022-11-28,-0.2192281643564194,neutral,71,1,-1.4
ECB,2022-12-08,-0.21618332874035795,neutral,72,1,0.0
ECB,2022-12-15,-0.21305347226228638,neutral,72,2,-2.8
ECB,2023-01-10,-0.21305347226228638,neutral,72,1,0.0
ECB,2023-01-23,-0.21013493154636467,neutral,73,1,0.0
ECB,2023-02-02,-0.22746573216883487,neutral,73,2,-2.6651484454403227
ECB,2023-02-15,-0.2242693851368714,neutral,73,1,0.0
ECB,2023-02-16,-0.28180363171221384,neutral,73,1,-4.199999999999999
ECB,2023-03-02,-0.2779954745269136,neutral,74,1,0.0
ECB,2023-03-06,-0.2929555348665548,neutral,75,1,-1.4
ECB,2023-03-08,-0.2522587515130475,neutral,76,1,2.8
ECB,2023-03-16,-0.25259229975543107,neutral,76,2,-2.825349666421153
ECB,2023-03-20,-0.25566247519402757,neutral,76,1,-1.4
ECB,2023-03-22,-0.27101335238701,neutral,76,1,-4.199999999999999
ECB,2023-03-27,-0.26749369845990595,neutral,77,1,0.0
ECB,2023-04-01,-0.23044262701447635,neutral,77,1,1.4529325012980814
ECB,2023-04-14,-0.23044262701447635,neutral,77,1,-1.4
ECB,2023-04-17,-0.2243820209538703,neutral,77,1,0.0
ECB,2023-04-19,-0.22150532837753864,neutral,78,1,0.0
ECB,2023-04-21,-0.21870146346136726,neutral,79,1,0.0
ECB,2023-04-24,-0.21596769516810016,neutral,80,1,0.0
ECB,2023-05-04,-0.19547021043036056,neutral,80,2,-1.0253496664211534
ECB,2023-05-05,-0.19305699795591166,neutral,81,1,0.0
ECB,2023-05-16,-0.19070264432230302,neutral,82,1,0.0
ECB,2023-05-19,-0.19070264432230302,neutral,82,1,0.0
ECB,2023-05-23,-0.19070264432230302,neutral,82,1,0.0
ECB,2023-05-24,-0.18840502210155236,neutral,83,1,0.0
ECB,2023-05-25,-0.18992871186840826,neutral,83,1,1.2000000000000002
ECB,2023-06-01,-0.18269979620575766,neutral,83,1,2.4
ECB,2023-06-05,-0.17884437451901067,neutral,83,1,0.8000000000000003
ECB,2023-06-07,-0.1767152748223558,neutral,84,1,0.0
ECB,2023-06-09,-0.17463627158915163,neutral,85,1,0.0
ECB,2023-06-15,-0.1575560843295023,neutral,85,2,-1.373533749350959
ECB,2023-06-16,-0.1720031066047406,neutral,86,1,-1.4
ECB,2023-06-20,-0.17714444866151985,neutral,86,1,0.0
ECB,2023-06-22,-0.1751083055734564,neutral,87,1,0.0
ECB,2023-06-23,-0.16039566189529547,neutral,87,1,0.0
ECB,2023-06-27,-0.16913129407920352,neutral,87,1,-3.0
ECB,2023-07-07,-0.1831997998351717,neutral,87,1,-2.2189475010096187
ECB,2023-07-12,-0.19929175385816023,neutral,87,1,-2.8
ECB,2023-07-17,-0.19702707483704476,neutral,88,1,0.0
ECB,2023-07-27,-0.19786065091748986,neutral,88,2,-1.3094737505048093
ECB,2023-08-03,-0.19807596342896278,neutral,88,1,-1.4189475010096184
ECB,2023-08-25,-0.19807596342896278,neutral,88,1,0.0
ECB,2023-08-31,-0.18518409117518014,neutral,89,1,0.9493006671576931
ECB,2023-09-04,-0.1831264901621226,neutral,90,1,0.0
ECB,2023-09-05,-0.1831264901621226,neutral,90,1,0.0
ECB,2023-09-14,-0.18808992783054856,neutral,90,2,-1.609473750504809
ECB,2023-09-20,-0.1530559725796634,neutral,91,1,3.0
ECB,2023-09-21,-0.15139232070379752,neutral,92,1,0.0
ECB,2023-09-22,-0.14546337101881043,neutral,93,1,0.40000000000000013
ECB,2023-09-25,-0.1609472419865524,neutral,93,1,-1.4
ECB,2023-09-29,-0.15923503728456778,neutral,94,1,0.0
ECB,2023-10-04,-0.15923503728456778,neutral,94,1,0.0
ECB,2023-10-14,-0.17412865430584434,neutral,94,1,-2.8
ECB,2023-10-17,-0.17229572110262495,neutral,95,1,0.0
ECB,2023-10-25,-0.16492730004999337,neutral,95,1,0.0
ECB,2023-10-26,-0.17114336583415327,neutral,95,2,-1.8999999999999997
ECB,2023-10-30,-0.18230495354990897,neutral,95,1,-1.4
ECB,2023-11-09,-0.18040594361709747,neutral,96,1,0.0
ECB,2023-11-13,-0.17946296185152255,neutral,96,1,-1.2189475010096187
ECB,2023-11-14,-0.17761282822418728,neutral,97,1,0.0
ECB,2023-11-16,-0.17761282822418728,neutral,97,1,0.0
ECB,2023-11-17,-0.17520732994240032,neutral,97,1,0.0
ECB,2023-11-21,-0.16489805159188486,neutral,97,1,0.0
ECB,2023-11-22,-0.16489805159188486,neutral,97,1,0.0
ECB,2023-11-27,-0.1673035498736718,neutral,97,1,-1.4
ECB,2023-11-30,-0.16586025090459963,neutral,97,1,0.0
ECB,2023-12-04,-0.16489805159188486,neutral,97,1,0.0
ECB,2023-12-07,-0.16321541841237583,neutral,98,1,0.0
ECB,2023-12-14,-0.16321541841237583,neutral,98,2,-1.609473750504809
ECB,2024-01-10,-0.16352333082562476,neutral,98,1,-1.4
ECB,2024-01-17,-0.16187158000920432,neutral,99,1,0.0
ECB,2024-01-25,-0.1689422870799114,neutral,99,2,-2.5999999999999996
ECB,2024-02-08,-0.15480087293849726,neutral,99,1,-1.4
ECB,2024-02-09,-0.15325286420911227,neutral,100,1,0.0
ECB,2024-02-12,-0.15173550911793296,neutral,101,1,0.0
ECB,2024-02-14,-0.15173550911793296,neutral,101,1,0.0
ECB,2024-02-16,-0.15173550911793296,neutral,101,1,0.0
ECB,2024-02-26,-0.15173550911793296,neutral,101,1,-1.4
ECB,2024-03-07,-0.14384598354204126,neutral,101,2,-0.9094737505048089
ECB,2024-03-14,-0.14384598354204126,neutral,101,1,0.0
ECB,2024-03-20,-0.1577073696806551,neutral,101,1,-1.4
ECB,2024-03-27,-0.12086710135045262,neutral,102,1,3.6
ECB,2024-04-11,-0.12276596572623817,neutral,102,2,-1.8999999999999997
ECB,2024-04-12,-0.12157406314637176,neutral,103,1,0.0
ECB,2024-04-15,-0.1338666202315028,neutral,104,1,-1.4
ECB,2024-04-18,-0.13444691670262582,neutral,104,1,-1.4
ECB,2024-04-19,-0.13444691670262582,neutral,104,1,-2.8
ECB,2024-04-22,-0.13669050644621555,neutral,104,1,0.0
ECB,2024-04-24,-0.13538869209910875,neutral,105,1,0.0
ECB,2024-04-29,-0.13538869209910875,neutral,105,1,-1.4
ECB,2024-05-02,-0.14561094501335883,neutral,106,1,-1.2189475010096182
ECB,2024-05-14,-0.14561094501335883,neutral,106,1,0.0
ECB,2024-05-26,-0.14425009505996297,neutral,107,1,0.0
ECB,2024-05-27,-0.15587740899459293,neutral,108,1,-1.4
ECB,2024-05-28,-0.16884037195755588,neutral,108,1,-1.4
ECB,2024-06-01,-0.16884037195755588,neutral,108,1,-1.4
ECB,2024-06-06,-0.17063374386802005,neutral,108,2,-1.8999999999999997
ECB,2024-06-07,-0.1690682966765703,neutral,109,1,0.0
ECB,2024-06-11,-0.17282493658945847,neutral,109,1,-2.2189475010096187
ECB,2024-06-14,-0.17068426380658383,neutral,109,1,0.0
ECB,2024-06-18,-0.16640291824083459,neutral,109,1,0.0
ECB,2024-06-26,-0.16515070493653855,neutral,109,1,-1.4
ECB,2024-07-01,-0.16364933489166092,neutral,110,1,0.0
ECB,2024-07-18,-0.1572856985280246,neutral,110,2,-1.1999999999999997
ECB,2024-07-23,-0.1572856985280246,neutral,110,1,0.0
ECB,2024-08-24,-0.1572856985280246,neutral,110,1,-2.2189475010096187
ECB,2024-08-30,-0.16848132286560993,neutral,111,1,-1.4
ECB,2024-09-06,-0.15447702534002414,neutral,112,1,1.4
ECB,2024-09-12,-0.15188304096953137,neutral,112,2,-1.609473750504809
ECB,2024-09-16,-0.1753177043237833,neutral,113,1,-2.8
ECB,2024-09-20,-0.1860605314788378,neutral,114,1,-1.4
ECB,2024-09-23,-0.18444261381380445,neutral,115,1,0.0
ECB,2024-09-26,-0.18444261381380445,neutral,115,1,0.0
ECB,2024-09-27,-0.18285259128092682,neutral,116,1,0.0
ECB,2024-09-30,-0.19089856829242108,neutral,116,1,-1.4
ECB,2024-10-01,-0.19089856829242108,neutral,116,1,0.0
ECB,2024-10-02,-0.18926695659761406,neutral,117,1,0.0
ECB,2024-10-04,-0.18766299933831224,neutral,118,1,0.0
ECB,2024-10-07,-0.169279276654797,neutral,119,1,2.0
ECB,2024-10-16,-0.16339692371362052,neutral,119,1,0.0
ECB,2024-10-17,-0.17027883548681064,neutral,119,2,-2.0189475010096185
ECB,2024-10-24,-0.15052651185775384,neutral,120,1,2.2
ECB,2024-10-25,-0.10552651185775389,neutral,120,1,2.6
ECB,2024-10-28,-0.10941540074664277,neutral,120,1,-1.4
ECB,2024-11-04,-0.10851114123633993,neutral,121,1,0.0
ECB,2024-11-05,-0.10658276658069255,neutral,121,1,0.0
ECB,2024-11-06,-0.10658276658069255,neutral,121,1,0.0
ECB,2024-11-07,-0.10570913734642458,neutral,122,1,0.0
ECB,2024-11-14,-0.10570913734642458,neutral,122,1,0.0
ECB,2024-11-15,-0.10484971346555935,neutral,123,1,0.0
ECB,2024-11-16,-0.10400415126019194,neutral,124,1,0.0
ECB,2024-11-18,-0.09835898996986936,neutral,124,1,0.0
ECB,2024-11-19,-0.09835898996986936,neutral,124,1,0.0
ECB,2024-11-21,-0.09757211805011037,neutral,125,1,0.0
ECB,2024-11-22,-0.09679773616082381,neutral,126,1,0.0
ECB,2024-11-25,-0.12592191738187083,neutral,126,1,-3.6696468338519255
ECB,2024-11-28,-0.11481080627075972,neutral,126,1,0.0
ECB,2024-12-12,-0.1195727110326645,neutral,126,2,-2.2094737505048094
ECB,2024-12-16,-0.12607229437401066,neutral,126,1,-2.2189475010096187
ECB,2024-12-18,-0.10962005230784765,neutral,126,1,0.40000000000000013
ECB,2025-01-15,-0.11147190415969951,neutral,126,1,-1.4
ECB,2025-01-27,-0.11147190415969951,neutral,126,1,0.0
ECB,2025-01-30,-0.10266655693347085,neutral,126,2,-0.9094737505048093
ECB,2025-02-05,-0.09848825335689117,neutral,126,1,1.4529325012980814
ECB,2025-02-10,-0.10589566076429856,neutral,126,1,-1.4
ECB,2025-02-12,-0.10506183666379229,neutral,127,1,0.0
ECB,2025-02-18,-0.0964285410648564,neutral,128,1,1.0
ECB,2025-02-25,-0.08172754462249317,neutral,129,1,1.8
ECB,2025-03-06,-0.07823736546786188,neutral,129,2,-0.8841240840836555
ECB,2025-03-12,-0.064210437169375,neutral,129,1,1.4
ECB,2025-03-19,-0.059706154231465074,neutral,129,1,0.5810524989903811
ECB,2025-03-20,-0.05427979764231779,neutral,129,1,0.0
ECB,2025-03-27,-0.05427979764231779,neutral,129,1,0.0
ECB,2025-04-01,-0.05386226073737689,neutral,130,1,0.0
ECB,2025-04-03,-0.052067388942505094,neutral,130,1,0.0
ECB,2025-04-08,-0.05166992795821116,neutral,131,1,0.0
ECB,2025-04-17,-0.06146814509012543,neutral,131,2,-4.134823416925963
ECB,2025-04-25,-0.0982540038764584,neutral,131,1,-2.218947501009619
ECB,2025-04-28,-0.0982540038764584,neutral,131,1,-1.4
ECB,2025-04-29,-0.0975096553622428,neutral,132,1,0.0
ECB,2025-05-10,-0.1028126856652731,neutral,132,1,-1.4
ECB,2025-05-15,-0.10203965795350411,neutral,133,1,0.0
ECB,2025-05-16,-0.12217369035683617,neutral,134,1,-2.8
ECB,2025-05-22,-0.12434179669635252,neutral,134,1,0.0
ECB,2025-05-26,-0.12342074635045361,neutral,135,1,0.0
ECB,2025-06-05,-0.13817642289184487,neutral,135,2,-1.8094737505048093
ECB,2025-06-07,-0.13716041978234603,neutral,136,1,0.0
ECB,2025-06-09,-0.13787249392326562,neutral,136,1,0.0
ECB,2025-06-11,-0.13686612535448264,neutral,137,1,0.0
ECB,2025-06-18,-0.1358743418374212,neutral,138,1,0.0
ECB,2025-06-19,-0.12131293784825589,neutral,138,1,1.6
ECB,2025-06-23,-0.14246473133383283,neutral,138,1,-3.618947501009619
ECB,2025-06-24,-0.15151174765517217,neutral,139,1,-1.4
ECB,2025-06-27,-0.15151174765517217,neutral,139,1,0.0
ECB,2025-06-30,-0.16230311456164698,neutral,139,1,-1.4
ECB,2025-07-04,-0.16230311456164698,neutral,139,1,0.0
ECB,2025-07-09,-0.1711438066004924,neutral,140,1,-1.4
ECB,2025-07-10,-0.16993002073807756,neutral,141,1,0.0
ECB,2025-07-14,-0.16993002073807756,neutral,141,1,0.0
ECB,2025-07-24,-0.15549864898682958,neutral,141,2,-2.0999999999999996
ECB,2025-08-23,-0.15440358807847163,neutral,142,1,0.0
ECB,2025-09-01,-0.1533238427072935,neutral,143,1,0.0
ECB,2025-09-03,-0.15225909379960395,neutral,144,1,0.0
ECB,2025-09-04,-0.15225909379960395,neutral,144,1,0.0
ECB,2025-09-11,-0.16306239029221167,neutral,144,2,-3.3651484454403224
ECB,2025-09-17,-0.1619378220832999,neutral,145,1,0.0
ECB,2025-09-26,-0.1619378220832999,neutral,145,1,0.0
ECB,2025-09-29,-0.1619378220832999,neutral,145,1,0.0
ECB,2025-09-30,-0.1704177000142362,neutral,146,1,-1.4
ECB,2025-10-01,-0.16356838494574305,neutral,146,1,2.0
ECB,2025-10-03,-0.1420475115787652,neutral,147,1,3.0
ECB,2025-10-06,-0.14170261815806923,neutral,147,1,-3.618947501009619
ECB,2025-10-07,-0.14074516803537956,neutral,148,1,0.0
ECB,2025-10-15,-0.1398005695921891,neutral,149,1,0.0
ECB,2025-10-17,-0.1491965427465515,neutral,149,1,-3.618947501009619
ECB,2025-10-21,-0.18019619040433418,neutral,149,1,-2.2189475010096187
ECB,2025-10-23,-0.17080021724997177,neutral,149,1,0.0
ECB,2025-10-27,-0.16966154913497197,neutral,150,1,0.0
ECB,2025-10-29,-0.1455352324615745,neutral,150,1,0.0
ECB,2025-10-30,-0.15839137413833734,neutral,150,2,-4.028421251514429
ECB,2025-11-04,-0.15734242464073248,neutral,151,1,0.0
ECB,2025-11-06,-0.16197818623013643,neutral,151,1,-1.4
ECB,2025-11-14,-0.15170201395230656,neutral,152,1,1.4
ECB,2025-11-17,-0.14709675079441184,neutral,152,1,0.0
ECB,2025-11-21,-0.14613533412255297,neutral,153,1,0.0
ECB,2025-11-22,-0.15593925569118042,neutral,153,1,-1.4
ECB,2025-12-03,-0.16933541312831313,neutral,154,1,-2.2189475010096187
ECB,2025-12-08,-0.1682429265920014,neutral,155,1,0.0
ECB,2025-12-18,-0.16008067855690256,neutral,155,2,-2.0999999999999996
ECB,2025-12-19,-0.15905452036102496,neutral,156,1,0.0
ECB,2026-01-09,-0.13585613894429668,neutral,156,1,0.0
ECB,2026-01-14,-0.14034331843147613,neutral,156,1,-1.4
ECB,2026-01-28,-0.13944941194465144,neutral,157,1,0.0
ECB,2026-02-05,-0.1316250727630309,neutral,157,2,-2.8
ECB,2026-02-06,-0.1316250727630309,neutral,157,1,0.0
ECB,2026-02-11,-0.1227078753108016,neutral,157,1,0.0
ECB,2026-02-12,-0.1227078753108016,neutral,157,1,0.0
ECB,2026-02-14,-0.12193124318858134,neutral,158,1,0.0
ECB,2026-02-19,-0.12193124318858134,neutral,158,1,0.0
ECB,2026-02-20,-0.12116438002387328,neutral,159,1,0.0
ECB,2026-02-23,-0.12040710264872408,neutral,160,1,0.0
ECB,2026-02-26,-0.1291571026487241,neutral,160,1,-1.4
ECB,2026-03-05,-0.1291571026487241,neutral,160,1,0.0
ECB,2026-03-09,-0.13540710264872408,neutral,160,1,0.0
ECB,2026-03-19,-0.14609131358937916,neutral,160,2,-4.918947501009618
ECB,2026-03-23,-0.14609131358937916,neutral,160,1,0.0
ECB,2026-03-24,-0.14609131358937916,neutral,160,1,0.0
ECB,2026-03-25,-0.14518391412609108,neutral,161,1,0.0
ECB,2026-03-26,-0.16662689923031038,neutral,162,1,-3.6189475010096186
ECB,2026-04-01,-0.16560464831478697,neutral,163,1,0.0
ECB,2026-04-15,-0.16459486387384314,neutral,164,1,0.0
ECB,2026-04-20,-0.1635973192443047,neutral,165,1,0.0
ECB,2026-04-22,-0.1635973192443047,neutral,165,1,0.0
ECB,2026-04-30,-0.15627507429524684,neutral,165,2,-1.292481250360578
ECB,2026-05-04,-0.15627507429524684,neutral,165,1,0.0
ECB,2026-05-05,-0.15533365818503453,neutral,166,1,0.0
ECB,2026-05-06,-0.14841549256716005,neutral,167,1,1.0
ECB,2026-05-07,-0.14422387580069299,neutral,167,1,0.0
ECB,2026-05-08,-0.14336540034949838,neutral,168,1,0.0
ECB,2026-05-12,-0.142517084371099,neutral,169,1,0.0
ECB,2026-05-13,-0.1499140426983278,neutral,170,1,-1.4
ECB,2026-05-22,-0.1499140426983278,neutral,170,1,0.0
ECB,2026-05-28,-0.1408502178872265,neutral,171,1,1.4
ECB,2026-06-01,-0.1400313212716031,neutral,172,1,0.0
ECB,2026-06-02,-0.13922189166887708,neutral,173,1,0.0
FED,2021-01-08,0.0,neutral,1,1,0.0
FED,2021-01-12,0.7,neutral,2,1,1.4
FED,2021-01-13,0.35,neutral,2,2,0.0
FED,2021-01-27,0.35,neutral,2,2,0.7
FED,2021-02-10,0.6999999999999998,neutral,3,1,1.4
FED,2021-02-16,0.5249999999999999,neutral,4,1,0.0
FED,2021-02-18,0.4666666666666666,neutral,4,1,0.0
FED,2021-02-22,0.3733333333333333,neutral,5,1,0.0
FED,2021-02-24,0.35,neutral,5,2,0.0
FED,2021-02-25,0.2916666666666667,neutral,6,1,0.0
FED,2021-03-01,0.2333333333333333,neutral,6,1,-1.4
FED,2021-03-02,0.2722222222222222,neutral,6,1,1.4
FED,2021-03-17,0.2722222222222222,neutral,6,2,-0.7
FED,2021-03-18,0.15555555555555553,neutral,6,1,0.0
FED,2021-03-22,0.13333333333333333,neutral,7,2,0.0
FED,2021-03-23,0.125,neutral,7,2,0.0
FED,2021-03-25,0.125,neutral,7,1,0.0
FED,2021-03-29,0.109375,neutral,8,1,0.0
FED,2021-03-30,0.109375,neutral,8,1,0.0
FED,2021-04-14,0.109375,neutral,8,1,0.0
FED,2021-04-28,0.109375,neutral,8,2,-0.7
FED,2021-05-03,0.08020833333333333,neutral,8,1,0.0
FED,2021-05-05,0.08020833333333333,neutral,8,1,0.0
FED,2021-05-11,0.05833333333333333,neutral,8,1,0.0
FED,2021-05-12,0.05833333333333333,neutral,8,1,0.0
FED,2021-05-13,0.05833333333333333,neutral,8,1,0.0
FED,2021-05-17,0.05833333333333333,neutral,8,1,0.0
FED,2021-05-24,0.05833333333333333,neutral,8,1,0.0
FED,2021-05-26,0.05833333333333333,neutral,8,2,0.0
FED,2021-06-01,0.09333333333333332,neutral,8,1,1.4
FED,2021-06-03,0.18083333333333332,neutral,8,1,1.4
FED,2021-06-16,0.18083333333333332,neutral,8,2,-0.7
FED,2021-06-23,0.16074074074074074,neutral,9,1,0.0
FED,2021-06-28,0.1348148148148148,neutral,9,1,0.0
FED,2021-07-11,0.12185185185185182,neutral,9,1,0.0
FED,2021-07-28,0.12185185185185182,neutral,9,2,0.20000000000000007
FED,2021-07-30,0.12962962962962962,neutral,9,1,0.0
FED,2021-08-03,0.11666666666666665,neutral,10,1,0.0
FED,2021-08-04,0.11666666666666665,neutral,10,1,0.0
FED,2021-08-05,0.11666666666666665,neutral,10,1,0.0
FED,2021-08-17,0.06999999999999999,neutral,10,1,0.0
FED,2021-08-27,0.06999999999999999,neutral,10,1,0.0
FED,2021-09-09,0.06363636363636363,neutral,11,1,0.0
FED,2021-09-22,0.06363636363636363,neutral,11,2,-1.6253496664211535
FED,2021-09-24,0.06363636363636363,neutral,11,1,0.0
FED,2021-09-27,0.031818181818181815,neutral,11,1,0.0
FED,2021-09-28,0.031818181818181815,neutral,11,1,0.0
FED,2021-10-05,0.0,neutral,11,1,0.0
FED,2021-10-07,0.0,neutral,11,1,0.0
FED,2021-10-12,0.0,neutral,11,1,0.0
FED,2021-10-13,0.0,neutral,11,2,0.0
FED,2021-10-18,0.1909090909090909,neutral,11,1,4.199999999999999
FED,2021-10-19,0.1909090909090909,neutral,11,2,0.0
FED,2021-10-20,0.1818181818181818,neutral,11,1,1.8
FED,2021-10-22,0.1818181818181818,neutral,11,1,0.0
FED,2021-11-03,0.1818181818181818,neutral,11,2,0.9
FED,2021-11-08,0.1818181818181818,neutral,11,3,0.0
FED,2021-11-09,0.1818181818181818,neutral,11,1,0.0
FED,2021-11-17,0.1818181818181818,neutral,11,1,0.0
FED,2021-11-19,0.16666666666666666,neutral,12,2,0.0
FED,2021-11-29,0.16666666666666666,neutral,12,2,0.0
FED,2021-11-30,0.16666666666666666,neutral,12,1,0.0
FED,2021-12-02,0.15416666666666665,neutral,12,1,1.4
FED,2021-12-15,0.15416666666666665,neutral,12,2,-0.4999999999999999
FED,2021-12-17,0.20416666666666664,neutral,12,1,1.8
FED,2022-01-26,0.20416666666666664,neutral,12,2,-0.7
FED,2022-02-18,0.22916666666666666,neutral,12,2,0.0
FED,2022-02-21,0.22916666666666666,neutral,12,1,0.0
FED,2022-02-24,0.14252923608306614,neutral,12,1,-2.2189475010096187
FED,2022-03-16,0.14252923608306614,neutral,12,2,-0.009473750504809253
FED,2022-03-18,0.14252923608306614,neutral,12,1,0.0
FED,2022-03-21,0.14695006407667643,neutral,13,1,0.20000000000000018
FED,2022-03-24,0.1007962179228303,neutral,13,1,0.0
FED,2022-04-05,0.10775977557630648,neutral,13,1,0.18105249899038123
FED,2022-05-04,0.10775977557630648,neutral,13,2,2.9
FED,2022-05-06,0.12198379801867584,neutral,13,1,0.0
FED,2022-05-24,0.12198379801867584,neutral,13,1,0.0
FED,2022-05-25,0.12198379801867584,neutral,13,1,0.0
FED,2022-05-30,0.16465586534578389,neutral,13,1,0.0
FED,2022-06-03,0.15289473210679932,neutral,14,1,0.0
FED,2022-06-15,0.15289473210679932,neutral,14,2,2.4000000000000004
FED,2022-06-17,0.15289473210679932,neutral,14,1,0.0
FED,2022-06-18,0.15289473210679932,neutral,14,1,0.0
FED,2022-06-23,0.15289473210679932,neutral,14,1,0.0
FED,2022-07-08,0.1464285714285714,neutral,14,1,0.0
FED,2022-07-14,0.14400107140796695,neutral,14,1,-0.13594000115385052
FED,2022-07-19,0.14400107140796695,neutral,14,1,0.0
FED,2022-07-27,0.14400107140796695,neutral,14,2,-0.7094737505048094
FED,2022-08-06,0.13440099998076915,neutral,15,1,0.0
FED,2022-08-17,0.13440099998076915,neutral,15,2,0.0
FED,2022-08-26,0.13440099998076915,neutral,15,1,0.0
FED,2022-08-29,0.13440099998076915,neutral,15,1,0.0
FED,2022-09-07,0.08225093748197107,neutral,16,2,-1.4
FED,2022-09-09,0.08154291664262811,neutral,16,1,0.0
FED,2022-09-21,0.08154291664262811,neutral,16,2,2.2
FED,2022-09-28,0.08154291664262811,neutral,16,2,0.0
FED,2022-09-30,0.2296715392728131,neutral,17,2,1.711428751370197
FED,2022-10-04,0.33913423153543465,neutral,18,1,2.2
FED,2022-10-06,0.36135645375765685,neutral,18,2,0.20000000000000007
FED,2022-10-10,0.35913423153543467,neutral,18,1,-0.19999999999999973
FED,2022-10-12,0.3849692719809381,neutral,19,2,1.7000000000000002
FED,2022-10-14,0.38735418428188284,neutral,19,1,0.0
FED,2022-10-20,0.38735418428188284,neutral,19,1,0.0
FED,2022-11-02,0.38735418428188284,neutral,19,2,1.5000000000000002
FED,2022-11-16,0.38735418428188284,neutral,19,1,0.0
FED,2022-11-17,0.3504633095883702,neutral,21,2,0.0
FED,2022-11-28,0.34618690483058634,neutral,21,1,0.0
FED,2022-11-30,0.38045113642919604,neutral,22,2,1.1
FED,2022-12-01,0.42477934788879623,neutral,23,1,1.4
FED,2022-12-14,0.42477934788879623,neutral,23,2,2.2
FED,2023-01-06,0.45521413049749193,neutral,23,1,1.4
FED,2023-01-10,0.5052141304974919,neutral,23,2,1.0
FED,2023-01-19,0.49864989134824433,neutral,23,1,-1.2
FED,2023-01-20,0.5778728125420675,neutral,24,1,2.4
FED,2023-01-21,0.5547579000403848,neutral,25,1,0.0
FED,2023-02-01,0.5547579000403848,neutral,25,2,2.1
FED,2023-02-07,0.5334210577311391,neutral,26,1,0.0
FED,2023-02-08,0.5334210577311391,neutral,26,1,0.0
FED,2023-02-10,0.5136647222596155,neutral,27,1,0.0
FED,2023-02-13,0.4766276852225784,neutral,27,1,0.0
FED,2023-02-15,0.4766276852225784,neutral,27,1,0.0
FED,2023-02-16,0.45960526789320066,neutral,28,1,0.0
FED,2023-02-24,0.3810338393217721,neutral,28,1,0.0
FED,2023-02-27,0.3810338393217721,neutral,28,1,0.0
FED,2023-03-02,0.3560338393217721,neutral,28,1,-1.4
FED,2023-03-03,0.3441290774170102,neutral,28,1,0.0
FED,2023-03-09,0.3441290774170102,neutral,28,1,0.0
FED,2023-03-14,0.3381766964646293,neutral,28,1,0.0
FED,2023-03-22,0.3381766964646293,neutral,28,2,3.1905262494951905
FED,2023-03-27,0.3381766964646293,neutral,28,1,0.0
FED,2023-03-29,0.3265154310692972,neutral,29,1,0.0
FED,2023-03-31,0.24531579168349366,neutral,30,2,-1.4094737505048092
FED,2023-04-04,0.24531579168349366,neutral,30,1,0.0
FED,2023-04-14,0.2364269027946048,neutral,30,2,0.0
FED,2023-04-18,0.2364269027946048,neutral,30,1,0.0
FED,2023-04-20,0.24031579168349365,neutral,30,2,0.0
FED,2023-04-21,0.25191850808080035,neutral,31,1,0.6000000000000001
FED,2023-05-03,0.25191850808080035,neutral,31,2,3.083007499855769
FED,2023-05-05,0.24404605470327528,neutral,32,1,0.0
FED,2023-05-11,0.23665071971226695,neutral,33,1,0.0
FED,2023-05-12,0.2619032449647922,neutral,33,2,1.9
FED,2023-05-13,0.2619032449647922,neutral,33,1,0.0
FED,2023-05-15,0.2619032449647922,neutral,33,1,0.0
FED,2023-05-18,0.24129718435873163,neutral,33,1,-2.8
FED,2023-05-19,0.24129718435873163,neutral,33,1,0.0
FED,2023-05-24,0.2322062752678225,neutral,33,1,-1.2
FED,2023-05-31,0.26038809344964076,neutral,33,2,1.9
FED,2023-06-14,0.26038809344964076,neutral,33,2,3.9039100017307753
FED,2023-06-16,0.3233178554070042,neutral,34,1,2.4
FED,2023-06-22,0.37122305953823265,neutral,35,2,1.0
FED,2023-06-25,0.372556392871566,neutral,35,1,0.0
FED,2023-06-29,0.4496992500144232,neutral,35,1,3.8
FED,2023-07-10,0.43720760418068916,neutral,36,1,0.0
FED,2023-07-13,0.4441520486251336,neutral,36,1,0.0
FED,2023-07-18,0.4830409375140224,neutral,36,1,1.4
FED,2023-07-26,0.4830409375140224,neutral,36,2,3.7284212515144284
FED,2023-08-05,0.48498538195846685,neutral,36,1,0.0
FED,2023-08-07,0.48498538195846685,neutral,36,1,0.0
FED,2023-08-22,0.48498538195846685,neutral,36,1,0.0
FED,2023-08-25,0.446096493069578,neutral,36,1,1.0
FED,2023-09-08,0.4266520486251336,neutral,36,1,0.0
FED,2023-09-20,0.4266520486251336,neutral,36,2,1.2905262494951906
FED,2023-09-22,0.41719298613915606,neutral,36,2,0.0
FED,2023-09-26,0.41719298613915606,neutral,36,1,0.0
FED,2023-09-27,0.405917500027287,neutral,37,1,0.0
FED,2023-09-28,0.3452354605528847,neutral,38,2,0.0
FED,2023-10-02,0.4133063461797338,neutral,39,2,1.5
FED,2023-10-04,0.4133063461797338,neutral,39,1,0.0
FED,2023-10-07,0.4133063461797338,neutral,39,1,0.0
FED,2023-10-09,0.48314475010096186,neutral,40,2,2.028421251514428
FED,2023-10-10,0.4931447501009618,neutral,40,1,0.0
FED,2023-10-11,0.481116829366792,neutral,41,1,0.0
FED,2023-10-17,0.47542577245622286,neutral,41,1,-1.4
FED,2023-10-18,0.46079162611475954,neutral,41,3,-0.39999999999999997
FED,2023-10-19,0.40152465283787414,neutral,42,2,0.0
FED,2023-10-25,0.39755639886962013,neutral,42,1,0.0
FED,2023-10-26,0.39755639886962013,neutral,42,1,0.0
FED,2023-10-27,0.34993735125057257,neutral,42,1,0.0
FED,2023-11-01,0.34993735125057257,neutral,42,2,2.4905262494951903
FED,2023-11-06,0.36104846236168364,neutral,42,1,1.4
FED,2023-11-07,0.36104846236168364,neutral,42,2,-0.6
FED,2023-11-08,0.3485213095718866,neutral,42,3,0.4666666666666666
FED,2023-11-09,0.34472312363084356,neutral,42,2,-0.6
FED,2023-11-13,0.34472312363084356,neutral,42,1,0.0
FED,2023-11-14,0.33667383295023073,neutral,42,1,0.0
FED,2023-11-16,0.31667383295023077,neutral,42,2,0.0
FED,2023-11-28,0.31088739829690315,neutral,43,3,0.0
FED,2023-12-01,0.3062362355062055,neutral,43,2,0.0
FED,2023-12-05,0.307463625687084,neutral,43,1,0.0
FED,2023-12-13,0.307463625687084,neutral,43,2,1.226466250649041
FED,2024-01-08,0.3095308091496163,neutral,43,1,1.8
FED,2024-01-16,0.3188331347310116,neutral,43,1,0.0
FED,2024-01-17,0.3242594913201589,neutral,43,2,0.0
FED,2024-01-31,0.3242594913201589,neutral,43,2,-0.6735337493509594
FED,2024-02-02,0.31688995742651893,neutral,44,1,0.0
FED,2024-02-07,0.36007018059481855,neutral,45,2,0.9
FED,2024-02-12,0.352242567973192,neutral,46,1,0.0
FED,2024-02-14,0.352242567973192,neutral,46,1,0.0
FED,2024-02-15,0.3434714495056773,neutral,47,2,0.0
FED,2024-02-16,0.3363157943076424,neutral,48,1,0.0
FED,2024-02-22,0.303519739604367,neutral,48,3,0.0
FED,2024-02-27,0.30838085071547816,neutral,48,2,0.7
FED,2024-03-01,0.2896308507154781,neutral,48,2,0.0
FED,2024-03-05,0.2896308507154781,neutral,48,1,0.0
FED,2024-03-07,0.28804354912817653,neutral,48,1,0.0
FED,2024-03-20,0.28804354912817653,neutral,48,2,-1.4
FED,2024-03-25,0.28804354912817653,neutral,48,1,0.0
FED,2024-03-27,0.28804354912817653,neutral,48,1,0.0
FED,2024-04-01,0.28804354912817653,neutral,48,1,0.0
FED,2024-04-02,0.2868530729377004,neutral,48,1,0.0
FED,2024-04-03,0.2642677893658743,neutral,48,3,-0.7396491670032063
FED,2024-04-04,0.2649951287773494,neutral,48,1,0.0
FED,2024-04-05,0.27019799741431294,neutral,48,1,2.8529325012980813
FED,2024-04-16,0.2785313307476463,neutral,48,1,0.8000000000000003
FED,2024-04-18,0.2785313307476463,neutral,48,1,0.0
FED,2024-05-01,0.2785313307476463,neutral,48,2,-1.4
FED,2024-05-03,0.2762287688266505,neutral,48,1,0.19999999999999996
FED,2024-05-04,0.2762287688266505,neutral,48,1,0.0
FED,2024-05-08,0.2705914470138617,neutral,49,1,0.0
FED,2024-05-10,0.2620685069624733,neutral,50,2,-0.7
FED,2024-05-13,0.25006850696247335,neutral,50,1,-1.4
FED,2024-05-14,0.25006850696247335,neutral,50,1,0.0
FED,2024-05-15,0.25006850696247335,neutral,50,1,0.0
FED,2024-05-17,0.24979007751774046,neutral,50,2,0.09999999999999998
FED,2024-05-18,0.24079007751774043,neutral,50,1,0.0
FED,2024-05-19,0.24079007751774043,neutral,50,1,0.0
FED,2024-05-20,0.3037157622722946,neutral,51,3,1.1333333333333333
FED,2024-05-21,0.2552030072091809,neutral,52,1,-2.2189475010096187
FED,2024-05-24,0.2552030072091809,neutral,52,1,0.0
FED,2024-05-28,0.25251069951687316,neutral,52,1,0.0
FED,2024-06-07,0.2477463466958001,neutral,53,1,0.0
FED,2024-06-12,0.2477463466958001,neutral,53,2,-1.8094737505048095
FED,2024-06-14,0.2477463466958001,neutral,53,1,0.0
FED,2024-06-17,0.23873738863413463,neutral,55,2,0.0
FED,2024-06-18,0.22964647954322553,neutral,55,1,-2.0
FED,2024-06-24,0.22964647954322553,neutral,55,1,0.0
FED,2024-06-25,0.23002080934146757,neutral,55,3,0.26666666666666683
FED,2024-06-26,0.23156090227285842,neutral,55,1,1.2529325012980812
FED,2024-06-27,0.2328209783076327,neutral,55,1,1.2529325012980812
FED,2024-07-09,0.22866346083785358,neutral,56,2,0.0
FED,2024-07-10,0.22366346083785357,neutral,56,2,-0.7
FED,2024-07-16,0.2020218574197417,neutral,56,1,-4.8
FED,2024-07-17,0.17391621079834274,neutral,57,1,-1.4
FED,2024-07-18,0.17326679337738043,neutral,57,1,1.4
FED,2024-07-24,0.17326679337738043,neutral,57,1,0.0
FED,2024-07-31,0.17326679337738043,neutral,57,2,-0.4999999999999999
FED,2024-08-10,0.18621053122820191,neutral,57,1,4.179470570797252
FED,2024-08-19,0.18621053122820191,neutral,57,1,0.0
FED,2024-08-20,0.19789140076873873,neutral,57,1,3.6
FED,2024-08-23,0.19054144461067524,neutral,57,1,-0.41894750100961864
FED,2024-08-28,0.18725624728980153,neutral,58,1,0.0
FED,2024-09-06,0.11289597191200826,neutral,59,1,-4.2
FED,2024-09-10,0.11101437238014146,neutral,60,2,0.0
FED,2024-09-18,0.11101437238014146,neutral,60,2,-1.4253496664211536
FED,2024-09-20,0.10700087964996484,neutral,60,1,0.0
FED,2024-09-24,0.10469786642466981,neutral,60,1,0.40000000000000013
FED,2024-09-25,0.0899756442024476,neutral,60,1,-1.5
FED,2024-09-26,0.09110274837443712,neutral,60,4,0.20000000000000007
FED,2024-09-30,0.09012974423910751,neutral,60,2,0.20000000000000007
FED,2024-10-01,0.09290752201688528,neutral,60,1,0.0
FED,2024-10-02,0.0905048667921637,neutral,60,1,0.0
FED,2024-10-08,0.04557855750048889,neutral,61,2,-1.4
FED,2024-10-09,0.04557855750048889,neutral,61,1,0.0
FED,2024-10-10,0.053228830724532605,neutral,61,1,0.0
FED,2024-10-11,0.05133821677721069,neutral,61,1,0.0
FED,2024-10-14,0.05133821677721069,neutral,61,1,0.0
FED,2024-10-18,0.05133821677721069,neutral,61,1,0.0
FED,2024-10-23,0.06281362661327627,neutral,61,1,1.4
FED,2024-11-07,0.06281362661327627,neutral,61,2,-1.2000000000000002
FED,2024-11-12,0.06281362661327627,neutral,61,1,0.0
FED,2024-11-14,0.10928759860919109,neutral,61,2,0.8
FED,2024-11-20,0.07849263734130087,neutral,62,2,-0.7
FED,2024-11-22,0.06417091061420854,neutral,62,1,0.0
FED,2024-12-02,0.06417091061420854,neutral,62,1,0.0
FED,2024-12-03,0.07680531921635907,neutral,62,1,1.6
FED,2024-12-18,0.07680531921635907,neutral,62,2,-1.4
FED,2025-01-06,0.08594510416259563,neutral,62,1,1.4
FED,2025-01-08,0.08458089616001474,neutral,63,1,0.0
FED,2025-01-09,0.102834864413983,neutral,63,1,2.6
FED,2025-01-29,0.102834864413983,neutral,63,2,-1.1094737505048093
FED,2025-01-31,0.11712057869969726,neutral,63,1,4.0
FED,2025-02-04,0.0818991897947827,neutral,63,1,-2.2189475010096187
FED,2025-02-05,0.11617655091390665,neutral,63,2,1.6
FED,2025-02-07,0.17373629230587687,neutral,64,1,3.8000000000000003
FED,2025-02-12,0.17373629230587687,neutral,64,1,0.0
FED,2025-02-17,0.17295504230587685,neutral,64,2,0.7
FED,2025-02-18,0.15108004230587685,neutral,64,1,-1.4
FED,2025-02-19,0.14852521808975608,neutral,64,1,0.0
FED,2025-02-20,0.2537539160154372,neutral,64,2,5.267970000576925
FED,2025-02-21,0.24700775390737678,neutral,64,1,-1.4
FED,2025-02-25,0.24320763461649408,neutral,65,1,0.0
FED,2025-02-27,0.22740145833442602,neutral,66,2,0.0
FED,2025-03-07,0.22020050189885637,neutral,66,3,0.1333333333333334
FED,2025-03-19,0.22020050189885637,neutral,66,2,-0.20947375050480932
FED,2025-03-21,0.22020050189885637,neutral,66,1,0.0
FED,2025-03-24,0.2141398958382503,neutral,66,1,0.0
FED,2025-03-25,0.19864509785553855,neutral,66,1,0.0
FED,2025-04-02,0.22254591729053053,neutral,67,1,1.8
FED,2025-04-03,0.2270376691569556,neutral,67,2,0.7
FED,2025-04-04,0.21300781841068694,neutral,67,2,-0.7
FED,2025-04-07,0.2053760522400976,neutral,67,1,0.0
FED,2025-04-14,0.20235581617774323,neutral,68,1,0.0
FED,2025-04-15,0.19206169853068442,neutral,68,1,0.0
FED,2025-04-16,0.1886303259816648,neutral,68,1,-1.4
FED,2025-04-17,0.18627738480519418,neutral,68,1,0.0
FED,2025-04-22,0.19229196256630898,neutral,69,2,0.3169925001442313
FED,2025-04-23,0.19229196256630898,neutral,69,1,0.0
FED,2025-05-03,0.1990552475904636,neutral,69,1,1.4
FED,2025-05-07,0.1990552475904636,neutral,69,2,-0.7253496664211535
FED,2025-05-09,0.1918383995698067,neutral,71,4,0.0
FED,2025-05-12,0.21719051224586305,neutral,71,1,1.8
FED,2025-05-14,0.22052137492428933,neutral,71,2,0.8
FED,2025-05-15,0.19094391013555698,neutral,71,1,-1.4
FED,2025-05-19,0.19094391013555698,neutral,71,1,0.0
FED,2025-05-20,0.19094391013555698,neutral,71,1,0.0
FED,2025-05-23,0.18829191138367427,neutral,72,1,0.0
FED,2025-05-25,0.191532652124415,neutral,72,1,0.0
FED,2025-05-29,0.20125487434663722,neutral,72,1,0.0
FED,2025-06-01,0.2026437632355261,neutral,72,1,0.40000000000000013
FED,2025-06-02,0.20458820767997055,neutral,72,1,0.0
FED,2025-06-03,0.19208820767997054,neutral,72,1,0.0
FED,2025-06-04,0.19208820767997054,neutral,72,1,0.0
FED,2025-06-05,0.17750939981160338,neutral,72,1,1.4529325012980814
FED,2025-06-06,0.13028717758938113,neutral,72,1,0.0
FED,2025-06-18,0.13028717758938113,neutral,72,2,0.6905262494951907
FED,2025-06-23,0.08113512896424753,neutral,72,2,-1.1094737505048093
FED,2025-06-24,0.08437586970498828,neutral,72,1,0.0
FED,2025-06-26,0.07485206018117878,neutral,72,1,0.0
FED,2025-07-10,0.07485206018117878,neutral,72,1,0.0
FED,2025-07-15,0.07382668949376536,neutral,73,2,0.0
FED,2025-07-16,0.07382668949376536,neutral,73,1,0.0
FED,2025-07-17,0.06303833896298944,neutral,74,3,-0.39999999999999997
FED,2025-07-22,0.07060590653055701,neutral,74,1,0.0
FED,2025-07-30,0.07060590653055701,neutral,74,2,0.20000000000000007
FED,2025-08-01,0.08100420045629766,neutral,74,2,-0.6
FED,2025-08-09,0.09591173987298603,neutral,74,1,2.2
FED,2025-08-19,0.09463291667467952,neutral,75,1,0.0
FED,2025-08-20,0.09338774671843374,neutral,76,1,0.0
FED,2025-08-22,0.09200962993879683,neutral,76,2,-0.20947375050480932
FED,2025-08-28,0.08858857730721788,neutral,76,1,0.40000000000000013
FED,2025-09-17,0.08858857730721788,neutral,76,2,-1.492481250360578
FED,2025-09-22,0.08743807630322804,neutral,77,1,0.0
FED,2025-09-23,0.0717346876706073,neutral,78,2,-1.6348234169259628
FED,2025-09-25,0.0717346876706073,neutral,78,1,0.0
FED,2025-09-26,0.0717346876706073,neutral,78,1,-2.2189475010096187
FED,2025-09-29,0.07045263638855602,neutral,78,1,0.0
FED,2025-09-30,0.05250391843983807,neutral,78,1,-1.4
FED,2025-10-03,0.05250391843983807,neutral,78,1,-1.4
FED,2025-10-07,0.05250391843983807,neutral,78,1,0.0
FED,2025-10-08,0.05699109792701755,neutral,78,2,0.7
FED,2025-10-09,0.07063275854118586,neutral,78,4,0.45
FED,2025-10-14,0.06580560907570633,neutral,78,1,-2.8
FED,2025-10-15,0.06580560907570633,neutral,78,1,0.0
FED,2025-10-16,0.06631842958852684,neutral,78,3,0.0
FED,2025-10-21,0.06666030993040718,neutral,78,1,0.0
FED,2025-10-22,0.06666030993040718,neutral,78,1,0.0
FED,2025-10-23,0.06529278856288581,neutral,78,1,0.0
FED,2025-10-29,0.06529278856288581,neutral,78,2,-1.492481250360578
FED,2025-10-30,0.06529278856288581,neutral,78,1,0.0
FED,2025-11-03,0.050947307780711215,neutral,78,1,-0.41894750100961864
FED,2025-11-07,0.050947307780711215,neutral,78,2,-0.7
FED,2025-11-11,0.05030240515057564,neutral,79,1,0.0
FED,2025-11-17,0.05973611559041862,neutral,79,2,0.6905262494951907
FED,2025-11-18,0.05877167918294424,neutral,79,1,0.0
FED,2025-11-19,0.05877167918294424,neutral,79,1,0.0
FED,2025-11-20,0.06142324564503044,neutral,79,1,0.0
FED,2025-11-21,0.0643466301393403,neutral,79,2,0.0
FED,2025-12-01,0.06157770018440118,neutral,79,1,0.0
FED,2025-12-10,0.06157770018440118,neutral,79,2,-1.238682194791282
FED,2025-12-15,0.06080797893209618,neutral,80,1,0.0
FED,2026-01-07,0.06086718987275123,neutral,80,1,0.0
FED,2026-01-11,0.06810895862121677,neutral,80,1,0.0
FED,2026-01-14,0.06810895862121677,neutral,80,1,0.0
FED,2026-01-16,0.07203790549243069,neutral,80,2,-0.7094737505048092
FED,2026-01-28,0.07203790549243069,neutral,80,2,-1.809473750504809
FED,2026-01-30,0.06537123882576402,neutral,80,2,-1.4
FED,2026-02-04,0.07162123882576402,neutral,80,1,1.4
FED,2026-02-06,0.08156202788510895,neutral,80,1,1.7810524989903813
FED,2026-02-16,0.08364536121844231,neutral,80,1,0.0
FED,2026-02-17,0.0954310755041566,neutral,80,1,1.4
FED,2026-02-19,0.0954310755041566,neutral,80,1,0.0
FED,2026-02-23,0.07031265362284647,neutral,80,1,-2.2189475010096187
FED,2026-02-24,0.07755388279792663,neutral,80,2,0.0
FED,2026-02-26,0.07659642745474235,neutral,81,1,0.0
FED,2026-03-03,0.07783099535597691,neutral,81,1,0.0
FED,2026-03-12,0.07865404062346662,neutral,81,1,0.0
FED,2026-03-18,0.07865404062346662,neutral,81,2,-0.19888341577211288
FED,2026-03-21,0.09017667436832259,neutral,81,1,0.0
FED,2026-03-24,0.08907695882724549,neutral,82,1,0.0
FED,2026-03-26,0.1408614909629866,neutral,83,4,1.6047368752524047
FED,2026-03-31,0.13754710294032804,neutral,85,2,0.0
FED,2026-04-07,0.13797641176583714,neutral,85,1,0.0
FED,2026-04-14,0.12974111764819007,neutral,85,1,0.0
FED,2026-04-17,0.14451156976855992,neutral,86,1,1.4
FED,2026-04-21,0.1466617126958948,neutral,86,1,0.0
FED,2026-04-29,0.1466617126958948,neutral,86,2,-0.20947375050480932
FED,2026-05-01,0.1505376816881429,neutral,86,1,0.0
FED,2026-05-05,0.1505376816881429,neutral,86,1,0.0
FED,2026-05-08,0.1505376816881429,neutral,86,3,0.0
FED,2026-05-14,0.14646791424628242,neutral,86,2,0.0
FED,2026-05-20,0.16777288074919874,neutral,87,1,2.0
FED,2026-05-22,0.1658663707406851,neutral,88,1,0.0
FED,2026-05-27,0.16067099669339127,neutral,88,2,-0.4999999999999999
FED,2026-05-29,0.11845412224089377,neutral,88,1,-3.7150849518197795
FED,2026-05-31,0.11712317704717586,neutral,89,1,0.0
NORGES_BANK,2021-02-18,0.0,neutral,1,1,0.0
NORGES_BANK,2021-03-05,0.0,neutral,2,1,0.0
NORGES_BANK,2021-05-03,0.0,neutral,3,1,0.0
NORGES_BANK,2021-05-06,0.0,neutral,4,1,0.0
NORGES_BANK,2021-05-11,0.0,neutral,5,1,0.0
NORGES_BANK,2021-06-01,0.0,neutral,5,4,0.0
NORGES_BANK,2021-10-20,0.0,neutral,6,1,0.0
NORGES_BANK,2021-10-25,0.0,neutral,7,1,0.0
NORGES_BANK,2021-11-04,0.0,neutral,8,1,0.0
NORGES_BANK,2021-12-21,0.0,neutral,8,1,0.0
NORGES_BANK,2022-02-02,0.0,neutral,9,1,0.0
NORGES_BANK,2022-02-17,0.0,neutral,9,1,0.0
NORGES_BANK,2022-03-01,0.0,neutral,10,1,0.0
NORGES_BANK,2022-03-31,0.0,neutral,10,1,0.0
NORGES_BANK,2022-04-28,0.0,neutral,11,1,0.0
NORGES_BANK,2022-05-03,0.0,neutral,11,1,0.0
NORGES_BANK,2022-06-01,0.0,neutral,11,4,0.0
NORGES_BANK,2022-08-18,0.0,neutral,11,1,0.0
NORGES_BANK,2022-09-22,0.0,neutral,12,1,0.0
NORGES_BANK,2022-10-20,0.0,neutral,13,1,0.0
NORGES_BANK,2022-11-03,0.0,neutral,14,1,0.0
NORGES_BANK,2022-11-10,0.0,neutral,14,1,0.0
NORGES_BANK,2023-02-02,0.0,neutral,14,1,0.0
NORGES_BANK,2023-02-16,0.09999999999999999,neutral,14,1,1.4
NORGES_BANK,2023-03-01,0.09999999999999999,neutral,14,1,0.0
NORGES_BANK,2023-04-18,0.09999999999999999,neutral,14,1,0.0
NORGES_BANK,2023-05-09,0.09999999999999999,neutral,14,1,0.0
NORGES_BANK,2023-05-18,0.09999999999999999,neutral,14,1,0.0
NORGES_BANK,2023-06-01,0.09999999999999999,neutral,14,4,0.0
NORGES_BANK,2023-06-27,0.09999999999999999,neutral,14,1,0.0
NORGES_BANK,2023-08-17,0.09999999999999999,neutral,14,1,0.0
NORGES_BANK,2023-10-27,0.09999999999999999,neutral,14,1,0.0
NORGES_BANK,2023-11-23,0.09999999999999999,neutral,14,1,0.0
NORGES_BANK,2024-02-15,0.0,neutral,14,1,0.0
NORGES_BANK,2024-02-23,0.0,neutral,15,1,0.0
NORGES_BANK,2024-04-30,0.0,neutral,16,2,0.0
NORGES_BANK,2024-05-07,0.0,neutral,16,1,0.0
NORGES_BANK,2024-07-24,0.0,neutral,16,1,0.0
NORGES_BANK,2024-08-23,0.0,neutral,17,1,0.0
NORGES_BANK,2024-10-17,0.0,neutral,17,1,0.0
NORGES_BANK,2024-10-24,0.0,neutral,18,1,0.0
NORGES_BANK,2024-11-07,0.0,neutral,18,1,0.0
NORGES_BANK,2025-01-30,0.0,neutral,18,1,0.0
NORGES_BANK,2025-02-13,0.0,neutral,18,1,0.0
NORGES_BANK,2025-02-27,0.0,neutral,18,2,0.0
NORGES_BANK,2025-04-08,0.0,neutral,19,1,0.0
NORGES_BANK,2025-05-09,0.11578947368421054,neutral,19,1,2.2
NORGES_BANK,2025-05-13,0.11578947368421054,neutral,19,2,0.0
NORGES_BANK,2025-06-01,0.11578947368421054,neutral,19,1,0.0
NORGES_BANK,2026-01-29,0.11578947368421054,neutral,19,1,0.0
NORGES_BANK,2026-02-12,0.11578947368421054,neutral,19,1,0.0
NORGES_BANK,2026-02-24,0.11578947368421054,neutral,19,1,0.0
NORGES_BANK,2026-03-26,0.11578947368421054,neutral,19,1,0.0
NORGES_BANK,2026-05-05,0.11578947368421054,neutral,19,2,0.0
NORGES_BANK,2026-05-07,0.12631578947368421,neutral,19,1,2.4
NORGES_BANK,2026-05-21,0.12,neutral,20,1,0.0
RBA,2021-02-02,0.0,neutral,0,2,0.0
RBA,2021-02-03,0.0,neutral,1,1,0.0
RBA,2021-02-05,-0.7,neutral,1,1,-1.4
RBA,2021-02-07,-0.2499999999999999,neutral,2,1,0.20000000000000018
RBA,2021-02-17,-0.1666666666666666,neutral,3,1,0.0
RBA,2021-03-02,-0.1666666666666666,neutral,3,2,-0.7
RBA,2021-03-10,-0.4749999999999999,neutral,4,1,-1.4
RBA,2021-03-15,-0.37999999999999995,neutral,5,1,0.0
RBA,2021-03-17,-0.23999999999999994,neutral,5,1,0.0
RBA,2021-03-18,-0.039999999999999945,neutral,5,1,2.0
RBA,2021-04-06,-0.039999999999999945,neutral,5,2,0.0
RBA,2021-04-09,-0.03333333333333329,neutral,6,1,0.0
RBA,2021-05-04,-0.03333333333333329,neutral,6,2,0.0
RBA,2021-05-06,-0.08888888888888885,neutral,6,1,0.0
RBA,2021-06-01,-0.08888888888888885,neutral,6,2,0.0
RBA,2021-06-02,0.027777777777777807,neutral,6,1,0.0
RBA,2021-06-03,0.023809523809523836,neutral,7,1,0.0
RBA,2021-06-09,3.172065784643304e-17,neutral,7,1,0.0
RBA,2021-06-17,2.7755575615628914e-17,neutral,8,1,0.0
RBA,2021-06-23,2.7755575615628914e-17,neutral,8,1,0.0
RBA,2021-07-06,-0.06249999999999997,neutral,8,3,0.0
RBA,2021-07-08,-0.06249999999999997,neutral,8,1,0.0
RBA,2021-07-27,-0.05555555555555553,neutral,9,1,0.0
RBA,2021-08-02,-0.049999999999999975,neutral,10,1,0.0
RBA,2021-08-03,-0.049999999999999975,neutral,10,2,-0.7
RBA,2021-08-06,-0.049999999999999975,neutral,10,1,0.0
RBA,2021-08-20,-0.049999999999999975,neutral,10,1,0.0
RBA,2021-09-07,-0.049999999999999975,neutral,10,2,-0.7
RBA,2021-09-08,-0.045454545454545435,neutral,11,1,0.0
RBA,2021-09-09,-0.045454545454545435,neutral,11,1,0.0
RBA,2021-09-11,-0.04166666666666665,neutral,12,1,0.0
RBA,2021-09-14,-0.07083333333333332,neutral,12,1,-1.4
RBA,2021-09-22,-0.06499999999999999,neutral,12,1,0.0
RBA,2021-10-05,-0.06499999999999999,neutral,12,2,0.7
RBA,2021-10-08,-0.00666666666666665,neutral,12,1,0.0
RBA,2021-10-14,-0.006153846153846138,neutral,13,3,0.0
RBA,2021-10-22,-0.006153846153846138,neutral,13,1,0.0
RBA,2021-11-02,-0.011538461538461523,neutral,13,4,0.0
RBA,2021-11-11,-0.011538461538461523,neutral,13,1,0.0
RBA,2021-11-13,-0.011538461538461523,neutral,13,1,0.0
RBA,2021-11-14,-0.011538461538461523,neutral,13,1,0.0
RBA,2021-11-15,-0.0107142857142857,neutral,14,1,0.0
RBA,2021-11-16,-0.009999999999999986,neutral,15,1,0.0
RBA,2021-11-18,-0.005333333333333319,neutral,15,2,0.0
RBA,2021-11-23,1.295260195396016e-17,neutral,15,2,0.0
RBA,2021-11-24,0.0029629629629629745,neutral,15,2,0.0
RBA,2021-11-30,0.004000000000000013,neutral,15,2,0.0
RBA,2021-12-07,0.004000000000000013,neutral,15,2,0.0
RBA,2021-12-09,0.0048484848484848615,neutral,15,1,0.0
RBA,2021-12-16,0.011764705882352951,neutral,17,3,0.0
RBA,2022-02-01,0.011764705882352951,neutral,17,2,-0.7
RBA,2022-02-02,0.011764705882352951,neutral,17,1,0.0
RBA,2022-02-06,0.15199666673076948,neutral,18,1,2.5359400011538504
RBA,2022-02-11,0.1433546914221275,neutral,18,1,-1.4
RBA,2022-02-13,0.021132469199905277,neutral,18,1,-2.2
RBA,2022-02-19,0.021132469199905277,neutral,18,1,0.0
RBA,2022-02-22,0.021132469199905277,neutral,18,1,0.0
RBA,2022-03-01,0.021132469199905277,neutral,18,2,1.2
RBA,2022-03-02,0.08224358031101639,neutral,18,1,0.0
RBA,2022-03-09,0.08224358031101639,neutral,18,2,-0.7
RBA,2022-03-11,0.08224358031101639,neutral,18,1,0.0
RBA,2022-03-12,0.06668802475546085,neutral,18,1,0.0
RBA,2022-03-13,-0.0037547530543683427,neutral,18,1,0.0
RBA,2022-03-22,-0.001162160461775752,neutral,18,1,0.0
RBA,2022-04-05,-0.001162160461775752,neutral,18,2,0.0
RBA,2022-05-03,-0.001162160461775752,neutral,18,4,0.36323312532452035
RBA,2022-05-13,0.0006896913900761056,neutral,18,1,0.0
RBA,2022-05-23,0.0006896913900761056,neutral,18,1,0.0
RBA,2022-05-25,0.0020785802789649896,neutral,18,1,0.0
RBA,2022-06-05,0.003158827192545245,neutral,18,1,0.0
RBA,2022-06-07,0.003158827192545245,neutral,18,2,-0.19999999999999996
RBA,2022-06-14,0.003158827192545245,neutral,18,1,0.0
RBA,2022-06-21,-0.018298265395500817,neutral,18,1,-3.250699332842307
RBA,2022-06-24,-0.017335198795737614,neutral,19,1,0.0
RBA,2022-07-05,-0.017335198795737614,neutral,19,2,0.0
RBA,2022-07-09,-0.08407046198399683,neutral,19,1,0.0
RBA,2022-07-14,-0.07599705872665138,neutral,20,2,0.0
RBA,2022-07-17,-0.07237815116823942,neutral,21,1,0.0
RBA,2022-07-19,-0.07237815116823942,neutral,21,1,0.0
RBA,2022-07-20,-0.07237815116823942,neutral,21,1,0.0
RBA,2022-08-02,-0.07237815116823942,neutral,21,3,0.0
RBA,2022-08-06,-0.061280617721944944,neutral,21,1,1.4
RBA,2022-08-24,-0.04907962433472729,neutral,21,1,2.0
RBA,2022-09-06,-0.04907962433472729,neutral,21,2,-1.1094737505048093
RBA,2022-09-07,-0.04907962433472729,neutral,21,1,0.0
RBA,2022-09-08,-0.04907962433472729,neutral,21,1,0.0
RBA,2022-09-11,-0.04924889946755914,neutral,21,1,0.0
RBA,2022-09-16,0.003132052913393233,neutral,21,1,0.0
RBA,2022-09-19,0.025245653817082398,neutral,21,1,0.0
RBA,2022-09-21,0.01402116402116403,neutral,21,1,-1.4
RBA,2022-09-28,0.013383838383838392,neutral,22,1,0.0
RBA,2022-10-04,0.013383838383838392,neutral,22,2,0.7264662506490407
RBA,2022-10-12,0.012121212121212128,neutral,22,2,0.0
RBA,2022-10-18,0.01111111111111112,neutral,22,1,0.0
RBA,2022-10-24,0.010284664830119384,neutral,22,1,0.0
RBA,2022-11-01,0.00983750548967941,neutral,23,3,0.6
RBA,2022-11-03,0.00983750548967941,neutral,23,1,0.0
RBA,2022-11-09,-0.001229688186209917,neutral,23,1,-1.4
RBA,2022-11-22,-0.001229688186209917,neutral,23,1,0.0
RBA,2022-11-29,-0.0011784511784511704,neutral,24,1,0.0
RBA,2022-11-30,-0.008754208754208745,neutral,24,1,0.0
RBA,2022-12-06,-0.008754208754208745,neutral,24,2,0.0
RBA,2022-12-08,-0.008754208754208745,neutral,24,1,0.0
RBA,2022-12-14,0.006397306397306406,neutral,24,1,4.0
RBA,2023-02-01,0.023518518518518525,neutral,24,1,0.0
RBA,2023-02-07,0.023518518518518525,neutral,24,2,0.20000000000000007
RBA,2023-02-10,0.035185185185185194,neutral,24,1,0.0
RBA,2023-02-11,0.035185185185185194,neutral,24,1,0.0
RBA,2023-02-12,0.029629629629629634,neutral,24,1,0.0
RBA,2023-02-17,0.029629629629629634,neutral,24,1,0.0
RBA,2023-02-23,0.029629629629629634,neutral,24,1,0.0
RBA,2023-03-01,0.02844444444444445,neutral,25,1,0.0
RBA,2023-03-05,0.02844444444444445,neutral,25,1,0.0
RBA,2023-03-07,0.02844444444444445,neutral,25,2,4.201955000865388
RBA,2023-03-08,0.044444444444444446,neutral,25,1,2.4
RBA,2023-03-20,0.017777777777777785,neutral,25,1,0.0
RBA,2023-03-28,0.0154920634920635,neutral,25,1,0.0
RBA,2023-04-04,0.0154920634920635,neutral,25,2,2.4
RBA,2023-04-05,0.025777777777777785,neutral,25,1,2.4
RBA,2023-04-10,0.025777777777777785,neutral,25,1,0.0
RBA,2023-04-12,0.0017777777777777848,neutral,25,1,-1.2
RBA,2023-04-13,-0.0008888888888888813,neutral,25,1,0.0
RBA,2023-04-20,-0.003022222222222215,neutral,25,1,0.0
RBA,2023-05-02,0.08497777777777778,neutral,25,3,2.1999999999999997
RBA,2023-05-03,0.03697777777777777,neutral,25,1,0.0
RBA,2023-05-24,0.03697777777777777,neutral,25,1,0.0
RBA,2023-06-06,0.03697777777777777,neutral,25,2,0.7000000000000001
RBA,2023-06-07,0.05434920634920635,neutral,25,2,2.0
RBA,2023-06-20,0.061050061050061055,neutral,26,2,0.8
RBA,2023-07-04,0.061050061050061055,neutral,26,2,4.0019550008653875
RBA,2023-07-09,0.05299145299145299,neutral,26,1,0.0
RBA,2023-07-12,0.22222222222222227,neutral,26,1,4.4
RBA,2023-07-14,0.22222222222222227,neutral,26,2,0.0
RBA,2023-08-01,0.22222222222222227,neutral,26,2,2.4
RBA,2023-08-08,0.22222222222222227,neutral,26,1,0.0
RBA,2023-08-11,0.300993484726541,neutral,26,2,0.43485155455967717
RBA,2023-08-29,0.25483963857269487,neutral,26,1,0.0
RBA,2023-09-05,0.25483963857269487,neutral,26,2,1.7
RBA,2023-09-07,0.2329254472806796,neutral,26,1,0.0
RBA,2023-10-03,0.2329254472806796,neutral,26,2,2.4
RBA,2023-10-10,0.22429857886287669,neutral,27,1,0.0
RBA,2023-10-11,0.23031055800993763,neutral,27,1,2.4
RBA,2023-10-14,0.23031055800993763,neutral,27,2,0.0
RBA,2023-10-16,0.22923685046781497,neutral,27,1,0.0
RBA,2023-10-18,0.22789471604016165,neutral,27,2,0.0
RBA,2023-10-24,0.22744733789761054,neutral,27,1,0.0
RBA,2023-10-31,0.23449684279097707,neutral,27,1,2.0
RBA,2023-11-03,0.23353061278790654,neutral,27,1,0.0
RBA,2023-11-07,0.23353061278790654,neutral,27,2,2.6
RBA,2023-11-11,0.24016460905349798,neutral,27,1,0.0
RBA,2023-11-13,0.2386831275720165,neutral,27,1,0.0
RBA,2023-11-21,0.2559670781893004,neutral,27,2,-0.6
RBA,2023-11-22,0.255207344096233,neutral,27,1,0.0
RBA,2023-11-28,0.2460927960927961,neutral,28,1,0.0
RBA,2023-12-01,0.2460927960927961,neutral,28,1,0.0
RBA,2023-12-05,0.2460927960927961,neutral,28,2,2.4
RBA,2023-12-08,0.2460927960927961,neutral,28,1,0.0
RBA,2023-12-12,0.25056689342403626,neutral,28,1,2.0
RBA,2023-12-14,0.2496825396825397,neutral,28,1,0.0
RBA,2024-02-06,0.3015325670498084,neutral,29,4,0.5
RBA,2024-02-09,0.2670498084291188,neutral,29,1,0.0
RBA,2024-02-12,0.2675424192665572,neutral,29,1,0.0
RBA,2024-02-13,0.2675424192665572,neutral,29,1,0.0
RBA,2024-03-09,0.27739463601532566,neutral,29,1,0.0
RBA,2024-03-11,0.2636015325670498,neutral,29,1,0.0
RBA,2024-03-12,0.2548148148148148,neutral,30,1,0.0
RBA,2024-03-19,0.24370370370370373,neutral,30,3,1.3333333333333333
RBA,2024-03-26,0.24370370370370373,neutral,30,1,0.0
RBA,2024-04-02,0.24370370370370373,neutral,30,1,0.0
RBA,2024-04-04,0.23584229390681002,neutral,31,1,0.0
RBA,2024-04-13,0.22847222222222222,neutral,32,1,0.0
RBA,2024-05-07,0.28680555555555554,neutral,32,3,2.533333333333333
RBA,2024-05-16,0.28680555555555554,neutral,32,1,0.0
RBA,2024-05-28,0.2781144781144781,neutral,33,1,0.0
RBA,2024-05-30,0.3023569023569024,neutral,33,1,1.6
RBA,2024-06-07,0.3405228758169934,neutral,34,1,1.6
RBA,2024-06-11,0.3405228758169934,neutral,34,1,0.0
RBA,2024-06-18,0.4872548055699787,neutral,35,4,3.9679700005769254
RBA,2024-06-26,0.4872548055699787,neutral,35,1,3.2
RBA,2024-06-27,0.46439766271283595,neutral,35,1,0.0
RBA,2024-07-08,0.3881169603270757,neutral,35,1,0.0
RBA,2024-07-12,0.4338312460413614,neutral,35,1,1.6
RBA,2024-08-06,0.4035355079557388,neutral,35,3,3.9572933341025673
RBA,2024-08-08,0.4035355079557388,neutral,35,1,1.4
RBA,2024-08-12,0.34829741271764353,neutral,35,2,-0.7
RBA,2024-08-16,0.3652519424840126,neutral,35,1,6.652932501298082
RBA,2024-08-30,0.3647757520078221,neutral,35,1,0.0
RBA,2024-09-05,0.3647757520078221,neutral,35,1,4.0189475010096185
RBA,2024-09-11,0.3647757520078221,neutral,35,2,-0.6
RBA,2024-09-18,0.3647757520078221,neutral,35,1,0.0
RBA,2024-09-24,0.35906146629353636,neutral,35,3,4.206315833669873
RBA,2024-10-08,0.3442995615316316,neutral,35,1,0.0
RBA,2024-10-09,0.3442995615316316,neutral,35,1,-2.2189475010096187
RBA,2024-10-10,0.32144241867448875,neutral,35,1,0.0
RBA,2024-10-12,0.2757281329602031,neutral,35,1,0.0
RBA,2024-10-13,0.3214424186744888,neutral,35,1,1.6
RBA,2024-10-16,0.3214424186744888,neutral,35,1,0.0
RBA,2024-10-21,0.32477575200782216,neutral,35,1,0.0
RBA,2024-11-05,0.35004965081562894,neutral,35,3,1.8497668890525645
RBA,2024-11-08,0.3403260494040837,neutral,36,1,0.0
RBA,2024-11-11,0.37365938273741706,neutral,36,1,2.4
RBA,2024-11-14,0.33260396606807935,neutral,36,1,2.2189475010096187
RBA,2024-11-15,0.3131595216236349,neutral,36,1,-1.4
RBA,2024-11-18,0.3131595216236349,neutral,36,1,0.0
RBA,2024-11-21,0.2848310609708126,neutral,36,1,0.0
RBA,2024-11-28,0.2848310609708126,neutral,36,1,-1.4
RBA,2024-12-02,0.2848310609708126,neutral,36,1,0.0
RBA,2024-12-10,0.2723836929180616,neutral,36,3,1.006315833669873
RBA,2024-12-11,0.2821059151402838,neutral,36,1,0.0
RBA,2024-12-12,0.3285354850013572,neutral,37,2,1.0
RBA,2024-12-13,0.3285354850013572,neutral,37,1,0.0
RBA,2025-01-30,0.3198898143434268,neutral,38,1,0.0
RBA,2025-02-05,0.3409424459223741,neutral,38,1,1.6
RBA,2025-02-18,0.29519544591528907,neutral,38,3,1.2176441670993605
RBA,2025-02-20,0.29519544591528907,neutral,38,1,0.0
RBA,2025-02-21,0.29519544591528907,neutral,38,1,0.0
RBA,2025-02-25,0.313616498546868,neutral,38,1,0.0
RBA,2025-02-27,0.313616498546868,neutral,38,1,0.0
RBA,2025-03-05,0.313616498546868,neutral,38,1,0.0
RBA,2025-03-09,0.27151123538897326,neutral,38,1,0.0
RBA,2025-03-10,0.23993228802055222,neutral,38,1,0.0
RBA,2025-03-13,0.23993228802055222,neutral,38,1,0.0
RBA,2025-03-14,0.2329147441609031,neutral,38,2,0.0
RBA,2025-03-18,0.2329147441609031,neutral,38,1,-4.650699332842307
RBA,2025-03-25,0.2329147441609031,neutral,38,1,0.0
RBA,2025-04-01,0.20626654238880454,neutral,38,3,-0.8792983340064126
RBA,2025-04-02,0.2009776566865275,neutral,39,1,0.0
RBA,2025-04-10,0.20187284365449676,neutral,39,1,0.0
RBA,2025-04-29,0.19682602256313433,neutral,40,1,0.0
RBA,2025-05-20,0.1717076006818242,neutral,40,3,-1.6729825003365395
RBA,2025-05-22,0.1717076006818242,neutral,40,1,0.0
RBA,2025-06-02,0.1717076006818242,neutral,40,1,0.0
RBA,2025-06-03,0.1675196104212919,neutral,41,1,0.0
RBA,2025-06-12,0.16353104826840403,neutral,42,1,0.0
RBA,2025-07-08,0.16122528438352154,neutral,42,3,-0.9333333333333332
RBA,2025-07-09,0.16122528438352154,neutral,42,1,0.0
RBA,2025-07-11,0.15747585916530013,neutral,43,1,0.0
RBA,2025-07-24,0.15389686236608877,neutral,44,1,0.0
RBA,2025-07-31,0.15389686236608877,neutral,44,1,0.0
RBA,2025-08-04,0.15389686236608877,neutral,44,1,0.0
RBA,2025-08-08,0.14177565024487662,neutral,44,1,0.0
RBA,2025-08-12,0.11714914014758643,neutral,44,3,-1.083566444280769
RBA,2025-09-03,0.1339593484885684,neutral,44,1,0.0
RBA,2025-09-07,0.1339593484885684,neutral,44,1,0.0
RBA,2025-09-12,0.1339593484885684,neutral,44,2,0.0
RBA,2025-09-14,0.1339593484885684,neutral,44,2,0.0
RBA,2025-09-16,0.1339593484885684,neutral,44,2,0.0
RBA,2025-09-17,0.1339593484885684,neutral,44,1,0.0
RBA,2025-09-22,0.1427674911644061,neutral,44,1,0.0
RBA,2025-09-30,0.13796625176531954,neutral,44,3,-1.206315833669873
RBA,2025-10-03,0.14317052966975283,neutral,44,1,0.0
RBA,2025-10-10,0.14317052966975283,neutral,44,1,0.0
RBA,2025-10-11,0.11795521715827988,neutral,44,1,-2.2189475010096187
RBA,2025-10-14,0.11795521715827988,neutral,44,2,0.0
RBA,2025-10-15,0.11795521715827988,neutral,44,1,0.0
RBA,2025-10-16,0.12051917529550328,neutral,45,2,0.0
RBA,2025-10-21,0.12051917529550328,neutral,45,1,0.0
RBA,2025-10-24,0.12341316832928738,neutral,45,1,0.0
RBA,2025-10-27,0.12558366310462546,neutral,45,1,0.0
RBA,2025-11-04,0.12332120842371555,neutral,45,3,-1.0
RBA,2025-11-09,0.12332120842371555,neutral,45,1,0.0
RBA,2025-11-10,0.12332120842371555,neutral,45,1,0.0
RBA,2025-11-12,0.12064031258841737,neutral,46,2,0.0
RBA,2025-11-14,0.1180734974269617,neutral,47,3,0.0
RBA,2025-11-20,0.11211605061845105,neutral,47,1,-1.4
RBA,2025-11-26,0.10978029956389997,neutral,48,1,0.0
RBA,2025-12-09,0.10773468416058635,neutral,48,3,-1.5502331109474357
RBA,2025-12-15,0.10553601713690089,neutral,49,1,0.0
RBA,2025-12-16,0.10553601713690089,neutral,49,2,0.0
RBA,2026-01-08,0.10553601713690089,neutral,49,1,0.0
RBA,2026-02-03,0.09856369443915268,neutral,49,3,0.13333333333333344
RBA,2026-02-04,0.09856369443915268,neutral,49,1,0.0
RBA,2026-02-06,0.10689940645562311,neutral,49,1,0.0
RBA,2026-02-11,0.09057287584337821,neutral,49,1,-1.6
RBA,2026-02-12,0.08676335203385441,neutral,49,1,0.0
RBA,2026-02-13,0.08676335203385441,neutral,49,1,0.0
RBA,2026-02-24,0.06726768500086966,neutral,50,3,0.8453133337179501
RBA,2026-02-25,0.07135218388894017,neutral,50,1,0.0
RBA,2026-03-02,0.08068551722227352,neutral,50,1,0.0
RBA,2026-03-03,0.07753621655511582,neutral,50,1,-1.4
RBA,2026-03-07,0.07597631655319273,neutral,50,1,0.0
RBA,2026-03-09,0.09816579156328892,neutral,50,1,0.0
RBA,2026-03-10,0.09722985156213508,neutral,50,2,0.0
RBA,2026-03-13,0.09722985156213508,neutral,50,1,0.0
RBA,2026-03-14,0.09722985156213508,neutral,50,3,0.0
RBA,2026-03-17,0.1198326488935043,neutral,50,3,0.9283208335737188
RBA,2026-03-25,0.1198326488935043,neutral,50,1,0.0
RBA,2026-03-26,0.1678326488935043,neutral,50,1,2.4
RBA,2026-04-14,0.1622326488935043,neutral,50,1,-1.4
RBA,2026-04-16,0.16254202222606842,neutral,50,1,0.0
RBA,2026-04-17,0.16254202222606842,neutral,50,1,0.0
RBA,2026-05-05,0.1537420222260684,neutral,50,3,0.0666666666666668
RBA,2026-05-11,0.1537420222260684,neutral,50,1,0.0
RBA,2026-05-19,0.1537420222260684,neutral,50,2,0.0
RBA,2026-05-27,0.1537420222260684,neutral,50,1,0.0
RBA,2026-06-02,0.1537420222260684,neutral,50,1,0.0
RBNZ,2021-02-10,2.4,leaning hawkish,0,1,2.4
RBNZ,2021-02-23,0.0,neutral,0,1,0.0
RBNZ,2021-03-04,0.0,neutral,0,1,0.0
RBNZ,2021-05-06,0.0,neutral,0,1,0.0
RBNZ,2021-05-25,0.0,neutral,0,1,0.0
RBNZ,2021-06-02,0.0,neutral,1,1,0.0
RBNZ,2021-06-29,0.0,neutral,2,1,0.0
RBNZ,2021-08-17,0.0,neutral,2,1,0.0
RBNZ,2021-09-21,0.0,neutral,2,1,-1.4
RBNZ,2021-10-14,0.0,neutral,2,1,0.0
RBNZ,2021-11-02,0.0,neutral,2,1,0.0
RBNZ,2021-11-23,0.0,neutral,2,1,2.2
RBNZ,2021-12-07,0.0,neutral,3,1,0.0
RBNZ,2021-12-15,0.0,neutral,4,1,0.0
RBNZ,2022-02-08,0.0,neutral,4,1,0.0
RBNZ,2022-02-22,0.0,neutral,4,1,1.0000000000000004
RBNZ,2022-02-25,0.0,neutral,5,1,0.0
RBNZ,2022-04-27,0.0,neutral,6,1,0.0
RBNZ,2022-05-24,0.0,neutral,6,1,-2.6
RBNZ,2022-06-12,0.0,neutral,7,1,0.0
RBNZ,2022-06-29,0.0,neutral,8,1,0.0
RBNZ,2022-08-16,0.0,neutral,8,1,-0.39999999999999947
RBNZ,2022-09-06,0.0,neutral,9,1,0.0
RBNZ,2022-09-18,0.0,neutral,10,1,0.0
RBNZ,2022-09-21,0.0,neutral,11,1,0.0
RBNZ,2022-10-26,0.0,neutral,11,1,0.0
RBNZ,2022-11-08,0.0,neutral,11,1,0.0
RBNZ,2022-11-22,0.0,neutral,11,1,0.0
RBNZ,2022-11-23,0.0,neutral,12,1,0.0
RBNZ,2023-02-21,0.0,neutral,12,1,-1.2
RBNZ,2023-03-23,0.0,neutral,12,1,0.0
RBNZ,2023-05-23,0.0,neutral,12,1,3.3999999999999995
RBNZ,2023-06-12,0.0,neutral,13,1,0.0
RBNZ,2023-06-30,0.0,neutral,14,1,0.0
RBNZ,2023-08-15,0.0,neutral,14,1,2.4
RBNZ,2023-09-07,0.0,neutral,14,1,0.0
RBNZ,2023-11-28,0.0,neutral,14,1,1.267970000576926
RBNZ,2024-02-27,0.0,neutral,14,1,-2.231751831832688
RBNZ,2024-05-22,0.0,neutral,14,1,0.30000000000000004
RBNZ,2024-08-14,0.0,neutral,14,1,-0.7130824984134558
RBNZ,2024-11-27,0.0,neutral,14,1,2.498044999134613
RBNZ,2025-02-18,0.0,neutral,14,1,-1.2189475010096187
RBNZ,2025-04-14,0.0,neutral,15,1,0.0
RBNZ,2025-05-27,0.0,neutral,15,1,0.5810524989903811
RBNZ,2025-06-25,0.0,neutral,16,1,0.0
RBNZ,2025-08-19,0.0,neutral,16,1,-1.450699332842307
RBNZ,2025-09-10,0.0,neutral,17,1,0.0
RBNZ,2025-10-15,0.0,neutral,18,1,0.0
RBNZ,2025-10-29,0.0,neutral,18,2,0.0
RBNZ,2025-11-26,0.0,neutral,18,1,0.40000000000000013
RBNZ,2025-12-18,0.0,neutral,19,1,0.0
RBNZ,2026-02-18,0.0,neutral,19,1,-4.1209025018750065
RBNZ,2026-02-20,0.0,neutral,20,1,0.0
RBNZ,2026-03-19,0.0,neutral,20,1,0.0
RBNZ,2026-03-24,0.10566416671474374,neutral,21,1,2.2189475010096187
RBNZ,2026-03-25,0.10566416671474374,neutral,21,1,0.0
RBNZ,2026-05-26,0.10566416671474374,neutral,21,1,0.4206806095520488
RIKSBANK,2021-06-01,0.0,neutral,7,20,0.0
RIKSBANK,2022-06-01,0.0,neutral,7,21,0.0
RIKSBANK,2023-06-01,0.017283950617283952,neutral,9,28,0.049999999999999996
RIKSBANK,2024-06-01,0.03333333333333333,neutral,16,50,0.092
RIKSBANK,2025-06-01,0.11817181878573974,neutral,18,38,0.41102493423709524
RIKSBANK,2026-06-01,0.08796296296296297,neutral,18,2,0.0
SNB,2021-04-15,0.0,neutral,1,1,0.0
SNB,2021-04-30,0.0,neutral,3,2,0.0
SNB,2021-06-17,0.0,neutral,5,3,0.0
SNB,2021-08-31,0.0,neutral,5,1,0.0
SNB,2021-09-23,0.0,neutral,5,1,0.0
SNB,2021-11-11,0.0,neutral,5,1,0.0
SNB,2021-12-16,0.0,neutral,5,3,0.0
SNB,2022-03-29,0.0,neutral,5,1,0.0
SNB,2022-03-31,0.0,neutral,5,1,0.0
SNB,2022-04-29,0.27999999999999997,neutral,5,2,0.7
SNB,2022-06-16,0.13999999999999999,neutral,5,3,0.0
SNB,2022-08-27,0.0,neutral,5,1,0.0
SNB,2022-09-13,0.0,neutral,5,1,0.0
SNB,2022-09-22,0.0,neutral,6,4,0.0
SNB,2022-09-23,0.0,neutral,6,1,0.0
SNB,2022-10-11,0.0,neutral,6,1,0.0
SNB,2022-11-08,0.0,neutral,6,1,0.0
SNB,2022-11-17,0.0,neutral,6,1,0.0
SNB,2022-11-29,0.0,neutral,6,1,0.0
SNB,2022-12-15,0.0,neutral,6,3,0.0
SNB,2023-03-23,0.0,neutral,6,1,0.0
SNB,2023-03-30,0.0,neutral,6,1,0.0
SNB,2023-04-28,0.0,neutral,6,2,0.0
SNB,2023-06-22,0.0,neutral,6,1,0.0
SNB,2023-09-21,0.0,neutral,7,1,0.0
SNB,2023-09-28,0.0,neutral,7,1,0.0
SNB,2023-11-01,0.0,neutral,7,1,0.0
SNB,2023-11-09,0.0,neutral,7,2,0.0
SNB,2023-11-14,0.0,neutral,7,1,0.0
SNB,2023-11-18,0.0,neutral,7,1,0.0
SNB,2023-12-14,0.0,neutral,7,1,0.0
SNB,2024-03-21,0.0,neutral,8,1,0.0
SNB,2024-04-08,0.0,neutral,8,1,0.0
SNB,2024-04-09,0.0,neutral,8,1,0.0
SNB,2024-04-18,0.0,neutral,9,1,0.0
SNB,2024-04-26,0.0,neutral,9,2,0.0
SNB,2024-05-06,0.0,neutral,9,1,0.0
SNB,2024-05-30,0.0,neutral,9,1,0.0
SNB,2024-06-20,0.0,neutral,9,1,0.0
SNB,2024-09-26,0.0,neutral,9,1,0.0
SNB,2024-10-03,0.0,neutral,9,1,0.0
SNB,2024-10-30,0.0,neutral,10,1,0.0
SNB,2024-11-21,0.0,neutral,11,1,0.0
SNB,2024-11-22,0.0,neutral,11,1,0.0
SNB,2024-12-12,0.0,neutral,12,1,0.0
SNB,2025-03-20,0.0,neutral,12,1,0.0
SNB,2025-04-10,0.0,neutral,12,1,0.0
SNB,2025-04-25,0.0,neutral,12,2,0.0
SNB,2025-04-29,0.0,neutral,12,1,0.0
SNB,2025-06-06,0.0,neutral,12,1,0.0
SNB,2025-06-19,0.0,neutral,12,1,0.0
SNB,2025-09-10,0.0,neutral,12,1,0.0
SNB,2025-09-25,-0.11666666666666665,neutral,12,1,-1.4
SNB,2025-09-30,-0.05833333333333333,neutral,12,2,0.0
SNB,2025-10-02,-0.05833333333333333,neutral,12,1,0.0
SNB,2025-10-22,-0.05833333333333333,neutral,12,1,0.0
SNB,2025-10-24,-0.03888888888888888,neutral,12,1,0.0
SNB,2025-11-04,-0.03888888888888888,neutral,12,1,0.0
SNB,2025-11-05,-0.029166666666666664,neutral,12,1,0.0
SNB,2025-11-12,-0.029166666666666664,neutral,12,1,0.0
SNB,2025-11-13,-0.029166666666666664,neutral,12,1,0.0
SNB,2025-11-21,-0.02333333333333333,neutral,12,2,0.0
SNB,2025-11-22,-0.02333333333333333,neutral,12,1,0.0
SNB,2025-12-11,-0.03888888888888888,neutral,12,1,-1.4
