meeting_id,bank,meeting_date,statement_score,minutes_score,press_conference_score,speech_avg_score,meeting_cycle_score,meeting_cycle_lean,documents_scored
BOC_2024_06_A,BOC,2024-06-05,0.0,,,,0.0,neutral,1
BOC_2024_06_B,BOC,2024-06-07,-2.2189475010096187,,,0.0,-1.8155025008260515,leaning dovish,3
BOC_2024_09,BOC,2024-09-04,0.0,,,0.0,0.0,neutral,4
BOC_2024_10,BOC,2024-10-23,-1.4,,,0.0,-1.1454545454545453,leaning dovish,3
BOC_2024_12,BOC,2024-12-11,0.0,,,0.0,0.0,neutral,3
BOC_2025_01,BOC,2025-01-29,-1.4,,,0.0,-1.1454545454545453,leaning dovish,2
BOC_2025_03,BOC,2025-03-12,0.0,,,0.0,0.0,neutral,2
BOC_2025_04,BOC,2025-04-16,0.0,,,,0.0,neutral,1
BOC_2025_06,BOC,2025-06-04,0.0,,,0.0,0.0,neutral,3
BOC_2025_07,BOC,2025-07-30,0.0,,,0.0,0.0,neutral,2
BOC_2025_09,BOC,2025-09-17,0.0,,,0.0,0.0,neutral,4
BOC_2025_10,BOC,2025-10-29,0.0,,,0.0,0.0,neutral,2
BOC_2025_12_A,BOC,2025-12-10,0.0,,,,0.0,neutral,1
BOC_2025_12_B,BOC,2025-12-10,0.0,,,0.0,0.0,neutral,2
BOC_2026_01_A,BOC,2026-01-28,0.0,,,,0.0,neutral,1
BOC_2026_01_B,BOC,2026-01-28,0.0,,,0.0,0.0,neutral,3
BOC_2026_03_A,BOC,2026-03-18,0.0,,,,0.0,neutral,1
BOC_2026_03_B,BOC,2026-03-18,0.0,,,0.0,0.0,neutral,2
BOC_2026_04_A,BOC,2026-04-29,0.0,,,,0.0,neutral,1
BOC_2026_04_B,BOC,2026-04-29,0.0,,,,0.0,neutral,1
BOC_2026_04_C,BOC,2026-04-29,0.0,,,0.0,0.0,neutral,4
BOE_2021_06_A,BOE,2021-06-01,1.0,,,,1.0,leaning hawkish,1
BOE_2021_06_B,BOE,2021-06-01,-2.2189475010096187,,,,-2.2189475010096187,leaning dovish,1
BOE_2021_06_C,BOE,2021-06-01,0.0,,,,0.0,neutral,1
BOE_2021_06_D,BOE,2021-06-01,0.0,,,-0.0017522101721015306,-0.00031858366765482373,neutral,70
BOE_2022_06_A,BOE,2022-06-01,0.7999999999999998,,,,0.7999999999999998,neutral,1
BOE_2022_06_B,BOE,2022-06-01,-2.0378950020192375,,,,-2.0378950020192375,leaning dovish,1
BOE_2022_06_C,BOE,2022-06-01,2.0,,,,2.0,leaning hawkish,1
BOE_2022_06_D,BOE,2022-06-01,-1.5019550008653866,,,0.37862444751327584,-1.1600314647965386,leaning dovish,69
BOE_2023_06_A,BOE,2023-06-01,6.803910001730775,,,,6.803910001730774,hawkish,1
BOE_2023_06_B,BOE,2023-06-01,7.886917501586543,,,,7.886917501586543,hawkish,1
BOE_2023_06_C,BOE,2023-06-01,5.0718800023077,,,,5.0718800023077,hawkish,1
BOE_2023_06_D,BOE,2023-06-01,4.384962500721156,,,0.4342743181512237,3.6666555584357132,hawkish,67
BOE_2024_06_A,BOE,2024-06-01,-1.8,,,,-1.8,leaning dovish,1
BOE_2024_06_B,BOE,2024-06-01,7.433985000288463,,,,7.433985000288463,hawkish,1
BOE_2024_06_C,BOE,2024-06-01,0.8869175015865447,,,,0.8869175015865447,neutral,1
BOE_2024_06_D,BOE,2024-06-01,-1.1637818312557626,,,0.1291783035765797,-0.9286981703771551,neutral,57
BOE_2025_06_A,BOE,2025-06-01,4.77618082852673,,,,4.77618082852673,hawkish,1
BOE_2025_06_B,BOE,2025-06-01,-1.418947501009618,,,,-1.418947501009618,leaning dovish,1
BOE_2025_06_C,BOE,2025-06-01,-4.437895002019237,,,,-4.437895002019237,dovish,1
BOE_2025_06_D,BOE,2025-06-01,-0.7999999999999998,,,-0.018987341772151868,-0.6579976985040275,neutral,80
BOE_2026_06_A,BOE,2026-06-01,0.2980449991346128,,,,0.2980449991346128,neutral,1
BOE_2026_06_B,BOE,2026-06-01,0.0,,,0.19089448279840865,0.03470808778152885,neutral,30
BOJ_2026_01,BOJ,2026-01-23,0.0,,,0.6191808253032965,0.11257833187332664,neutral,7
BOJ_2026_03,BOJ,2026-03-19,0.0,,,,0.0,neutral,1
BOJ_2026_04,BOJ,2026-04-28,0.0,,,0.0,0.0,neutral,6
ECB_2021_01,ECB,2021-01-21,0.0,,-1.4,-0.06877194455662429,-0.3825029259408832,neutral,11
ECB_2021_03,ECB,2021-03-11,0.0,,0.40000000000000013,-1.1199999999999999,-0.04266666666666661,neutral,7
ECB_2021_04,ECB,2021-04-22,0.0,,0.6000000000000001,0.0,0.16000000000000003,neutral,9
ECB_2021_06,ECB,2021-06-10,0.0,,1.6,0.4,0.48000000000000015,neutral,10
ECB_2021_07,ECB,2021-07-22,0.0,,,0.0,0.0,neutral,3
ECB_2021_09,ECB,2021-09-09,0.0,,,0.0,0.0,neutral,19
ECB_2021_10,ECB,2021-10-28,0.0,,,0.11176403856139087,0.02032073428388925,neutral,15
ECB_2021_12,ECB,2021-12-16,0.0,,,0.0,0.0,neutral,5
ECB_2022_02,ECB,2022-02-03,0.0,,,-0.3773684376262023,-0.06861244320476406,neutral,10
ECB_2022_03,ECB,2022-03-10,-1.4,,,-0.42378950020192374,-1.2225071818548952,leaning dovish,12
ECB_2022_04,ECB,2022-04-14,-1.4,,,-0.3818181818181818,-1.2148760330578512,leaning dovish,13
ECB_2022_06,ECB,2022-06-09,0.0,,,0.02222222222222224,0.004040404040404043,neutral,11
ECB_2022_07,ECB,2022-07-21,-2.2189475010096187,,,-0.4999999999999999,-1.9064115917351423,leaning dovish,4
ECB_2022_09,ECB,2022-09-08,-1.4,,,0.31359400011538513,-1.0884374545244755,leaning dovish,12
ECB_2022_10,ECB,2022-10-27,-1.4,,,-0.3893643181687061,-1.2162480578488555,leaning dovish,13
ECB_2022_12,ECB,2022-12-15,-1.4,,,0.0,-1.1454545454545453,leaning dovish,4
ECB_2023_02,ECB,2023-02-02,-1.4,,,-0.5599999999999998,-1.247272727272727,leaning dovish,7
ECB_2023_03,ECB,2023-03-16,-1.4,,,-0.616340833189102,-1.2575165151252912,leaning dovish,11
ECB_2023_05,ECB,2023-05-04,-1.4,,,0.44000000000000006,-1.0654545454545452,leaning dovish,12
ECB_2023_06,ECB,2023-06-15,-1.4,,,-1.1773684376262024,-1.359521534113855,leaning dovish,10
ECB_2023_07,ECB,2023-07-27,-1.4,,,-0.09392936677038506,-1.16253261214007,leaning dovish,7
ECB_2023_09,ECB,2023-09-14,-1.4,,,-0.08888888888888885,-1.1616161616161613,leaning dovish,11
ECB_2023_10,ECB,2023-10-26,-1.4,,,-0.33491229175080156,-1.2063476894092366,leaning dovish,14
ECB_2023_12,ECB,2023-12-14,-1.4,,,-0.7,-1.2727272727272725,leaning dovish,4
ECB_2024_01,ECB,2024-01-25,-1.4,,,-0.4666666666666666,-1.2303030303030302,leaning dovish,8
ECB_2024_03,ECB,2024-03-07,-1.4,,,0.7333333333333334,-1.012121212121212,leaning dovish,5
ECB_2024_04,ECB,2024-04-11,-1.4,,,-0.9553036539238169,-1.3191461188952394,leaning dovish,15
ECB_2024_06,ECB,2024-06-06,-1.4,,,-0.6031579168349365,-1.2551196212427156,leaning dovish,8
ECB_2024_07,ECB,2024-07-18,-1.4,,,-0.5547368752524047,-1.2463157955004371,leaning dovish,6
ECB_2024_09,ECB,2024-09-12,-1.4,,,-0.3272727272727272,-1.2049586776859502,leaning dovish,13
ECB_2024_10,ECB,2024-10-17,-1.4,,,-0.01685292711574532,-1.1485187140210447,leaning dovish,18
ECB_2024_12,ECB,2024-12-12,-1.4,,,-0.8047368752524047,-1.2917703409549826,leaning dovish,6
ECB_2025_01,ECB,2025-01-30,-1.4,,,0.5705865002596162,-1.0417115454073425,leaning dovish,7
ECB_2025_03,ECB,2025-03-06,-1.4,,,0.28300749985576873,-1.0939986363898602,leaning dovish,9
ECB_2025_04,ECB,2025-04-17,-1.4,,,-0.9773684376262023,-1.3231578977502185,leaning dovish,10
ECB_2025_06,ECB,2025-06-05,-1.4,,-1.4,-0.40157895841746827,-1.2668771944556623,leaning dovish,15
ECB_2025_07,ECB,2025-07-24,-1.4,,,0.0,-1.1454545454545453,leaning dovish,6
ECB_2025_09,ECB,2025-09-11,-1.4,,,-0.41834589307348974,-1.2215174351042708,leaning dovish,16
ECB_2025_10,ECB,2025-10-30,-1.4,,,-0.4523684376262023,-1.227703352295673,leaning dovish,10
ECB_2025_12,ECB,2025-12-18,-1.4,,,-0.35,-1.209090909090909,leaning dovish,6
ECB_2026_02,ECB,2026-02-05,-1.4,,,-0.13999999999999999,-1.170909090909091,leaning dovish,12
ECB_2026_03,ECB,2026-03-19,-3.6189475010096186,,,-0.4523684376262023,-3.0432058531217248,dovish,10
ECB_2026_04,ECB,2026-04-30,-0.9999999999999998,,,0.09090909090909091,-0.8016528925619832,neutral,13
FED_2021_01,FED,2021-01-27,0.0,1.4,,0.15555555555555556,0.45694444444444443,neutral,11
FED_2021_03,FED,2021-03-17,0.0,-1.4,,0.0,-0.4375,neutral,11
FED_2021_04,FED,2021-04-28,0.0,-1.4,,0.2545454545454545,-0.4056818181818182,neutral,13
FED_2021_06,FED,2021-06-16,0.0,-1.4,,0.0,-0.4375,neutral,5
FED_2021_07,FED,2021-07-28,0.0,0.40000000000000013,,0.0,0.12500000000000006,neutral,9
FED_2021_09,FED,2021-09-22,0.0,-3.250699332842307,,0.46153846153846145,-0.9581512338209134,neutral,15
FED_2021_11,FED,2021-11-03,0.0,1.8,,0.12727272727272726,0.578409090909091,neutral,13
FED_2021_12,FED,2021-12-15,0.0,-0.9999999999999998,,1.8,-0.08749999999999991,neutral,3
FED_2022_01,FED,2022-01-26,0.0,-1.4,,-0.5547368752524047,-0.5068421094065506,neutral,6
FED_2022_03,FED,2022-03-16,2.2,-2.2189475010096187,,0.09526312474759535,0.5559867965279438,neutral,6
FED_2022_05,FED,2022-05-04,2.2,3.5999999999999996,,0.0,2.3625000000000003,leaning hawkish,7
FED_2022_06,FED,2022-06-15,2.2,2.6,,-0.022656666858975088,2.0471679166426284,leaning hawkish,8
FED_2022_07,FED,2022-07-27,2.2,-3.618947501009619,,-0.35,0.0628289059344942,neutral,10
FED_2022_09,FED,2022-09-21,2.2,2.2,,0.7685714585616995,2.0210714323202126,leaning hawkish,14
FED_2022_11,FED,2022-11-02,2.2,0.8000000000000003,,0.5142857142857143,1.5517857142857145,leaning hawkish,9
FED_2022_12,FED,2022-12-14,2.2,2.2,,0.7666666666666666,2.0208333333333335,leaning hawkish,8
FED_2023_02,FED,2023-02-01,0.0,4.2,,-0.11666666666666665,1.2979166666666668,leaning hawkish,14
FED_2023_03,FED,2023-03-22,2.2,4.181052498990381,,-0.20172250009178347,2.5188635934230215,hawkish,13
FED_2023_05,FED,2023-05-03,2.2,3.966014999711538,,0.3272727272727272,2.517788778318947,hawkish,13
FED_2023_06,FED,2023-06-14,2.2,5.60782000346155,,1.2,3.1399437510817347,hawkish,10
FED_2023_07,FED,2023-07-26,2.2,5.256842503028857,,0.2,2.9052632821965183,hawkish,7
FED_2023_09,FED,2023-09-20,2.2,0.38105249899038096,,0.19377576100125465,1.3808008760596509,leaning hawkish,25
FED_2023_11,FED,2023-11-01,2.2,2.7810524989903804,,0.022222222222222216,2.109356683712272,leaning hawkish,20
FED_2023_12,FED,2023-12-13,0.0,2.452932501298082,,0.45,0.8227914066556506,neutral,6
FED_2024_01,FED,2024-01-31,0.0,-1.3470674987019189,,0.18823529411764706,-0.39742918157964385,neutral,19
FED_2024_03,FED,2024-03-20,0.0,-2.8,,0.13036227275349663,-0.8587047159058129,neutral,13
FED_2024_05,FED,2024-05-01,0.0,-2.8,,-0.0641551316320852,-0.8830193914540106,neutral,21
FED_2024_06,FED,2024-06-12,0.0,-3.618947501009619,,-0.2718963887446575,-1.1649081426585883,leaning dovish,20
FED_2024_07,FED,2024-07-31,0.0,-0.9999999999999998,,0.39506538372345423,-0.2631168270345682,neutral,10
FED_2024_09,FED,2024-09-18,0.0,-2.850699332842307,,-0.06842105263157891,-0.8993961730921683,neutral,21
FED_2024_11,FED,2024-11-07,0.0,-2.4000000000000004,,0.22500000000000003,-0.7218750000000003,neutral,10
FED_2024_12,FED,2024-12-18,0.0,-2.8,,1.3333333333333333,-0.7083333333333334,neutral,5
FED_2025_01,FED,2025-01-29,0.0,-2.2189475010096187,,0.9640522368496963,-0.5729145644592939,neutral,21
FED_2025_03,FED,2025-03-19,0.0,-0.41894750100961864,,0.1431755882522625,-0.11302414553397301,neutral,19
FED_2025_05,FED,2025-05-07,0.0,-1.450699332842307,,0.20278592112095167,-0.42799530137310204,neutral,21
FED_2025_06,FED,2025-06-18,0.0,1.3810524989903814,,-0.28491229175080157,0.395964869465644,neutral,14
FED_2025_07,FED,2025-07-30,0.0,0.40000000000000013,,0.20000000000000004,0.15000000000000005,neutral,7
FED_2025_08,FED,2025-08-22,0.0,,,-0.009473750504809253,-0.0017225000917835004,neutral,3
FED_2025_09,FED,2025-09-17,-1.4,-1.584962500721156,,-0.3429823623852845,-1.3256735767735217,leaning dovish,25
FED_2025_10,FED,2025-10-29,-1.4,-1.584962500721156,,-0.033684230924556705,-1.2870113103409309,leaning dovish,15
FED_2025_12,FED,2025-12-10,-1.4,-1.0773643895825642,,-0.23649125016826975,-1.153737778015585,leaning dovish,8
FED_2026_01,FED,2026-01-28,0.0,-3.618947501009618,,-0.03368423092455672,-1.1351316229310753,leaning dovish,15
FED_2026_03,FED,2026-03-18,0.0,-0.39776683154422576,,0.6515789584174682,-0.04285476505538703,neutral,14
FED_2026_04,FED,2026-04-29,0.0,-0.41894750100961864,,-0.20885268860152145,-0.15702768014069604,neutral,15
NORGES_BANK_2021_06_A,NORGES_BANK,2021-06-01,0.0,,,,0.0,neutral,1
NORGES_BANK_2021_06_B,NORGES_BANK,2021-06-01,0.0,,,,0.0,neutral,1
NORGES_BANK_2021_06_C,NORGES_BANK,2021-06-01,0.0,,,,0.0,neutral,1
NORGES_BANK_2021_06_D,NORGES_BANK,2021-06-01,0.0,,,0.0,0.0,neutral,11
NORGES_BANK_2022_06_A,NORGES_BANK,2022-06-01,0.0,,,,0.0,neutral,1
NORGES_BANK_2022_06_B,NORGES_BANK,2022-06-01,0.0,,,,0.0,neutral,1
NORGES_BANK_2022_06_C,NORGES_BANK,2022-06-01,0.0,,,,0.0,neutral,1
NORGES_BANK_2022_06_D,NORGES_BANK,2022-06-01,0.0,,,0.12727272727272726,0.02314049586776859,neutral,12
NORGES_BANK_2023_06_A,NORGES_BANK,2023-06-01,0.0,,,,0.0,neutral,1
NORGES_BANK_2023_06_B,NORGES_BANK,2023-06-01,0.0,,,,0.0,neutral,1
NORGES_BANK_2023_06_C,NORGES_BANK,2023-06-01,0.0,,,,0.0,neutral,1
NORGES_BANK_2023_06_D,NORGES_BANK,2023-06-01,,,,0.0,0.0,neutral,10
NORGES_BANK_2024_06_D,NORGES_BANK,2024-07-24,,,,0.16923076923076924,0.16923076923076924,neutral,13
NORGES_BANK_2025_06_C,NORGES_BANK,2025-06-01,0.0,,,,0.0,neutral,1
NORGES_BANK_2025_06_D,NORGES_BANK,2026-01-29,,,,0.3,0.3,neutral,8
RBA_2021_02,RBA,2021-02-02,0.0,0.0,,-0.29999999999999993,-0.0375,neutral,6
RBA_2021_03,RBA,2021-03-02,0.0,-1.4,,0.15000000000000002,-0.41875,neutral,6
RBA_2021_04,RBA,2021-04-06,0.0,0.0,,0.0,0.0,neutral,3
RBA_2021_05,RBA,2021-05-04,0.0,0.0,,0.0,0.0,neutral,3
RBA_2021_06,RBA,2021-06-01,0.0,0.0,,0.0,0.0,neutral,7
RBA_2021_07,RBA,2021-07-06,0.0,0.0,,0.0,0.0,neutral,6
RBA_2021_08,RBA,2021-08-03,0.0,-1.4,,0.0,-0.4375,neutral,4
RBA_2021_09,RBA,2021-09-07,0.0,-1.4,,-0.27999999999999997,-0.47250000000000003,neutral,7
RBA_2021_10,RBA,2021-10-05,0.0,1.4,,0.0,0.4375,neutral,7
RBA_2021_11,RBA,2021-11-02,0.0,0.0,,0.0,0.0,neutral,17
RBA_2021_12,RBA,2021-12-07,0.0,0.0,,0.0,0.0,neutral,6
RBA_2022_02,RBA,2022-02-01,0.0,-1.4,,-0.17734333314102493,-0.4596679166426281,neutral,8
RBA_2022_03,RBA,2022-03-01,0.0,2.4,,-0.19999999999999998,0.725,neutral,9
RBA_2022_04,RBA,2022-04-05,0.0,0.0,,,0.0,neutral,2
RBA_2022_05,RBA,2022-05-03,0.0,1.4529325012980814,,0.0,0.45404140665565046,neutral,8
RBA_2022_06,RBA,2022-06-07,0.0,-0.3999999999999999,,-1.083566444280769,-0.2604458055350961,neutral,5
RBA_2022_07,RBA,2022-07-05,0.0,0.0,,0.0,0.0,neutral,8
RBA_2022_08,RBA,2022-08-02,0.0,0.0,,1.1333333333333333,0.1416666666666667,neutral,5
RBA_2022_09,RBA,2022-09-06,0.0,-2.2189475010096187,,-0.19999999999999998,-0.7184210940655059,neutral,9
RBA_2022_10,RBA,2022-10-04,0.0,1.4529325012980814,,0.0,0.45404140665565046,neutral,6
RBA_2022_11,RBA,2022-11-01,0.0,1.8,,-0.2333333333333333,0.5333333333333334,neutral,8
RBA_2022_12,RBA,2022-12-06,0.0,0.0,,1.3333333333333333,0.16666666666666669,neutral,5
RBA_2023_02,RBA,2023-02-07,0.0,0.40000000000000013,,0.0,0.12500000000000006,neutral,9
RBA_2023_03,RBA,2023-03-07,4.6,3.8039100017307748,,0.7999999999999999,3.8762218755408675,hawkish,5
RBA_2023_04,RBA,2023-04-04,2.4,2.4,,0.24,2.1300000000000003,leaning hawkish,7
RBA_2023_05,RBA,2023-05-02,2.4,1.8,,0.7999999999999999,2.0125,leaning hawkish,5
RBA_2023_06,RBA,2023-06-06,2.4,-0.9999999999999998,,1.4,1.2125000000000001,leaning hawkish,6
RBA_2023_07,RBA,2023-07-04,2.4,5.603910001730775,,1.1,3.2387218755408673,hawkish,6
RBA_2023_08,RBA,2023-08-01,2.4,2.4,,0.21742577727983858,2.12717822215998,leaning hawkish,6
RBA_2023_09,RBA,2023-09-05,2.4,1.0,,0.0,1.6625000000000003,leaning hawkish,3
RBA_2023_10,RBA,2023-10-03,2.4,2.4,,0.44000000000000006,2.1550000000000002,leaning hawkish,12
RBA_2023_11,RBA,2023-11-07,2.4,2.8000000000000003,,-0.17142857142857143,2.203571428571429,leaning hawkish,9
RBA_2023_12,RBA,2023-12-05,2.4,2.4,,0.6666666666666666,2.1833333333333336,leaning hawkish,5
RBA_2024_02,RBA,2024-02-06,0.0,0.0,,0.25,0.03125000000000001,neutral,10
RBA_2024_03,RBA,2024-03-19,2.2,1.8,,0.0,1.8000000000000003,leaning hawkish,7
RBA_2024_05,RBA,2024-05-07,1.4,-1.4,,1.7999999999999998,0.5750000000000001,neutral,8
RBA_2024_06,RBA,2024-06-18,3.2,4.252932501298082,,2.2031579168349364,3.404436146260018,hawkish,8
RBA_2024_08,RBA,2024-08-06,4.252932501298082,3.2,,1.3890827503317318,3.5659098757716383,hawkish,12
RBA_2024_09,RBA,2024-09-24,3.2,1.8000000000000003,,0.8750000000000001,2.4718750000000003,leaning hawkish,10
RBA_2024_11,RBA,2024-11-05,3.2,-0.05069933284230688,,0.4687719445566244,1.8427529515563574,leaning hawkish,11
RBA_2024_12,RBA,2024-12-10,1.8,0.40000000000000013,,0.6312782144299456,1.2164097768037434,leaning hawkish,9
RBA_2025_02,RBA,2025-02-18,1.8,0.05293250129808147,,-0.21928456406479285,1.0016308361475514,leaning hawkish,15
RBA_2025_04,RBA,2025-04-01,0.0,-0.41894750100961864,,-0.5547368752524047,-0.20026320347205642,neutral,6
RBA_2025_05,RBA,2025-05-20,0.0,-2.8,,-0.44378950020192376,-0.9304736875252404,neutral,7
RBA_2025_07,RBA,2025-07-08,0.0,-1.4,,-0.19999999999999998,-0.4625,neutral,9
RBA_2025_08,RBA,2025-08-12,0.0,0.0,,-0.29551812116748244,-0.03693976514593531,neutral,13
RBA_2025_09,RBA,2025-09-30,0.0,-1.4,,-0.36982458350160313,-0.4837280729377004,neutral,14
RBA_2025_11,RBA,2025-11-04,0.0,-1.4,,-0.3,-0.47500000000000003,neutral,12
RBA_2025_12,RBA,2025-12-09,0.0,-1.4,,-0.6501398665684615,-0.5187674833210577,neutral,7
RBA_2026_02,RBA,2026-02-03,0.0,-0.3999999999999999,,0.016797000057692534,-0.12290037499278841,neutral,22
RBA_2026_03,RBA,2026-03-17,-1.2,1.584962500721156,,0.5666666666666667,-0.10886588519130544,neutral,8
RBA_2026_05,RBA,2026-05-05,-1.2,2.8000000000000003,,-0.2333333333333333,0.17083333333333342,neutral,8
RBNZ_2021_02,RBNZ,2021-02-23,0.0,,,0.0,0.0,neutral,3
RBNZ_2021_05,RBNZ,2021-05-25,0.0,,,0.0,0.0,neutral,3
RBNZ_2021_08,RBNZ,2021-08-17,0.0,,,-0.4666666666666666,-0.08484848484848484,neutral,4
RBNZ_2021_11,RBNZ,2021-11-23,2.2,,,0.0,1.8,leaning hawkish,4
RBNZ_2022_02,RBNZ,2022-02-22,1.0000000000000004,,,0.0,0.8181818181818186,neutral,3
RBNZ_2022_05,RBNZ,2022-05-24,-2.6,,,0.0,-2.1272727272727274,leaning dovish,3
RBNZ_2022_08,RBNZ,2022-08-16,-0.39999999999999947,,,0.0,-0.3272727272727268,neutral,6
RBNZ_2022_11,RBNZ,2022-11-22,0.0,,,0.0,0.0,neutral,2
RBNZ_2023_02,RBNZ,2023-02-21,-1.2,,,0.0,-0.9818181818181818,neutral,2
RBNZ_2023_05,RBNZ,2023-05-23,3.3999999999999995,,,0.0,2.7818181818181813,hawkish,3
RBNZ_2023_08,RBNZ,2023-08-15,2.4,,,0.0,1.9636363636363636,leaning hawkish,2
RBNZ_2023_11,RBNZ,2023-11-28,1.267970000576926,,,,1.267970000576926,leaning hawkish,1
RBNZ_2024_02,RBNZ,2024-02-27,-2.231751831832688,,,,-2.231751831832688,leaning dovish,1
RBNZ_2024_05,RBNZ,2024-05-22,0.30000000000000004,,,,0.3000000000000001,neutral,1
RBNZ_2024_08,RBNZ,2024-08-14,-0.7130824984134558,,,,-0.7130824984134558,neutral,1
RBNZ_2024_11,RBNZ,2024-11-27,2.498044999134613,,,,2.498044999134613,leaning hawkish,1
RBNZ_2025_02,RBNZ,2025-02-18,-1.2189475010096187,,,0.0,-0.9973206826442335,neutral,2
RBNZ_2025_05,RBNZ,2025-05-27,0.5810524989903811,,,0.0,0.4754065900830391,neutral,2
RBNZ_2025_08,RBNZ,2025-08-19,-1.450699332842307,,,0.0,-1.1869358177800693,leaning dovish,5
RBNZ_2025_11,RBNZ,2025-11-26,0.40000000000000013,,,0.0,0.3272727272727274,neutral,2
RBNZ_2026_02,RBNZ,2026-02-18,-4.1209025018750065,,,0.5547368752524047,-3.2707862514882042,dovish,5
RBNZ_2026_05,RBNZ,2026-05-26,0.4206806095520488,,,,0.4206806095520488,neutral,1
RIKSBANK_2021_06_A,RIKSBANK,2021-06-01,0.0,,,,0.0,neutral,1
RIKSBANK_2021_06_B,RIKSBANK,2021-06-01,0.0,,,,0.0,neutral,1
RIKSBANK_2021_06_C,RIKSBANK,2021-06-01,0.0,,,,0.0,neutral,1
RIKSBANK_2021_06_D,RIKSBANK,2021-06-01,0.0,,,,0.0,neutral,1
RIKSBANK_2021_06_E,RIKSBANK,2021-06-01,0.0,,,0.0,0.0,neutral,16
RIKSBANK_2022_06_A,RIKSBANK,2022-06-01,0.0,,,,0.0,neutral,1
RIKSBANK_2022_06_B,RIKSBANK,2022-06-01,0.0,,,,0.0,neutral,1
RIKSBANK_2022_06_C,RIKSBANK,2022-06-01,0.0,,,,0.0,neutral,1
RIKSBANK_2022_06_D,RIKSBANK,2022-06-01,0.0,,,,0.0,neutral,1
RIKSBANK_2022_06_E,RIKSBANK,2022-06-01,0.0,,,0.0,0.0,neutral,17
RIKSBANK_2023_06_A,RIKSBANK,2023-06-01,0.0,,,,0.0,neutral,1
RIKSBANK_2023_06_B,RIKSBANK,2023-06-01,0.0,,,,0.0,neutral,1
RIKSBANK_2023_06_C,RIKSBANK,2023-06-01,0.0,,,,0.0,neutral,1
RIKSBANK_2023_06_D,RIKSBANK,2023-06-01,0.0,,,,0.0,neutral,1
RIKSBANK_2023_06_E,RIKSBANK,2023-06-01,0.0,,,0.0608695652173913,0.011067193675889327,neutral,24
RIKSBANK_2024_06_A,RIKSBANK,2024-06-01,0.0,,,,0.0,neutral,1
RIKSBANK_2024_06_B,RIKSBANK,2024-06-01,0.0,,,,0.0,neutral,1
RIKSBANK_2024_06_C,RIKSBANK,2024-06-01,0.0,,,,0.0,neutral,1
RIKSBANK_2024_06_D,RIKSBANK,2024-06-01,0.0,,,,0.0,neutral,1
RIKSBANK_2024_06_E,RIKSBANK,2024-06-01,0.0,,,,0.0,neutral,1
RIKSBANK_2024_06_F,RIKSBANK,2024-06-01,0.0,,,,0.0,neutral,1
RIKSBANK_2024_06_G,RIKSBANK,2024-06-01,0.0,,,,0.0,neutral,1
RIKSBANK_2024_06_H,RIKSBANK,2024-06-01,0.0,,,0.10952380952380951,0.01991341991341991,neutral,43
RIKSBANK_2025_06_C,RIKSBANK,2025-06-01,0.0,,,,0.0,neutral,1
RIKSBANK_2025_06_H,RIKSBANK,2025-06-01,,,,0.42213371624350327,0.42213371624350327,neutral,37
RIKSBANK_2026_06,RIKSBANK,2026-06-01,,,,0.0,0.0,neutral,2
SNB_2021_03,SNB,2021-04-15,,,,0.0,0.0,neutral,3
SNB_2021_06,SNB,2021-06-17,,,,0.0,0.0,neutral,4
SNB_2021_09,SNB,2021-09-23,,,,0.0,0.0,neutral,2
SNB_2021_12,SNB,2021-12-16,,,,0.0,0.0,neutral,3
SNB_2022_03,SNB,2022-03-29,,,,0.35,0.3499999999999999,neutral,4
SNB_2022_06,SNB,2022-06-16,,,,0.0,0.0,neutral,5
SNB_2022_09,SNB,2022-09-22,,,,0.0,0.0,neutral,9
SNB_2022_12,SNB,2022-12-15,,,,0.0,0.0,neutral,3
SNB_2023_03,SNB,2023-03-23,,,,0.0,0.0,neutral,4
SNB_2023_06,SNB,2023-06-22,,,,0.0,0.0,neutral,1
SNB_2023_09,SNB,2023-09-21,,,,0.0,0.0,neutral,7
SNB_2023_12,SNB,2023-12-14,,,,0.0,0.0,neutral,1
SNB_2024_03,SNB,2024-03-21,,,,0.0,0.0,neutral,8
SNB_2024_06,SNB,2024-06-20,,,,0.0,0.0,neutral,1
SNB_2024_09,SNB,2024-09-26,,,,0.0,0.0,neutral,5
SNB_2024_12,SNB,2024-12-12,,,,0.0,0.0,neutral,1
SNB_2025_03,SNB,2025-03-20,,,,0.0,0.0,neutral,6
SNB_2025_06,SNB,2025-06-19,,,,0.0,0.0,neutral,2
SNB_2025_09,SNB,2025-09-25,,,,-0.10769230769230768,-0.10769230769230768,neutral,13
SNB_2025_12,SNB,2025-12-11,,,,-1.4,-1.3999999999999997,leaning dovish,1
