meeting_id,bank,meeting_date,meeting_cycle_score,previous_meeting_score,meeting_score_change,rolling_3_meeting_score,rolling_6_meeting_score,meeting_cycle_lean,meeting_shift_classification,documents_scored
BOC_2024_06_A,BOC,2024-06-05,0.0,,,0.0,0.0,neutral,stable,1
BOC_2024_06_B,BOC,2024-06-07,-1.8155025008260517,0.0,-1.8155025008260517,-0.9077512504130258,-0.9077512504130258,leaning dovish,dovish shift,3
BOC_2024_09,BOC,2024-09-04,0.0,-1.8155025008260517,1.8155025008260517,-0.6051675002753506,-0.6051675002753506,neutral,hawkish shift,4
BOC_2024_10,BOC,2024-10-23,-1.1454545454545453,0.0,-1.1454545454545453,-0.9869856820935322,-0.7402392615701492,leaning dovish,dovish shift,3
BOC_2024_12,BOC,2024-12-11,0.0,-1.1454545454545453,1.1454545454545453,-0.3818181818181818,-0.5921914092561193,neutral,hawkish shift,3
BOC_2025_01,BOC,2025-01-29,-1.1454545454545453,0.0,-1.1454545454545453,-0.7636363636363636,-0.6844019319558571,leaning dovish,dovish shift,2
BOC_2025_03,BOC,2025-03-12,0.0,-1.1454545454545453,1.1454545454545453,-0.3818181818181818,-0.6844019319558571,neutral,hawkish shift,2
BOC_2025_04,BOC,2025-04-16,0.0,0.0,0.0,-0.3818181818181818,-0.3818181818181818,neutral,stable,1
BOC_2025_06,BOC,2025-06-04,0.0,0.0,0.0,0.0,-0.3818181818181818,neutral,stable,3
BOC_2025_07,BOC,2025-07-30,0.0,0.0,0.0,0.0,-0.1909090909090909,neutral,stable,2
BOC_2025_09,BOC,2025-09-17,0.0,0.0,0.0,0.0,-0.1909090909090909,neutral,stable,4
BOC_2025_10,BOC,2025-10-29,0.0,0.0,0.0,0.0,0.0,neutral,stable,2
BOC_2025_12_A,BOC,2025-12-10,0.0,0.0,0.0,0.0,0.0,neutral,stable,1
BOC_2025_12_B,BOC,2025-12-10,0.0,0.0,0.0,0.0,0.0,neutral,stable,2
BOC_2026_01_A,BOC,2026-01-28,0.0,0.0,0.0,0.0,0.0,neutral,stable,1
BOC_2026_01_B,BOC,2026-01-28,0.0,0.0,0.0,0.0,0.0,neutral,stable,3
BOC_2026_03_A,BOC,2026-03-18,0.0,0.0,0.0,0.0,0.0,neutral,stable,1
BOC_2026_03_B,BOC,2026-03-18,0.0,0.0,0.0,0.0,0.0,neutral,stable,2
BOC_2026_04_A,BOC,2026-04-29,0.0,0.0,0.0,0.0,0.0,neutral,stable,1
BOC_2026_04_B,BOC,2026-04-29,0.0,0.0,0.0,0.0,0.0,neutral,stable,1
BOC_2026_04_C,BOC,2026-04-29,0.0,0.0,0.0,0.0,0.0,neutral,stable,4
BOE_2021_06_A,BOE,2021-06-01,1.0,,,1.0,1.0,leaning hawkish,stable,1
BOE_2021_06_B,BOE,2021-06-01,-2.2189475010096187,1.0,-3.2189475010096187,-0.6094737505048093,-0.6094737505048093,leaning dovish,dovish shift,1
BOE_2021_06_C,BOE,2021-06-01,0.0,-2.2189475010096187,2.2189475010096187,-0.4063158336698729,-0.4063158336698729,neutral,hawkish shift,1
BOE_2021_06_D,BOE,2021-06-01,-0.0003185836676548,0.0,-0.0003185836676548,-0.7397553615590912,-0.30481652116931834,neutral,stable,70
BOE_2022_06_A,BOE,2022-06-01,0.7999999999999998,-0.0003185836676548,0.8003185836676546,0.26656047211078165,-0.08385321693545474,neutral,stable,1
BOE_2022_06_B,BOE,2022-06-01,-2.037895002019237,0.7999999999999998,-2.837895002019237,-0.4127378618956306,-0.4095268477827518,leaning dovish,dovish shift,1
BOE_2022_06_C,BOE,2022-06-01,2.0,-2.037895002019237,4.037895002019237,0.2540349993269209,-0.2428601811160851,leaning hawkish,hawkish shift,1
BOE_2022_06_D,BOE,2022-06-01,-1.1600314647965386,2.0,-3.1600314647965386,-0.3993088222719252,-0.06637417508057175,leaning dovish,dovish shift,69
BOE_2023_06_A,BOE,2023-06-01,6.803910001730774,-1.1600314647965386,7.963941466527313,2.5479595123114116,1.0676108252078906,hawkish,hawkish shift,1
BOE_2023_06_B,BOE,2023-06-01,7.886917501586543,6.803910001730774,1.0830074998557695,4.510265346173592,2.382150172750257,hawkish,hawkish shift,1
BOE_2023_06_C,BOE,2023-06-01,5.0718800023077,7.886917501586543,-2.8150374992788434,6.587569168541672,3.094130173134874,hawkish,dovish shift,1
BOE_2023_06_D,BOE,2023-06-01,3.666655558435713,5.0718800023077,-1.4052244438719872,5.541817687443319,4.044888599877365,hawkish,dovish shift,67
BOE_2024_06_A,BOE,2024-06-01,-1.8,3.666655558435713,-5.466655558435713,2.312845186914471,3.4115552665440325,leaning dovish,dovish shift,1
BOE_2024_06_B,BOE,2024-06-01,7.433985000288463,-1.8,9.233985000288463,3.100213519574725,4.843891344058199,hawkish,hawkish shift,1
BOE_2024_06_C,BOE,2024-06-01,0.8869175015865447,7.433985000288463,-6.547067498701919,2.1736341672916697,3.8577259273674946,neutral,dovish shift,1
BOE_2024_06_D,BOE,2024-06-01,-0.9286981703771552,0.8869175015865447,-1.8156156719637,2.464068110499284,2.3884566487068777,neutral,dovish shift,57
BOE_2025_06_A,BOE,2025-06-01,4.77618082852673,-0.9286981703771552,5.704878998903885,1.5781333865787064,2.339173453076716,hawkish,hawkish shift,1
BOE_2025_06_B,BOE,2025-06-01,-1.418947501009618,4.77618082852673,-6.195128329536348,0.8095117190466522,1.491572943169161,leaning dovish,dovish shift,1
BOE_2025_06_C,BOE,2025-06-01,-4.437895002019237,-1.418947501009618,-3.0189475010096194,-0.36022055816737514,1.0519237761659546,dovish,dovish shift,1
BOE_2025_06_D,BOE,2025-06-01,-0.6579976985040275,-4.437895002019237,3.77989730351521,-2.1716134005109606,-0.29674000696612723,neutral,hawkish shift,80
BOE_2026_06_A,BOE,2026-06-01,0.2980449991346128,-0.6579976985040275,0.9560426976386402,-1.5992825671295507,-0.3948854240414492,neutral,stable,1
BOE_2026_06_B,BOE,2026-06-01,0.0347080877815288,0.2980449991346128,-0.263336911353084,-0.10841487052929528,-0.23431771434833518,neutral,stable,30
BOJ_2026_01,BOJ,2026-01-23,0.1125783318733266,,,0.1125783318733266,0.1125783318733266,neutral,stable,7
BOJ_2026_03,BOJ,2026-03-19,0.0,0.1125783318733266,-0.1125783318733266,0.0562891659366633,0.0562891659366633,neutral,stable,1
BOJ_2026_04,BOJ,2026-04-28,0.0,0.0,0.0,0.0375261106244422,0.0375261106244422,neutral,stable,6
ECB_2021_01,ECB,2021-01-21,-0.3825029259408832,,,-0.3825029259408832,-0.3825029259408832,neutral,stable,11
ECB_2021_03,ECB,2021-03-11,-0.0426666666666666,-0.3825029259408832,0.33983625927421657,-0.21258479630377491,-0.21258479630377491,neutral,stable,7
ECB_2021_04,ECB,2021-04-22,0.16,-0.0426666666666666,0.2026666666666666,-0.0883898642025166,-0.0883898642025166,neutral,stable,9
ECB_2021_06,ECB,2021-06-10,0.4800000000000001,0.16,0.32000000000000006,0.19911111111111116,0.053707601848112574,neutral,stable,10
ECB_2021_07,ECB,2021-07-22,0.0,0.4800000000000001,-0.4800000000000001,0.21333333333333337,0.042966081478490056,neutral,stable,3
ECB_2021_09,ECB,2021-09-09,0.0,0.0,0.0,0.16000000000000003,0.035805067898741716,neutral,stable,19
ECB_2021_10,ECB,2021-10-28,0.0203207342838892,0.0,0.0203207342838892,0.0067735780946297335,0.10294234460287045,neutral,stable,15
ECB_2021_12,ECB,2021-12-16,0.0,0.0203207342838892,-0.0203207342838892,0.0067735780946297335,0.11005345571398156,neutral,stable,5
ECB_2022_02,ECB,2022-02-03,-0.068612443204764,0.0,-0.068612443204764,-0.01609723630695827,0.07195138184652088,neutral,stable,10
ECB_2022_03,ECB,2022-03-10,-1.2225071818548952,-0.068612443204764,-1.153894738650131,-0.43037320835321974,-0.211799815129295,leaning dovish,dovish shift,12
ECB_2022_04,ECB,2022-04-14,-1.2148760330578512,-1.2225071818548952,0.007631148797043963,-0.8353318860391701,-0.41427915397227016,leaning dovish,stable,13
ECB_2022_06,ECB,2022-06-09,0.004040404040404,-1.2148760330578512,1.2189164370982553,-0.8111142702907808,-0.4136057532988695,neutral,hawkish shift,11
ECB_2022_07,ECB,2022-07-21,-1.9064115917351423,0.004040404040404,-1.9104519957755464,-1.0390824069175297,-0.7347278076353748,leaning dovish,dovish shift,4
ECB_2022_09,ECB,2022-09-08,-1.0884374545244755,-1.9064115917351423,0.8179741372106668,-0.9969362140730711,-0.9161340500561206,leaning dovish,stable,12
ECB_2022_10,ECB,2022-10-27,-1.2162480578488557,-1.0884374545244755,-0.1278106033243802,-1.4036990347028244,-1.1074066524968025,leaning dovish,stable,13
ECB_2022_12,ECB,2022-12-15,-1.1454545454545453,-1.2162480578488557,0.07079351239431042,-1.1500466859426255,-1.0945645464300775,leaning dovish,stable,4
ECB_2023_02,ECB,2023-02-02,-1.247272727272727,-1.1454545454545453,-0.10181818181818181,-1.2029917768587093,-1.0999639954658902,leaning dovish,stable,7
ECB_2023_03,ECB,2023-03-16,-1.2575165151252912,-1.247272727272727,-0.010243787852564079,-1.2167479292841878,-1.3102234819935061,leaning dovish,stable,11
ECB_2023_05,ECB,2023-05-04,-1.0654545454545452,-1.2575165151252912,0.19206196967074596,-1.190081262617521,-1.1700639742800734,leaning dovish,stable,12
ECB_2023_06,ECB,2023-06-15,-1.359521534113855,-1.0654545454545452,-0.2940669886593097,-1.2274975315645635,-1.2152446542116364,leaning dovish,stable,10
ECB_2023_07,ECB,2023-07-27,-1.16253261214007,-1.359521534113855,0.19698892197378481,-1.19583623056949,-1.206292079926839,leaning dovish,stable,7
ECB_2023_09,ECB,2023-09-14,-1.161616161616161,-1.16253261214007,0.0009164505239089848,-1.227890102623362,-1.2089856826204415,leaning dovish,stable,11
ECB_2023_10,ECB,2023-10-26,-1.2063476894092366,-1.161616161616161,-0.04473152779307554,-1.1768321543884892,-1.2021648429765266,leaning dovish,stable,14
ECB_2023_12,ECB,2023-12-14,-1.2727272727272725,-1.2063476894092366,-0.06637958331803584,-1.2135637079175565,-1.2046999692435234,leaning dovish,stable,4
ECB_2024_01,ECB,2024-01-25,-1.2303030303030302,-1.2727272727272725,0.04242424242424225,-1.2364593308131797,-1.232174716718271,leaning dovish,stable,8
ECB_2024_03,ECB,2024-03-07,-1.012121212121212,-1.2303030303030302,0.21818181818181825,-1.1717171717171715,-1.1742746630528305,leaning dovish,stable,5
ECB_2024_04,ECB,2024-04-11,-1.3191461188952394,-1.012121212121212,-0.3070249067740274,-1.1871901204398272,-1.200376914178692,leaning dovish,stable,15
ECB_2024_06,ECB,2024-06-06,-1.2551196212427156,-1.3191461188952394,0.06402649765252377,-1.1954623174197223,-1.215960824116451,leaning dovish,stable,8
ECB_2024_07,ECB,2024-07-18,-1.2463157955004371,-1.2551196212427156,0.008803825742278448,-1.2735271785461306,-1.222622175131651,leaning dovish,stable,6
ECB_2024_09,ECB,2024-09-12,-1.2049586776859502,-1.2463157955004371,0.04135711781448692,-1.2354646981430344,-1.2113274092914308,leaning dovish,stable,13
ECB_2024_10,ECB,2024-10-17,-1.1485187140210449,-1.2049586776859502,0.056439963664905335,-1.1999310624024775,-1.1976966899110997,leaning dovish,stable,18
ECB_2024_12,ECB,2024-12-12,-1.2917703409549826,-1.1485187140210449,-0.14325162693393767,-1.2150825775539924,-1.2443048780500616,leaning dovish,stable,6
ECB_2025_01,ECB,2025-01-30,-1.0417115454073425,-1.2917703409549826,0.2500587955476401,-1.1606668667944566,-1.1980657824687455,leaning dovish,stable,7
ECB_2025_03,ECB,2025-03-06,-1.0939986363898602,-1.0417115454073425,-0.052287090982517714,-1.1424935075840617,-1.1712122849932696,leaning dovish,stable,9
ECB_2025_04,ECB,2025-04-17,-1.3231578977502183,-1.0939986363898602,-0.22915926136035814,-1.152956026515807,-1.1840193020348997,leaning dovish,stable,10
ECB_2025_06,ECB,2025-06-05,-1.2668771944556625,-1.3231578977502183,0.05628070329455581,-1.2280112428652468,-1.1943390548298518,leaning dovish,stable,15
ECB_2025_07,ECB,2025-07-24,-1.1454545454545453,-1.2668771944556625,0.12142264900111721,-1.2451632125534753,-1.1938283600687687,leaning dovish,stable,6
ECB_2025_09,ECB,2025-09-11,-1.2215174351042708,-1.1454545454545453,-0.07606288964972552,-1.2112830583381595,-1.1821195424269832,leaning dovish,stable,16
ECB_2025_10,ECB,2025-10-30,-1.227703352295673,-1.2215174351042708,-0.006185917191402268,-1.1982251109514963,-1.2131181769083719,leaning dovish,stable,10
ECB_2025_12,ECB,2025-12-18,-1.209090909090909,-1.227703352295673,0.018612443204764073,-1.2194372321636175,-1.2323002223585464,leaning dovish,stable,6
ECB_2026_02,ECB,2026-02-05,-1.170909090909091,-1.209090909090909,0.038181818181818095,-1.2025677840985576,-1.2069254212183587,leaning dovish,stable,12
ECB_2026_03,ECB,2026-03-19,-3.0432058531217248,-1.170909090909091,-1.8722967622126339,-1.8077352843739083,-1.5029801976627024,dovish,dovish shift,10
ECB_2026_04,ECB,2026-04-30,-0.8016528925619832,-3.0432058531217248,2.2415529605597415,-1.6719226121975996,-1.4456799221806087,neutral,hawkish shift,13
FED_2021_01,FED,2021-01-27,0.4569444444444444,,,0.4569444444444444,0.4569444444444444,neutral,stable,11
FED_2021_03,FED,2021-03-17,-0.4375,0.4569444444444444,-0.8944444444444444,0.009722222222222188,0.009722222222222188,neutral,stable,11
FED_2021_04,FED,2021-04-28,-0.4056818181818182,-0.4375,0.0318181818181818,-0.12874579124579127,-0.12874579124579127,neutral,stable,13
FED_2021_06,FED,2021-06-16,-0.4375,-0.4056818181818182,-0.0318181818181818,-0.42689393939393944,-0.20593434343434347,neutral,stable,5
FED_2021_07,FED,2021-07-28,0.125,-0.4375,0.5625,-0.2393939393939394,-0.1397474747474748,neutral,stable,9
FED_2021_09,FED,2021-09-22,-0.9581512338209134,0.125,-1.0831512338209133,-0.42355041127363774,-0.2761481012597145,neutral,dovish shift,15
FED_2021_11,FED,2021-11-03,0.578409090909091,-0.9581512338209134,1.5365603247300044,-0.08491404763727413,-0.2559039935156067,neutral,hawkish shift,13
FED_2021_12,FED,2021-12-15,-0.0874999999999999,0.578409090909091,-0.6659090909090909,-0.15574738097060745,-0.1975706601822734,neutral,stable,3
FED_2022_01,FED,2022-01-26,-0.5068421094065506,-0.0874999999999999,-0.4193421094065507,-0.005311006165819847,-0.2144307087197288,neutral,stable,6
FED_2022_03,FED,2022-03-16,0.5559867965279438,-0.5068421094065506,1.0628289059344944,-0.012785104292868906,-0.0488495759650715,neutral,hawkish shift,6
FED_2022_05,FED,2022-05-04,2.3625000000000003,0.5559867965279438,1.8065132034720564,0.8038815623737978,0.3240670907015952,leaning hawkish,hawkish shift,7
FED_2022_06,FED,2022-06-15,2.0471679166426284,2.3625000000000003,-0.31533208335737184,1.655218237723524,0.8249536157788522,leaning hawkish,stable,8
FED_2022_07,FED,2022-07-27,0.0628289059344942,2.0471679166426284,-1.9843390107081342,1.490832274192374,0.7390235849497526,neutral,dovish shift,10
FED_2022_09,FED,2022-09-21,2.0210714323202126,0.0628289059344942,1.9582425263857184,1.3770227516324451,1.0904521570031214,leaning hawkish,hawkish shift,14
FED_2022_11,FED,2022-11-02,1.5517857142857143,2.0210714323202126,-0.46928571803449826,1.211895350846807,1.4335567942851657,leaning hawkish,stable,9
FED_2022_12,FED,2022-12-14,2.020833333333333,1.5517857142857143,0.4690476190476187,1.8645634933130868,1.6776978837527305,leaning hawkish,stable,8
FED_2023_02,FED,2023-02-01,1.2979166666666668,2.020833333333333,-0.7229166666666662,1.6235119047619049,1.500267328197175,leaning hawkish,stable,14
FED_2023_03,FED,2023-03-22,2.518863593423021,1.2979166666666668,1.2209469267563542,1.9458711978076735,1.5788832743272403,hawkish,hawkish shift,13
FED_2023_05,FED,2023-05-03,2.517788778318947,2.518863593423021,-0.001074815104074034,2.1115230128028784,1.9880432530579826,hawkish,stable,13
FED_2023_06,FED,2023-06-14,3.1399437510817347,2.517788778318947,0.6221549727627878,2.7255320409412342,2.174521972851569,hawkish,stable,10
FED_2023_07,FED,2023-07-26,2.9052632821965183,3.1399437510817347,-0.23468046888521643,2.8543319371990665,2.40010156750337,hawkish,stable,7
FED_2023_09,FED,2023-09-20,1.3808008760596509,2.9052632821965183,-1.5244624061368675,2.475335969779301,2.2934294912910898,leaning hawkish,dovish shift,25
FED_2023_11,FED,2023-11-01,2.109356683712272,1.3808008760596509,0.7285558076526213,2.1318069473228136,2.428669494132024,leaning hawkish,stable,20
FED_2023_12,FED,2023-12-13,0.8227914066556506,2.109356683712272,-1.2865652770566216,1.4376496554758578,2.1459907963374625,neutral,dovish shift,6
FED_2024_01,FED,2024-01-31,-0.3974291815796438,0.8227914066556506,-1.2202205882352946,0.8449063029294263,1.6601211363543638,neutral,dovish shift,19
FED_2024_03,FED,2024-03-20,-0.8587047159058129,-0.3974291815796438,-0.4612755343261691,-0.14444749694326883,0.9936797251897725,neutral,stable,13
FED_2024_05,FED,2024-05-01,-0.8830193914540106,-0.8587047159058129,-0.024314675548197773,-0.7130510963131559,0.36229927958135105,neutral,stable,21
FED_2024_06,FED,2024-06-12,-1.1649081426585883,-0.8830193914540106,-0.2818887512045777,-0.9688774166728041,-0.061985556871688795,leaning dovish,stable,20
FED_2024_07,FED,2024-07-31,-0.2631168270345682,-1.1649081426585883,0.9017913156240202,-0.7703481203823892,-0.4573978086628288,neutral,stable,10
FED_2024_09,FED,2024-09-18,-0.8993961730921683,-0.2631168270345682,-0.6362793460576002,-0.7758070475951085,-0.7444290719541321,neutral,stable,21
FED_2024_11,FED,2024-11-07,-0.7218750000000003,-0.8993961730921683,0.17752117309216808,-0.6281293333755791,-0.7985033750241914,neutral,stable,10
FED_2024_12,FED,2024-12-18,-0.7083333333333334,-0.7218750000000003,0.013541666666666896,-0.7765348354751676,-0.773441477928778,neutral,stable,5
FED_2025_01,FED,2025-01-29,-0.5729145644592939,-0.7083333333333334,0.13541876887403947,-0.6677076325975427,-0.7217573400963254,neutral,stable,21
FED_2025_03,FED,2025-03-19,-0.113024145533973,-0.5729145644592939,0.4598904189253209,-0.46475734777553357,-0.5464433405755562,neutral,stable,19
FED_2025_05,FED,2025-05-07,-0.427995301373102,-0.113024145533973,-0.314971155839129,-0.3713113371221231,-0.5739230862986452,neutral,stable,21
FED_2025_06,FED,2025-06-18,0.395964869465644,-0.427995301373102,0.8239601708387461,-0.04835152581381047,-0.3580295792056764,neutral,stable,14
FED_2025_07,FED,2025-07-30,0.15,0.395964869465644,-0.24596486946564403,0.03932318936418053,-0.21271707920567637,neutral,stable,7
FED_2025_08,FED,2025-08-22,-0.0017225000917835,0.15,-0.1517225000917835,0.18141412312462002,-0.09494860699875139,neutral,stable,3
FED_2025_09,FED,2025-09-17,-1.3256735767735215,-0.0017225000917835,-1.323951076681738,-0.3924653589551019,-0.22040844238445598,leaning dovish,dovish shift,25
FED_2025_10,FED,2025-10-29,-1.2870113103409309,-1.3256735767735215,0.03866226643259063,-0.8714691290687454,-0.41607296985228226,leaning dovish,stable,15
FED_2025_12,FED,2025-12-10,-1.153737778015585,-1.2870113103409309,0.13327353232534578,-1.2554742217100126,-0.5370300492926962,leaning dovish,stable,8
FED_2026_01,FED,2026-01-28,-1.1351316229310753,-1.153737778015585,0.0186061550845098,-1.191960237095864,-0.7922127980254826,leaning dovish,stable,15
FED_2026_03,FED,2026-03-18,-0.042854765055387,-1.1351316229310753,1.0922768578756883,-0.7772413886673494,-0.8243552588680472,neutral,hawkish shift,14
FED_2026_04,FED,2026-04-29,-0.157027680140696,-0.042854765055387,-0.11417291508530902,-0.44500468937571963,-0.8502394555428658,neutral,stable,15
NORGES_BANK_2021_06_A,NORGES_BANK,2021-06-01,0.0,,,0.0,0.0,neutral,stable,1
NORGES_BANK_2021_06_B,NORGES_BANK,2021-06-01,0.0,0.0,0.0,0.0,0.0,neutral,stable,1
NORGES_BANK_2021_06_C,NORGES_BANK,2021-06-01,0.0,0.0,0.0,0.0,0.0,neutral,stable,1
NORGES_BANK_2021_06_D,NORGES_BANK,2021-06-01,0.0,0.0,0.0,0.0,0.0,neutral,stable,11
NORGES_BANK_2022_06_A,NORGES_BANK,2022-06-01,0.0,0.0,0.0,0.0,0.0,neutral,stable,1
NORGES_BANK_2022_06_B,NORGES_BANK,2022-06-01,0.0,0.0,0.0,0.0,0.0,neutral,stable,1
NORGES_BANK_2022_06_C,NORGES_BANK,2022-06-01,0.0,0.0,0.0,0.0,0.0,neutral,stable,1
NORGES_BANK_2022_06_D,NORGES_BANK,2022-06-01,0.0231404958677685,0.0,0.0231404958677685,0.0077134986225895,0.00385674931129475,neutral,stable,12
NORGES_BANK_2023_06_A,NORGES_BANK,2023-06-01,0.0,0.0231404958677685,-0.0231404958677685,0.0077134986225895,0.00385674931129475,neutral,stable,1
NORGES_BANK_2023_06_B,NORGES_BANK,2023-06-01,0.0,0.0,0.0,0.0077134986225895,0.00385674931129475,neutral,stable,1
NORGES_BANK_2023_06_C,NORGES_BANK,2023-06-01,0.0,0.0,0.0,0.0,0.00385674931129475,neutral,stable,1
NORGES_BANK_2023_06_D,NORGES_BANK,2023-06-01,0.0,0.0,0.0,0.0,0.00385674931129475,neutral,stable,10
NORGES_BANK_2024_06_D,NORGES_BANK,2024-07-24,0.1692307692307692,0.0,0.1692307692307692,0.056410256410256404,0.032061877516422956,neutral,stable,13
NORGES_BANK_2025_06_C,NORGES_BANK,2025-06-01,0.0,0.1692307692307692,-0.1692307692307692,0.056410256410256404,0.028205128205128202,neutral,stable,1
NORGES_BANK_2025_06_D,NORGES_BANK,2026-01-29,0.3,0.0,0.3,0.1564102564102564,0.0782051282051282,neutral,stable,8
RBA_2021_02,RBA,2021-02-02,-0.0375,,,-0.0375,-0.0375,neutral,stable,6
RBA_2021_03,RBA,2021-03-02,-0.41875,-0.0375,-0.38125000000000003,-0.228125,-0.228125,neutral,stable,6
RBA_2021_04,RBA,2021-04-06,0.0,-0.41875,0.41875,-0.15208333333333332,-0.15208333333333332,neutral,stable,3
RBA_2021_05,RBA,2021-05-04,0.0,0.0,0.0,-0.13958333333333334,-0.1140625,neutral,stable,3
RBA_2021_06,RBA,2021-06-01,0.0,0.0,0.0,0.0,-0.09125,neutral,stable,7
RBA_2021_07,RBA,2021-07-06,0.0,0.0,0.0,0.0,-0.07604166666666666,neutral,stable,6
RBA_2021_08,RBA,2021-08-03,-0.4375,0.0,-0.4375,-0.14583333333333334,-0.14270833333333333,neutral,stable,4
RBA_2021_09,RBA,2021-09-07,-0.4725,-0.4375,-0.034999999999999976,-0.3033333333333333,-0.15166666666666664,neutral,stable,7
RBA_2021_10,RBA,2021-10-05,0.4375,-0.4725,0.9099999999999999,-0.1575,-0.07875,neutral,stable,7
RBA_2021_11,RBA,2021-11-02,0.0,0.4375,-0.4375,-0.011666666666666659,-0.07875,neutral,stable,17
RBA_2021_12,RBA,2021-12-07,0.0,0.0,0.0,0.14583333333333334,-0.07875,neutral,stable,6
RBA_2022_02,RBA,2022-02-01,-0.4596679166426281,0.0,-0.4596679166426281,-0.15322263888087603,-0.15536131944043802,neutral,stable,8
RBA_2022_03,RBA,2022-03-01,0.725,-0.4596679166426281,1.1846679166426282,0.08844402778579062,0.03838868055956198,neutral,hawkish shift,9
RBA_2022_04,RBA,2022-04-05,0.0,0.725,-0.725,0.08844402778579062,0.11713868055956196,neutral,stable,2
RBA_2022_05,RBA,2022-05-03,0.4540414066556504,0.0,0.4540414066556504,0.3930138022185501,0.11989558166883703,neutral,stable,8
RBA_2022_06,RBA,2022-06-07,-0.2604458055350961,0.4540414066556504,-0.7144872121907465,0.06453186704018476,0.07648794741298769,neutral,stable,5
RBA_2022_07,RBA,2022-07-05,0.0,-0.2604458055350961,0.2604458055350961,0.06453186704018476,0.07648794741298769,neutral,stable,8
RBA_2022_08,RBA,2022-08-02,0.1416666666666667,0.0,0.1416666666666667,-0.03959304628947647,0.1767103779645368,neutral,stable,5
RBA_2022_09,RBA,2022-09-06,-0.7184210940655059,0.1416666666666667,-0.8600877607321726,-0.19225147579961308,-0.06385980437971416,neutral,stable,9
RBA_2022_10,RBA,2022-10-04,0.4540414066556504,-0.7184210940655059,1.1724625007211564,-0.0409043402477296,0.011813763396227583,neutral,hawkish shift,6
RBA_2022_11,RBA,2022-11-01,0.5333333333333334,0.4540414066556504,0.07929192667768303,0.08965121530782598,0.025029084509174754,neutral,stable,8
RBA_2022_12,RBA,2022-12-06,0.1666666666666666,0.5333333333333334,-0.3666666666666668,0.3846804688852168,0.09621449654280188,neutral,stable,5
RBA_2023_02,RBA,2023-02-07,0.125,0.1666666666666666,-0.0416666666666666,0.275,0.11704782987613521,neutral,stable,9
RBA_2023_03,RBA,2023-03-07,3.876221875540868,0.125,3.751221875540868,1.3892961807358448,0.7394736980218354,hawkish,hawkish shift,5
RBA_2023_04,RBA,2023-04-04,2.1300000000000003,3.876221875540868,-1.7462218755408676,2.0437406251802894,1.214210547032753,leaning hawkish,dovish shift,7
RBA_2023_05,RBA,2023-05-02,2.0125,2.1300000000000003,-0.11750000000000016,2.672907291846956,1.473953645923478,leaning hawkish,stable,5
RBA_2023_06,RBA,2023-06-06,1.2125,2.0125,-0.8000000000000003,1.7850000000000001,1.5871480903679227,leaning hawkish,stable,6
RBA_2023_07,RBA,2023-07-04,3.2387218755408678,1.2125,2.026221875540868,2.1545739585136228,2.099157291846956,hawkish,hawkish shift,6
RBA_2023_08,RBA,2023-08-01,2.12717822215998,3.2387218755408678,-1.1115436533808878,2.192800032566949,2.4328536622069525,leaning hawkish,dovish shift,6
RBA_2023_09,RBA,2023-09-05,1.6625000000000003,2.12717822215998,-0.46467822215997967,2.3428000325669496,2.063900016283475,leaning hawkish,stable,3
RBA_2023_10,RBA,2023-10-03,2.155,1.6625000000000003,0.4924999999999995,1.98155940738666,2.0680666829501413,leaning hawkish,stable,12
RBA_2023_11,RBA,2023-11-07,2.203571428571429,2.155,0.048571428571429376,2.0070238095238095,2.0999119210453796,leaning hawkish,stable,9
RBA_2023_12,RBA,2023-12-05,2.1833333333333336,2.203571428571429,-0.02023809523809561,2.1806349206349207,2.261717476600935,leaning hawkish,stable,5
RBA_2024_02,RBA,2024-02-06,0.03125,2.1833333333333336,-2.1520833333333336,1.4727182539682542,1.7271388306774573,neutral,dovish shift,10
RBA_2024_03,RBA,2024-03-19,1.8000000000000005,0.03125,1.7687500000000005,1.3381944444444447,1.6726091269841274,leaning hawkish,hawkish shift,7
RBA_2024_05,RBA,2024-05-07,0.5750000000000001,1.8000000000000005,-1.2250000000000005,0.8020833333333335,1.491359126984127,neutral,dovish shift,8
RBA_2024_06,RBA,2024-06-18,3.404436146260018,0.5750000000000001,2.8294361462600177,1.926478715420006,1.69959848469413,hawkish,hawkish shift,8
RBA_2024_08,RBA,2024-08-06,3.5659098757716383,3.404436146260018,0.16147372951162042,2.5151153406772186,1.9266548925608316,hawkish,stable,12
RBA_2024_09,RBA,2024-09-24,2.4718750000000003,3.5659098757716383,-1.094034875771638,3.1474070073438853,1.9747451703386094,leaning hawkish,dovish shift,10
RBA_2024_11,RBA,2024-11-05,1.8427529515563572,2.4718750000000003,-0.6291220484436431,2.626845942442665,2.276662328931336,leaning hawkish,stable,11
RBA_2024_12,RBA,2024-12-10,1.2164097768037434,1.8427529515563572,-0.6263431747526138,1.8436792427867001,2.1793972917319597,leaning hawkish,stable,9
RBA_2025_02,RBA,2025-02-18,1.0016308361475514,1.2164097768037434,-0.21477894065619196,1.3535978548358838,2.2505024310898847,leaning hawkish,stable,15
RBA_2025_04,RBA,2025-04-01,-0.2002632034720564,1.0016308361475514,-1.2018940396196078,0.6725924698264129,1.6497192061345392,neutral,dovish shift,6
RBA_2025_05,RBA,2025-05-20,-0.9304736875252404,-0.2002632034720564,-0.730210484053184,-0.043035351616581785,0.9003219455850592,neutral,stable,7
RBA_2025_07,RBA,2025-07-08,-0.4625,-0.9304736875252404,0.4679736875252404,-0.5310789636657657,0.41125944558505917,neutral,stable,9
RBA_2025_08,RBA,2025-08-12,-0.0369397651459353,-0.4625,0.42556023485406475,-0.47663781755705853,0.09797732613467712,neutral,stable,13
RBA_2025_09,RBA,2025-09-30,-0.4837280729377004,-0.0369397651459353,-0.44678830779176515,-0.3277226126945452,-0.1853789821555635,neutral,stable,14
RBA_2025_11,RBA,2025-11-04,-0.475,-0.4837280729377004,0.008728072937700448,-0.3318892793612119,-0.43148412151348875,neutral,stable,12
RBA_2025_12,RBA,2025-12-09,-0.5187674833210577,-0.475,-0.04376748332105773,-0.49249851875291933,-0.48456816815498893,neutral,stable,7
RBA_2026_02,RBA,2026-02-03,-0.1229003749927884,-0.5187674833210577,0.3958671083282693,-0.3722226194379487,-0.349972616066247,neutral,stable,22
RBA_2026_03,RBA,2026-03-17,-0.1088658851913054,-0.1229003749927884,0.014034489801483002,-0.25017791450171717,-0.2910335969314645,neutral,stable,8
RBA_2026_05,RBA,2026-05-05,0.1708333333333334,-0.1088658851913054,0.2796992185246388,-0.020310975616920135,-0.25640474718491973,neutral,stable,8
RBNZ_2021_02,RBNZ,2021-02-23,0.0,,,0.0,0.0,neutral,stable,3
RBNZ_2021_05,RBNZ,2021-05-25,0.0,0.0,0.0,0.0,0.0,neutral,stable,3
RBNZ_2021_08,RBNZ,2021-08-17,-0.0848484848484848,0.0,-0.0848484848484848,-0.028282828282828267,-0.028282828282828267,neutral,stable,4
RBNZ_2021_11,RBNZ,2021-11-23,1.8,-0.0848484848484848,1.8848484848484848,0.5717171717171717,0.42878787878787883,leaning hawkish,hawkish shift,4
RBNZ_2022_02,RBNZ,2022-02-22,0.8181818181818186,1.8,-0.9818181818181815,0.8444444444444447,0.5066666666666668,neutral,stable,3
RBNZ_2022_05,RBNZ,2022-05-24,-2.1272727272727274,0.8181818181818186,-2.945454545454546,0.16363636363636372,0.06767676767676771,leaning dovish,dovish shift,3
RBNZ_2022_08,RBNZ,2022-08-16,-0.3272727272727268,-2.1272727272727274,1.8000000000000007,-0.5454545454545453,0.013131313131313235,neutral,hawkish shift,6
RBNZ_2022_11,RBNZ,2022-11-22,0.0,-0.3272727272727268,0.3272727272727268,-0.818181818181818,0.013131313131313235,neutral,stable,2
RBNZ_2023_02,RBNZ,2023-02-21,-0.9818181818181818,0.0,-0.9818181818181818,-0.43636363636363634,-0.13636363636363627,neutral,stable,2
RBNZ_2023_05,RBNZ,2023-05-23,2.7818181818181813,-0.9818181818181818,3.7636363636363632,0.5999999999999996,0.027272727272727264,hawkish,hawkish shift,3
RBNZ_2023_08,RBNZ,2023-08-15,1.963636363636364,2.7818181818181813,-0.8181818181818172,1.2545454545454542,0.21818181818181817,leaning hawkish,stable,2
RBNZ_2023_11,RBNZ,2023-11-28,1.267970000576926,1.963636363636364,-0.695666363059438,2.0044748486771566,0.7840556061567604,leaning hawkish,stable,1
RBNZ_2024_02,RBNZ,2024-02-27,-2.231751831832688,1.267970000576926,-3.499721832409614,0.33328484412686715,0.4666424220634336,leaning dovish,dovish shift,1
RBNZ_2024_05,RBNZ,2024-05-22,0.3000000000000001,-2.231751831832688,2.5317518318326884,-0.22126061041858755,0.5166424220634336,neutral,hawkish shift,1
RBNZ_2024_08,RBNZ,2024-08-14,-0.7130824984134558,0.3000000000000001,-1.0130824984134559,-0.8816114434153816,0.5614317026308878,neutral,dovish shift,1
RBNZ_2024_11,RBNZ,2024-11-27,2.498044999134613,-0.7130824984134558,3.211127497548069,0.6949875002403855,0.5141361721836265,leaning hawkish,hawkish shift,1
RBNZ_2025_02,RBNZ,2025-02-18,-0.9973206826442336,2.498044999134613,-3.4953656817788463,0.26254727269230765,0.02064333113686027,neutral,dovish shift,2
RBNZ_2025_05,RBNZ,2025-05-27,0.4754065900830391,-0.9973206826442336,1.4727272727272727,0.6587103021911392,-0.1114505706121209,neutral,hawkish shift,2
RBNZ_2025_08,RBNZ,2025-08-19,-1.1869358177800693,0.4754065900830391,-1.6623424078631084,-0.5696166367804215,0.06268543172998224,leaning dovish,dovish shift,5
RBNZ_2025_11,RBNZ,2025-11-26,0.3272727272727274,-1.1869358177800693,1.5142085450527967,-0.1280855001414345,0.06723088627543679,neutral,hawkish shift,2
RBNZ_2026_02,RBNZ,2026-02-18,-3.270786251488204,0.3272727272727274,-3.598058978760931,-1.3768164473318487,-0.3590530725703545,dovish,dovish shift,5
RBNZ_2026_05,RBNZ,2026-05-26,0.4206806095520488,-3.270786251488204,3.6914668610402526,-0.8409443048878092,-0.7052804708341153,neutral,hawkish shift,1
RIKSBANK_2021_06_A,RIKSBANK,2021-06-01,0.0,,,0.0,0.0,neutral,stable,1
RIKSBANK_2021_06_B,RIKSBANK,2021-06-01,0.0,0.0,0.0,0.0,0.0,neutral,stable,1
RIKSBANK_2021_06_C,RIKSBANK,2021-06-01,0.0,0.0,0.0,0.0,0.0,neutral,stable,1
RIKSBANK_2021_06_D,RIKSBANK,2021-06-01,0.0,0.0,0.0,0.0,0.0,neutral,stable,1
RIKSBANK_2021_06_E,RIKSBANK,2021-06-01,0.0,0.0,0.0,0.0,0.0,neutral,stable,16
RIKSBANK_2022_06_A,RIKSBANK,2022-06-01,0.0,0.0,0.0,0.0,0.0,neutral,stable,1
RIKSBANK_2022_06_B,RIKSBANK,2022-06-01,0.0,0.0,0.0,0.0,0.0,neutral,stable,1
RIKSBANK_2022_06_C,RIKSBANK,2022-06-01,0.0,0.0,0.0,0.0,0.0,neutral,stable,1
RIKSBANK_2022_06_D,RIKSBANK,2022-06-01,0.0,0.0,0.0,0.0,0.0,neutral,stable,1
RIKSBANK_2022_06_E,RIKSBANK,2022-06-01,0.0,0.0,0.0,0.0,0.0,neutral,stable,17
RIKSBANK_2023_06_A,RIKSBANK,2023-06-01,0.0,0.0,0.0,0.0,0.0,neutral,stable,1
RIKSBANK_2023_06_B,RIKSBANK,2023-06-01,0.0,0.0,0.0,0.0,0.0,neutral,stable,1
RIKSBANK_2023_06_C,RIKSBANK,2023-06-01,0.0,0.0,0.0,0.0,0.0,neutral,stable,1
RIKSBANK_2023_06_D,RIKSBANK,2023-06-01,0.0,0.0,0.0,0.0,0.0,neutral,stable,1
RIKSBANK_2023_06_E,RIKSBANK,2023-06-01,0.0110671936758893,0.0,0.0110671936758893,0.0036890645586297667,0.0018445322793148834,neutral,stable,24
RIKSBANK_2024_06_A,RIKSBANK,2024-06-01,0.0,0.0110671936758893,-0.0110671936758893,0.0036890645586297667,0.0018445322793148834,neutral,stable,1
RIKSBANK_2024_06_B,RIKSBANK,2024-06-01,0.0,0.0,0.0,0.0036890645586297667,0.0018445322793148834,neutral,stable,1
RIKSBANK_2024_06_C,RIKSBANK,2024-06-01,0.0,0.0,0.0,0.0,0.0018445322793148834,neutral,stable,1
RIKSBANK_2024_06_D,RIKSBANK,2024-06-01,0.0,0.0,0.0,0.0,0.0018445322793148834,neutral,stable,1
RIKSBANK_2024_06_E,RIKSBANK,2024-06-01,0.0,0.0,0.0,0.0,0.0018445322793148834,neutral,stable,1
RIKSBANK_2024_06_F,RIKSBANK,2024-06-01,0.0,0.0,0.0,0.0,0.0,neutral,stable,1
RIKSBANK_2024_06_G,RIKSBANK,2024-06-01,0.0,0.0,0.0,0.0,0.0,neutral,stable,1
RIKSBANK_2024_06_H,RIKSBANK,2024-06-01,0.0199134199134199,0.0,0.0199134199134199,0.0066378066378066335,0.0033189033189033167,neutral,stable,43
RIKSBANK_2025_06_C,RIKSBANK,2025-06-01,0.0,0.0199134199134199,-0.0199134199134199,0.0066378066378066335,0.0033189033189033167,neutral,stable,1
RIKSBANK_2025_06_H,RIKSBANK,2025-06-01,0.4221337162435032,0.0,0.4221337162435032,0.14734904538564103,0.07367452269282052,neutral,stable,37
RIKSBANK_2026_06,RIKSBANK,2026-06-01,0.0,0.4221337162435032,-0.4221337162435032,0.1407112387478344,0.07367452269282052,neutral,stable,2
SNB_2021_03,SNB,2021-04-15,0.0,,,0.0,0.0,neutral,stable,3
SNB_2021_06,SNB,2021-06-17,0.0,0.0,0.0,0.0,0.0,neutral,stable,4
SNB_2021_09,SNB,2021-09-23,0.0,0.0,0.0,0.0,0.0,neutral,stable,2
SNB_2021_12,SNB,2021-12-16,0.0,0.0,0.0,0.0,0.0,neutral,stable,3
SNB_2022_03,SNB,2022-03-29,0.3499999999999999,0.0,0.3499999999999999,0.11666666666666664,0.06999999999999998,neutral,stable,4
SNB_2022_06,SNB,2022-06-16,0.0,0.3499999999999999,-0.3499999999999999,0.11666666666666664,0.05833333333333332,neutral,stable,5
SNB_2022_09,SNB,2022-09-22,0.0,0.0,0.0,0.11666666666666664,0.05833333333333332,neutral,stable,9
SNB_2022_12,SNB,2022-12-15,0.0,0.0,0.0,0.0,0.05833333333333332,neutral,stable,3
SNB_2023_03,SNB,2023-03-23,0.0,0.0,0.0,0.0,0.05833333333333332,neutral,stable,4
SNB_2023_06,SNB,2023-06-22,0.0,0.0,0.0,0.0,0.05833333333333332,neutral,stable,1
SNB_2023_09,SNB,2023-09-21,0.0,0.0,0.0,0.0,0.0,neutral,stable,7
SNB_2023_12,SNB,2023-12-14,0.0,0.0,0.0,0.0,0.0,neutral,stable,1
SNB_2024_03,SNB,2024-03-21,0.0,0.0,0.0,0.0,0.0,neutral,stable,8
SNB_2024_06,SNB,2024-06-20,0.0,0.0,0.0,0.0,0.0,neutral,stable,1
SNB_2024_09,SNB,2024-09-26,0.0,0.0,0.0,0.0,0.0,neutral,stable,5
SNB_2024_12,SNB,2024-12-12,0.0,0.0,0.0,0.0,0.0,neutral,stable,1
SNB_2025_03,SNB,2025-03-20,0.0,0.0,0.0,0.0,0.0,neutral,stable,6
SNB_2025_06,SNB,2025-06-19,0.0,0.0,0.0,0.0,0.0,neutral,stable,2
SNB_2025_09,SNB,2025-09-25,-0.1076923076923076,0.0,-0.1076923076923076,-0.03589743589743587,-0.017948717948717934,neutral,stable,13
SNB_2025_12,SNB,2025-12-11,-1.3999999999999997,-0.1076923076923076,-1.2923076923076922,-0.5025641025641024,-0.2512820512820512,leaning dovish,dovish shift,1
