bank,speaker,date_au,doc_id,clipped_score,rolling_90d_score,rolling_30d_score,prior_60d_score,shift_30_vs_prior_60,shift_direction,alert_strength
BOJ,KURODA Haruhiko,2021-05-19,DOC_27CDB9E43CB7,1.4,0.35,1.4,0.0,1.4,hawkish shift,mild
BOJ,KURODA Haruhiko,2021-09-27,DOC_403C05FC1B98,1.4,0.7,1.4,0.0,1.4,hawkish shift,mild
BOJ,KURODA Haruhiko,2021-11-15,DOC_5D84D2EA9C4A,3.250699332842307,1.1626748332105767,3.250699332842307,0.4666666666666666,2.7840326661756403,hawkish shift,strong
BOJ,KURODA Haruhiko,2021-11-29,DOC_44B203BC95BC,0.0,0.9301398665684614,1.6253496664211535,0.4666666666666666,1.158682999754487,hawkish shift,mild
BOJ,KURODA Haruhiko,2021-12-23,DOC_F47BBF1394D9,0.0,0.7751165554737178,0.0,1.1626748332105767,-1.1626748332105767,dovish shift,mild
BOJ,KURODA Haruhiko,2022-05-13,DOC_C4FB6CF4322D,1.4,1.4666666666666668,2.2,0.0,2.2,hawkish shift,strong
BOJ,KURODA Haruhiko,2022-11-14,DOC_72F270B0B999,0.8189475010096188,-0.2905262494951905,0.8189475010096188,-1.4,2.2189475010096187,hawkish shift,strong
BOJ,KURODA Haruhiko,2022-11-15,DOC_FBA569C78520,0.0,-0.193684166330127,0.4094737505048094,-1.4,1.8094737505048093,hawkish shift,mild
BOJ,UEDA Kazuo,2023-11-06,DOC_29567292D2C0,-1.4,-0.35,-1.4,0.0,-1.4,dovish shift,mild
BOJ,UEDA Kazuo,2023-12-25,DOC_F5FEC48CEE43,1.4,0.0,1.4,-0.7,2.1,hawkish shift,strong
BOJ,UEDA Kazuo,2024-03-05,DOC_F90D030BD066,0.0,0.7,0.0,1.4,-1.4,dovish shift,mild
BOJ,UEDA Kazuo,2024-03-06,DOC_8355F6E9B80A,0.0,0.4666666666666666,0.0,1.4,-1.4,dovish shift,mild
BOJ,HIMINO Ryozo,2025-02-21,DOC_A309FD5ECABC,0.0,-0.7,0.0,-1.4,1.4,hawkish shift,mild
BOJ,UEDA Kazuo,2025-05-27,DOC_8DAA5C02D370,-1.4,-0.7,-1.4,0.0,-1.4,dovish shift,mild
BOJ,UEDA Kazuo,2025-06-03,DOC_2AE6C879DA04,-1.4,-1.4,-1.4,0.0,-1.4,dovish shift,mild
BOJ,UCHIDA Shinichi,2025-07-23,DOC_B9FED14FA787,-2.2189475010096187,-1.1094737505048091,-2.2189475010096187,0.0,-2.2189475010096187,dovish shift,strong
BOJ,UEDA Kazuo,2025-08-24,DOC_4C535413C677,0.0,-0.9333333333333332,0.0,-1.4,1.4,hawkish shift,mild
BOJ,UEDA Kazuo,2025-10-03,DOC_392AF0562D47,-2.2189475010096187,-1.1094737505048091,-2.2189475010096187,0.0,-2.2189475010096187,dovish shift,strong
BOJ,HIMINO Ryozo,2025-10-21,DOC_8431D7B406AB,0.0,-1.4,0.0,-2.8,2.8,hawkish shift,strong
BOJ,NOGUCHI Asahi,2025-11-27,DOC_08A0BD4DE704,0.0,-1.809473750504809,0.0,-3.618947501009618,3.618947501009618,hawkish shift,extreme
BOJ,UEDA Kazuo,2026-03-03,DOC_39157E7586EB,0.0,-0.7,0.0,-1.4,1.4,hawkish shift,mild
BOJ,HIMINO Ryozo,2026-05-16,DOC_9FC59BC0D2D4,0.0,1.8575424759098895,0.0,3.71508495181978,-3.71508495181978,dovish shift,extreme
ECB,"Christine Lagarde, Luis de Guindos",2021-03-11,DOC_C73C73EEB630,0.4000000000000001,-0.4999999999999999,0.4000000000000001,-1.4,1.8,hawkish shift,mild
ECB,Introductory statement by Christine Lagarde,2021-03-18,DOC_E354C92ED449,-1.4,0.0,-1.4,1.4,-2.8,dovish shift,strong
ECB,"Luis de Guindos, Vice",2021-05-27,DOC_E7D4F56BEF7D,0.0,-0.7,0.0,-1.4,1.4,hawkish shift,mild
ECB,"Christine Lagarde, Luis de Guindos",2021-06-10,DOC_BCCFB8557434,1.6,1.1,1.6,0.6000000000000001,1.0,hawkish shift,mild
ECB,"Christine Lagarde, Luis de Guindos",2021-07-22,DOC_0A0800031A2F,0.0,0.8,0.0,1.6,-1.6,dovish shift,mild
ECB,"Christine Lagarde, Luis de Guindos",2021-09-09,DOC_4F7EDC99375B,-2.2189475010096187,-1.1094737505048091,-2.2189475010096187,0.0,-2.2189475010096187,dovish shift,strong
ECB,"Christine Lagarde, Luis de Guindos",2021-10-28,DOC_3EFB23E47A68,0.0,-1.1094737505048091,0.0,-2.2189475010096187,2.2189475010096187,hawkish shift,strong
ECB,Speech by Isabel Schnabel,2021-11-17,DOC_061A4D8D9417,2.8529325012980813,0.9509775004326938,2.8529325012980813,0.0,2.8529325012980813,hawkish shift,strong
ECB,"Christine Lagarde, Luis de Guindos",2021-12-16,DOC_7A2C6D323725,-1.2,-0.6,-1.2,0.0,-1.2,dovish shift,mild
ECB,"Christine Lagarde, Luis de Guindos",2022-02-03,DOC_B60D1CE903F2,-2.8,-2.0,-2.8,-1.2,-1.6,dovish shift,mild
ECB,"Christine Lagarde, Luis de Guindos",2022-03-10,DOC_82FBF729D815,-3.9302968908806455,-2.6434322969602158,-3.9302968908806455,-2.0,-1.9302968908806453,dovish shift,mild
ECB,Speech by Christine Lagarde,2022-03-17,DOC_5AB5D5935F69,-2.2189475010096187,-1.1094737505048091,-2.2189475010096187,0.0,-2.2189475010096187,dovish shift,strong
ECB,"Christine Lagarde, Luis de Guindos",2022-04-14,DOC_EE91A4C9053A,-0.3999999999999999,-2.3767656302935483,-0.3999999999999999,-3.3651484454403224,2.9651484454403225,hawkish shift,strong
ECB,Speech by Christine Lagarde,2022-05-11,DOC_92F57BFA96E3,0.0,-0.7396491670032063,0.0,-1.1094737505048091,1.1094737505048091,hawkish shift,mild
ECB,"Christine Lagarde, Luis de Guindos",2022-06-09,DOC_7B6E3436FCAC,1.1810524989903817,0.3905262494951909,1.1810524989903817,-0.3999999999999999,1.5810524989903816,hawkish shift,mild
ECB,"Christine Lagarde, Luis de Guindos",2022-07-21,DOC_967D1CFFDADF,-1.450699332842307,-0.1348234169259626,-1.450699332842307,1.1810524989903817,-2.6317518318326885,dovish shift,strong
ECB,"Christine Lagarde, Luis de Guindos",2022-09-08,DOC_A500CB6BAB5D,-4.650699332842307,-3.050699332842307,-4.650699332842307,-1.450699332842307,-3.2,dovish shift,strong
ECB,"Christine Lagarde, Luis de Guindos",2022-10-27,DOC_2BFA85E21A9A,-1.3999999999999997,-3.025349666421153,-1.3999999999999997,-4.650699332842307,3.2506993328423075,hawkish shift,strong
ECB,"Christine Lagarde, Luis de Guindos",2022-12-15,DOC_CDE5355AD170,-4.199999999999999,-2.7999999999999994,-4.199999999999999,-1.3999999999999997,-2.8,dovish shift,strong
ECB,Speech by Christine Lagarde,2023-03-20,DOC_037140BE58B4,-1.4,-0.7,-1.4,0.0,-1.4,dovish shift,mild
ECB,Speech by Christine Lagarde,2023-03-22,DOC_699851DD7B10,-4.199999999999999,-1.8666666666666665,-2.8,0.0,-2.8,dovish shift,strong
ECB,Speech by Christine Lagarde,2023-04-17,DOC_BE9D3959451A,0.0,-1.4,-1.8666666666666665,0.0,-1.8666666666666665,dovish shift,mild
ECB,"Christine Lagarde, Luis de Guindos",2023-05-04,DOC_148B8D3D6765,-0.650699332842307,-2.4506993328423063,-0.650699332842307,-4.250699332842307,3.6,hawkish shift,extreme
ECB,Speech by Christine Lagarde,2023-06-01,DOC_50FB3CEB0E85,2.4,-0.7999999999999999,2.4,-1.8666666666666665,4.266666666666667,hawkish shift,extreme
ECB,Speech by Christine Lagarde,2023-06-05,DOC_7A1C08A5872A,0.8000000000000003,-0.4799999999999998,1.6,-1.8666666666666665,3.466666666666667,hawkish shift,strong
ECB,Speech by Christine Lagarde,2023-06-23,DOC_9FF8CABA00ED,0.0,0.7999999999999999,1.0666666666666669,0.0,1.0666666666666669,hawkish shift,mild
ECB,"Luis de Guindos, Vice",2023-07-07,DOC_87CEFA316A5E,-2.2189475010096187,-0.3396491670032062,-1.1094737505048091,1.2000000000000002,-2.309473750504809,dovish shift,strong
ECB,Speech by Christine Lagarde,2023-09-25,DOC_1D96B66A54E9,-1.4,-1.4,-1.4,-3.0,1.6,hawkish shift,mild
ECB,Speech by Christine Lagarde,2023-11-17,DOC_8D67C083DAB0,0.0,-0.4666666666666666,0.0,-1.4,1.4,hawkish shift,mild
ECB,"Christine Lagarde, Luis de Guindos",2024-01-25,DOC_89CD608B6AA7,-3.8,-2.809473750504809,-3.8,-1.818947501009618,-1.9810524989903815,dovish shift,mild
ECB,Speech by Christine Lagarde,2024-02-26,DOC_1ADFF390E968,-1.4,-0.4666666666666666,-1.4,0.0,-1.4,dovish shift,mild
ECB,"Christine Lagarde, Luis de Guindos",2024-03-07,DOC_F20B2AFCD75A,-0.418947501009618,-2.012631667339745,-0.418947501009618,-2.809473750504809,2.390526249495191,hawkish shift,strong
ECB,Speech by Christine Lagarde,2024-04-22,DOC_1E641F96163E,0.0,-0.7,0.0,-1.4,1.4,hawkish shift,mild
ECB,Speech by Christine Lagarde,2024-06-01,DOC_E519ED995791,-1.4,-0.7,-1.4,0.0,-1.4,dovish shift,mild
ECB,"Luis de Guindos, Vice",2024-06-18,DOC_20D8290EDBD3,0.0,-0.9333333333333332,0.0,-1.4,1.4,hawkish shift,mild
ECB,"Christine Lagarde, Luis de Guindos",2024-07-18,DOC_6299A05835D7,-0.9999999999999998,-1.6999999999999995,-0.9999999999999998,-2.3999999999999995,1.3999999999999997,hawkish shift,mild
ECB,Speech by Christine Lagarde,2024-11-05,DOC_DF3F688AE07B,0.0,-0.4666666666666666,0.0,-1.4,1.4,hawkish shift,mild
ECB,"Christine Lagarde, Luis de Guindos",2025-01-30,DOC_C4E3EE6CDEFF,-0.4189475010096186,-1.718947501009619,-0.4189475010096186,-3.0189475010096185,2.6,hawkish shift,strong
ECB,Speech by Philip R. Lane,2025-02-05,DOC_F95EA691D39A,1.4529325012980814,0.9264662506490408,1.4529325012980814,0.4000000000000001,1.0529325012980812,hawkish shift,mild
ECB,"Christine Lagarde, Luis de Guindos",2025-03-06,DOC_7E18226B03A7,-0.3682481681673111,-1.268714390062183,-0.3682481681673111,-1.718947501009619,1.3506993328423076,hawkish shift,mild
ECB,Christine Lagarde,2025-03-12,DOC_B1B8D5D1D788,1.4,-0.4094737505048094,1.4,-2.2189475010096187,3.6189475010096186,hawkish shift,extreme
ECB,Speech by Christine Lagarde,2025-03-20,DOC_EFFCBCE3D61E,0.0,-0.7,0.0,-1.4,1.4,hawkish shift,mild
ECB,"Luis de Guindos, Vice",2025-04-03,DOC_F76D045B5B88,0.0,-0.7,0.0,-1.4,1.4,hawkish shift,mild
ECB,"Christine Lagarde, Luis de Guindos",2025-04-17,DOC_F9AD1FCA6B84,-6.869646833851926,-2.552280834342952,-6.869646833851926,-0.3935978345884648,-6.476048999263461,dovish shift,extreme
ECB,Speech by Isabel Schnabel,2025-05-10,DOC_EEDB09669706,-1.4,-0.7,-1.4,0.0,-1.4,dovish shift,mild
ECB,"Christine Lagarde, Luis de Guindos",2025-06-05,DOC_0B3B358636B2,-2.2189475010096187,-4.544297167430772,-2.2189475010096187,-6.869646833851926,4.650699332842307,hawkish shift,extreme
ECB,"Christine Lagarde, Luis de Guindos",2025-09-11,DOC_604D8386FAC8,-5.330296890880645,-4.065148445440323,-5.330296890880645,-2.8,-2.5302968908806456,dovish shift,strong
ECB,Frank Elderson,2025-10-01,DOC_25E228383FA6,2.0,1.0,2.0,0.0,2.0,hawkish shift,strong
ECB,"Christine Lagarde, Luis de Guindos",2025-10-30,DOC_04361559403B,-6.656842503028857,-5.993569696954751,-6.656842503028857,-5.330296890880645,-1.3265456121482115,dovish shift,mild
ECB,"Christine Lagarde, Luis de Guindos",2025-12-18,DOC_E8671B45A3C3,-2.8,-4.728421251514428,-2.8,-6.656842503028857,3.856842503028857,hawkish shift,extreme
ECB,"Luis de Guindos, Vice",2026-01-14,DOC_85457190A714,-1.4,-0.7,-1.4,0.0,-1.4,dovish shift,mild
ECB,"Christine Lagarde, Luis de Guindos",2026-02-05,DOC_95A6AF56EA39,-4.199999999999999,-3.5,-4.199999999999999,-2.8,-1.3999999999999997,dovish shift,mild
ECB,"Christine Lagarde, Luis de Guindos",2026-03-19,DOC_EB0559A1465E,-6.218947501009618,-5.2094737505048085,-6.218947501009618,-4.199999999999999,-2.0189475010096185,dovish shift,strong
ECB,"Christine Lagarde, Luis de Guindos",2026-04-30,DOC_AB0925C088A1,-1.584962500721156,-4.001303333910258,-1.584962500721156,-5.2094737505048085,3.624511249783653,hawkish shift,extreme
FED,Lael Brainard,2021-03-01,DOC_CBB9DCB3F0CC,-1.4,0.0,-0.4666666666666666,0.7,-1.1666666666666663,dovish shift,mild
FED,Jerome H. Powell,2021-03-18,DOC_109E9C765C04,0.0,0.7,0.0,1.4,-1.4,dovish shift,mild
FED,Christopher J. Waller,2021-12-17,DOC_5104C3D598A1,1.8,0.6,1.8,0.0,1.8,hawkish shift,mild
FED,Christopher J. Waller,2022-02-18,DOC_6549A97BA416,0.0,0.9,0.0,1.8,-1.8,dovish shift,mild
FED,Christopher J. Waller,2022-02-24,DOC_7326BB90F476,-2.2189475010096187,-0.1396491670032062,-1.1094737505048091,1.8,-2.9094737505048096,dovish shift,strong
FED,Christopher J. Waller,2022-03-24,DOC_F8617E1600FA,0.0,-0.7396491670032063,-1.1094737505048091,0.0,-1.1094737505048091,dovish shift,mild
FED,Lael Brainard,2022-09-07,DOC_C0AC9AAFD847,-2.8,-0.7,-1.4,0.0,-1.4,dovish shift,mild
FED,Lael Brainard,2022-10-10,DOC_180610C75707,-0.1999999999999997,-0.3592179996538449,0.5019550008653877,-0.9333333333333332,1.435288334198721,hawkish shift,mild
FED,Michelle W. Bowman,2022-10-12,DOC_67A446CDD875,3.4000000000000004,0.8500000000000001,1.7000000000000002,0.0,1.7000000000000002,hawkish shift,mild
FED,Jerome H. Powell,2022-11-30,DOC_C7D8EB840867,2.2,1.1,2.2,0.0,2.2,hawkish shift,strong
FED,Lisa D. Cook,2023-01-06,DOC_C6C1E8E165B3,1.4,0.7,1.4,0.0,1.4,hawkish shift,mild
FED,Michelle W. Bowman,2023-01-10,DOC_FD466DFAF84E,2.0,2.0,2.0,3.4000000000000004,-1.4000000000000004,dovish shift,mild
FED,Jerome H. Powell,2023-01-10,DOC_A38D58CFFCB9,0.0,1.1,0.0,2.2,-2.2,dovish shift,strong
FED,Lael Brainard,2023-01-19,DOC_17808E7F5D11,-1.2,-0.6,-1.2,0.0,-1.2,dovish shift,mild
FED,Michelle W. Bowman,2023-02-13,DOC_1E233AFE7CBE,0.0,1.0,0.0,2.0,-2.0,dovish shift,strong
FED,Michelle W. Bowman,2023-03-03,DOC_B3328141495D,0.0,0.6666666666666666,0.0,2.0,-2.0,dovish shift,strong
FED,Michelle W. Bowman,2023-03-14,DOC_7FEEAF7FC0B0,0.0,0.5,0.0,2.0,-2.0,dovish shift,strong
FED,Lisa D. Cook,2023-03-31,DOC_564750CDD75E,-1.4189475010096184,-0.0094737505048092,-1.4189475010096184,1.4,-2.8189475010096183,dovish shift,strong
FED,Philip N. Jefferson,2023-05-12,DOC_91B0FF0D9415,2.4,0.6,2.4,0.0,2.4,hawkish shift,strong
FED,Philip N. Jefferson,2023-05-31,DOC_79D7AE3A8577,3.8,0.85,1.1333333333333333,0.0,1.1333333333333333,hawkish shift,mild
FED,Jerome H. Powell,2023-08-25,DOC_37721B8E2F23,1.0,2.4,1.0,3.8,-2.8,dovish shift,strong
FED,Michael S. Barr,2023-09-08,DOC_80FE9812E827,0.0,0.7,0.0,1.4,-1.4,dovish shift,mild
FED,Jerome H. Powell,2023-09-28,DOC_81419ABD7666,0.0,0.5,0.0,1.0,-1.0,dovish shift,mild
FED,Jerome H. Powell,2023-10-25,DOC_6A8BAF9E62B8,0.0,0.3333333333333333,0.0,1.0,-1.0,dovish shift,mild
FED,Michelle W. Bowman,2023-11-07,DOC_5EF90DD2808E,-1.2,-0.4333333333333333,-1.2999999999999998,0.0,-1.2999999999999998,dovish shift,mild
FED,Michelle W. Bowman,2023-11-09,DOC_87BA307FF11D,-1.2,-0.5428571428571428,-1.2666666666666666,0.0,-1.2666666666666666,dovish shift,mild
FED,Philip N. Jefferson,2023-11-14,DOC_2E670DD3B606,0.0,1.014210625757214,0.0,4.056842503028856,-4.056842503028856,dovish shift,extreme
FED,Michelle W. Bowman,2024-01-08,DOC_BF24491DDA80,1.8,-0.3333333333333333,1.8,-0.76,2.56,hawkish shift,strong
FED,Michelle W. Bowman,2024-01-17,DOC_272F7E206701,0.0,-0.0999999999999999,0.9,-0.6,1.5,hawkish shift,mild
FED,Adriana D. Kugler,2024-04-03,DOC_0B7F372ACB48,-2.2189475010096187,-0.1396491670032062,-2.2189475010096187,0.9,-3.1189475010096186,dovish shift,strong
FED,Adriana D. Kugler,2024-04-04,DOC_9DEEEC9BD2AA,0.0,-0.1047368752524046,-1.1094737505048091,0.9,-2.0094737505048093,dovish shift,strong
FED,Michelle W. Bowman,2024-05-03,DOC_54F26FB8DBDB,0.1999999999999999,0.4947702779220091,1.5264662506490407,0.2333333333333333,1.2931329173157071,hawkish shift,mild
FED,Michelle W. Bowman,2024-05-10,DOC_CD683C9FC52A,-1.4,0.3392147223664535,-0.6,0.607561785899726,-1.2075617858997258,dovish shift,mild
FED,Michelle W. Bowman,2024-05-15,DOC_D57B90CCE69E,0.0,0.3392147223664535,-0.3999999999999999,0.607561785899726,-1.007561785899726,dovish shift,mild
FED,Philip N. Jefferson,2024-05-20,DOC_FB9CC007D065,0.0,-0.1499999999999999,-0.7,0.4000000000000001,-1.1,dovish shift,mild
FED,Adriana D. Kugler,2024-06-18,DOC_E10EC7DE1C6B,-2.0,-1.054736875252405,-2.0,-0.7396491670032063,-1.2603508329967936,dovish shift,mild
FED,Michelle W. Bowman,2024-06-27,DOC_0A410DFA475F,1.2529325012980812,0.559890682172204,1.4352883341987208,0.264704643042583,1.1705836911561378,hawkish shift,mild
FED,Adriana D. Kugler,2024-07-16,DOC_051D7558FD5D,-4.8,-2.2666666666666666,-3.4,0.0,-3.4,dovish shift,strong
FED,Michelle W. Bowman,2024-07-18,DOC_990D878C7528,1.4,0.5228738891773514,1.4264662506490406,-0.2,1.6264662506490406,hawkish shift,mild
FED,Michelle W. Bowman,2024-08-10,DOC_80B000C8067D,4.179470570797252,1.260666946674177,2.7897352853986264,0.7509775004326937,2.0387577849659326,hawkish shift,strong
FED,Michelle W. Bowman,2024-08-20,DOC_6403BB919C8F,3.6,1.9264765104847736,3.8897352853986265,1.1411730005192324,2.748562284879394,hawkish shift,strong
FED,Michelle W. Bowman,2024-09-20,DOC_B18A28F47B70,0.0,1.6856669466741767,0.0,2.2475559288989024,-2.2475559288989024,dovish shift,strong
FED,Michelle W. Bowman,2024-09-24,DOC_97A23DC4548B,0.4000000000000001,1.5474861531564763,0.1333333333333334,2.3370671146786828,-2.203733781345349,dovish shift,strong
FED,Adriana D. Kugler,2024-09-25,DOC_23A5A72691DC,-1.5,-3.15,-1.5,-4.8,3.3,hawkish shift,strong
FED,Lisa D. Cook,2024-09-26,DOC_E5C6F260C2E8,0.4000000000000001,-0.4999999999999999,0.4000000000000001,-1.4,1.8,hawkish shift,mild
FED,Michelle W. Bowman,2024-09-26,DOC_5F31BB22FAA0,0.4000000000000001,1.425638652971036,0.2,3.059823523599084,-2.859823523599084,dovish shift,strong
FED,Michelle W. Bowman,2024-09-30,DOC_AB6553B66D99,0.4000000000000001,1.2974338213496566,0.24,3.059823523599084,-2.819823523599084,dovish shift,strong
FED,Lisa D. Cook,2024-10-01,DOC_BD76EE757142,0.0,-0.3333333333333332,0.2,-1.4,1.6,hawkish shift,mild
FED,Michelle W. Bowman,2024-10-02,DOC_6447BAF6BBBE,0.0,1.153274507866361,0.2,3.059823523599084,-2.859823523599084,dovish shift,strong
FED,Michelle W. Bowman,2024-10-11,DOC_59143D1477D6,0.0,1.0379470570797251,0.2,2.294867642699313,-2.0948676426993127,dovish shift,strong
FED,Opening Remarks,2024-10-23,DOC_9A5B8A80A676,1.4,0.7,1.4,0.0,1.4,hawkish shift,mild
FED,Jerome H. Powell,2024-11-14,DOC_9193F359FE69,1.6,0.2952631247475953,1.6,-0.1396491670032062,1.7396491670032064,hawkish shift,mild
FED,Adriana D. Kugler,2024-11-14,DOC_80B0459E2CBD,0.0,-0.75,0.0,-1.5,1.5,hawkish shift,mild
FED,Adriana D. Kugler,2024-12-03,DOC_65B2C1049F84,1.6,0.0333333333333333,0.8,-1.5,2.3,hawkish shift,strong
FED,Lisa D. Cook,2025-01-06,DOC_61EB29C49492,1.4,0.7,1.4,0.0,1.4,hawkish shift,mild
FED,Michelle W. Bowman,2025-01-09,DOC_A8808345A2DB,2.6,1.3,2.6,0.0,2.6,hawkish shift,strong
FED,Michelle W. Bowman,2025-01-31,DOC_F36CDA51C239,4.0,2.2,3.3,0.0,3.3,hawkish shift,strong
FED,Michelle W. Bowman,2025-02-05,DOC_72744245E2F3,0.0,1.65,2.2,0.0,2.2,hawkish shift,strong
FED,Adriana D. Kugler,2025-02-20,DOC_7918BE229D7E,4.33594000115385,2.9679700005769254,4.33594000115385,1.6,2.73594000115385,hawkish shift,strong
FED,Michelle W. Bowman,2025-03-07,DOC_09F4C12700F8,-1.4,1.3199999999999998,0.0,3.3,-3.3,dovish shift,strong
FED,Michael S. Barr,2025-03-24,DOC_C0860A46537A,0.0,1.1999999999999995,0.0,2.3999999999999995,-2.3999999999999995,dovish shift,strong
FED,Adriana D. Kugler,2025-03-25,DOC_9EA9924DDAEF,0.0,2.04531333371795,0.9,4.33594000115385,-3.4359400011538503,dovish shift,strong
FED,Philip N. Jefferson,2025-04-03,DOC_18D173CC2EEB,1.4,0.1962104997980763,1.4,-0.1047368752524046,1.5047368752524046,hawkish shift,mild
FED,Lisa D. Cook,2025-04-03,DOC_B5A65767993B,0.0,0.7,0.0,1.4,-1.4,dovish shift,mild
FED,Michael S. Barr,2025-04-04,DOC_E251637757F5,0.0,0.9599999999999996,0.0,1.5999999999999996,-1.5999999999999996,dovish shift,mild
FED,Adriana D. Kugler,2025-04-07,DOC_B697A0402D6E,0.0,1.5339850002884623,0.0,3.067970000576925,-3.067970000576925,dovish shift,strong
FED,Jerome H. Powell,2025-04-16,DOC_8EEC58439500,-1.4,-0.9333333333333332,-1.4,0.0,-1.4,dovish shift,mild
FED,Michael S. Barr,2025-04-17,DOC_B188CCD889EA,0.0,0.7999999999999998,0.0,1.5999999999999996,-1.5999999999999996,dovish shift,mild
FED,Opening Remarks,2025-06-24,DOC_84A53E8BC692,0.0,-0.4666666666666666,0.0,-1.4,1.4,hawkish shift,mild
FED,Lisa D. Cook,2025-07-17,DOC_2B2B8E10C95E,0.0,0.7,0.0,1.4,-1.4,dovish shift,mild
FED,Adriana D. Kugler,2025-07-17,DOC_B8CC5594432F,0.0,0.7264662506490402,0.0,1.4529325012980814,-1.4529325012980814,dovish shift,mild
FED,Christopher J. Waller,2025-08-01,DOC_78729FD1BC78,-1.2,0.16,-0.6,0.6666666666666666,-1.2666666666666666,dovish shift,mild
FED,Michelle W. Bowman,2025-08-01,DOC_F4B45AF4E5DB,0.0,-1.1094737505048091,0.0,-2.2189475010096187,2.2189475010096187,hawkish shift,strong
FED,Michelle W. Bowman,2025-08-09,DOC_425C4974F38D,2.2,-0.0063158336698728,1.1,-2.2189475010096187,3.3189475010096188,hawkish shift,strong
FED,Jerome H. Powell,2025-09-23,DOC_D24462A86705,-3.250699332842307,-1.2232156112839752,-3.250699332842307,-0.2094737505048093,-3.0412255823374976,dovish shift,strong
FED,Michelle W. Bowman,2025-09-26,DOC_526FEBB57CC5,-2.2189475010096187,-0.0063158336698728,-2.2189475010096187,1.1,-3.3189475010096188,dovish shift,strong
FED,Jerome H. Powell,2025-10-09,DOC_79E2C4D868C6,0.0,-0.9174117084629816,-1.6253496664211535,-0.2094737505048093,-1.4158759159163443,dovish shift,mild
FED,Michelle W. Bowman,2025-10-09,DOC_0F8E61CD579F,0.0,-0.0047368752524046,-1.1094737505048091,1.1,-2.209473750504809,dovish shift,strong
FED,Jerome H. Powell,2025-10-14,DOC_3DDDF8B17DCB,-2.8,-1.293929366770385,-2.016899777614102,-0.2094737505048093,-1.8074260271092928,dovish shift,mild
FED,Jerome H. Powell,2025-12-01,DOC_BDEF610F7E90,0.0,-1.5126748332105766,0.0,-2.016899777614102,2.016899777614102,hawkish shift,strong
FED,Jerome H. Powell,2026-01-11,DOC_5AC4F39A96F8,0.0,-0.9333333333333336,0.0,-1.4,1.4,hawkish shift,mild
FED,Philip N. Jefferson,2026-01-16,DOC_3985834A441C,-2.2189475010096187,-1.0094737505048093,-2.2189475010096187,-0.6063158336698729,-1.6126316673397458,dovish shift,mild
FED,Christopher J. Waller,2026-01-30,DOC_AE96B46D54F1,0.0,0.9,0.0,1.8,-1.8,dovish shift,mild
FED,Michelle W. Bowman,2026-02-16,DOC_5D01C02457E0,0.0,-0.4999999999999999,-1.4,0.4000000000000001,-1.8,dovish shift,mild
FED,Michael S. Barr,2026-03-26,DOC_AE52E1DA1565,2.8,2.1,2.8,1.4,1.4,hawkish shift,mild
FED,Christopher J. Waller,2026-05-08,DOC_D3BB7599D602,0.0,-0.5547368752524047,0.0,-1.1094737505048091,1.1094737505048091,hawkish shift,mild
FED,Michael S. Barr,2026-05-14,DOC_30D90A4339EA,0.0,1.0499999999999998,0.0,2.1,-2.1,dovish shift,strong
RBA,Online,2021-05-06,DOC_51CA583662D8,0.0,0.6666666666666666,0.0,1.0,-1.0,dovish shift,mild
RBA,Online,2021-09-14,DOC_105951ADF557,-1.4,-0.35,-1.4,0.0,-1.4,dovish shift,mild
RBA,Online,2022-02-11,DOC_6AD96DB8CB28,-1.4,-0.1555555555555555,-1.4,0.0,-1.4,dovish shift,mild
RBA,Melbourne,2022-03-13,DOC_F8D4A5350694,0.0,1.2679700005769252,0.0,2.5359400011538504,-2.5359400011538504,dovish shift,strong
RBA,Sydney,2022-07-14,DOC_C56AED5A88E5,0.0,-0.4643856189774724,-1.6253496664211535,0.0,-1.6253496664211535,dovish shift,mild
RBA,Sydney,2022-08-06,DOC_04378C07961A,1.4,-0.2313374166052884,0.4666666666666666,-0.6501398665684615,1.116806533235128,hawkish shift,mild
RBA,Sydney,2022-08-24,DOC_CDCAA5C93C4C,2.0,0.0248834445262821,1.1333333333333333,-1.083566444280769,2.2168997776141026,hawkish shift,strong
RBA,Sydney,2022-09-08,DOC_2345DB196F3D,0.0,0.0248834445262821,1.0,-0.4626748332105768,1.4626748332105768,hawkish shift,mild
RBA,Sydney,2022-09-11,DOC_D804D2D453AE,0.0,0.0213286667368132,0.6666666666666666,-0.4626748332105768,1.1293414998772433,hawkish shift,mild
RBA,Sydney,2022-10-12,DOC_5C12E1170381,0.0,0.25,-0.4666666666666666,0.5666666666666667,-1.0333333333333332,dovish shift,mild
RBA,Sydney,2022-12-14,DOC_C5860FFFA12C,4.0,0.1090909090909091,1.3333333333333333,-0.35,1.6833333333333331,hawkish shift,mild
RBA,Sydney,2023-02-10,DOC_D3F5CEA35098,0.0,0.8,0.0,1.3333333333333333,-1.3333333333333333,dovish shift,mild
RBA,Sydney,2023-02-12,DOC_CF4FFBEF2E13,0.0,0.6666666666666666,0.0,1.3333333333333333,-1.3333333333333333,dovish shift,mild
RBA,Sydney,2023-03-05,DOC_29BCBE9D858E,0.0,0.6666666666666666,0.0,1.3333333333333333,-1.3333333333333333,dovish shift,mild
RBA,Sydney,2023-04-05,DOC_B51DEABAD8EF,2.4,0.6,1.2,0.0,1.2,hawkish shift,mild
RBA,Melbourne,2023-04-12,DOC_0913E3434D8F,-1.2,-0.6,-1.2,0.0,-1.2,dovish shift,mild
RBA,Sydney,2023-06-07,DOC_14A41DBD9D45,2.4,0.7999999999999999,2.4,0.48,1.92,hawkish shift,mild
RBA,Sydney,2023-06-07,DOC_455623F07E2A,1.6,0.9142857142857144,2.0,0.48,1.52,hawkish shift,mild
RBA,Sydney,2023-06-20,DOC_457F5E499813,1.6,1.1428571428571428,1.8666666666666665,0.6,1.2666666666666666,hawkish shift,mild
RBA,Sydney,2023-08-08,DOC_2898A3284168,0.0,0.9333333333333332,0.0,1.8666666666666665,-1.8666666666666665,dovish shift,mild
RBA,Sydney,2023-08-11,DOC_6E07F7950408,-1.5302968908806456,0.581386158445622,-0.5100989636268819,1.4,-1.910098963626882,dovish shift,mild
RBA,Sydney,2023-09-07,DOC_BADC65C36338,0.0,0.0116171848532257,-0.7651484454403228,0.5333333333333333,-1.298481778773656,dovish shift,mild
RBA,Sydney,2023-10-11,DOC_69CDEAB1CABD,2.4,0.1739406218238708,2.4,-0.3825742227201614,2.7825742227201613,hawkish shift,strong
RBA,Sydney,2023-10-14,DOC_D76A7C7F451F,0.0,0.1739406218238708,1.2,-0.5100989636268819,1.7100989636268815,hawkish shift,mild
RBA,Sydney,2023-10-16,DOC_4DF4FB427BDF,0.0,0.144950518186559,0.7999999999999999,-0.5100989636268819,1.3100989636268818,hawkish shift,mild
RBA,Sydney,2023-10-18,DOC_D430E65E449B,0.0,0.1242433013027649,0.6,-0.5100989636268819,1.110098963626882,hawkish shift,mild
RBA,Sydney,2023-10-31,DOC_B8ED26F3A7E3,2.0,0.2869703109119354,0.6285714285714287,-0.5100989636268819,1.1386703921983106,hawkish shift,mild
RBA,Sydney,2023-11-03,DOC_73A819FCB6B4,0.0,0.2608821008290322,0.55,-0.5100989636268819,1.0600989636268818,hawkish shift,mild
RBA,Michele Bullock,2024-03-19,DOC_9C6DFB88F4A7,0.0,0.6666666666666666,0.0,1.0,-1.0,dovish shift,mild
RBA,Michele Bullock,2024-05-07,DOC_469E123F4519,7.6,2.533333333333333,7.6,0.0,7.6,hawkish shift,extreme
RBA,Sarah Hunter,2024-05-30,DOC_1216BC2921E7,1.6,0.8,1.6,0.0,1.6,hawkish shift,mild
RBA,Michele Bullock,2024-07-08,DOC_87FEC2EC6B06,0.0,5.339649167003207,4.209473750504809,7.6,-3.39052624949519,dovish shift,strong
RBA,Michele Bullock,2024-08-06,DOC_E8AD077BB744,4.418947501009619,4.279298334006413,2.209473750504809,8.418947501009619,-6.209473750504809,dovish shift,extreme
RBA,Andrew Hauser,2024-08-12,DOC_6335D11A1072,-1.4,0.0666666666666667,-1.4,0.8,-2.2,dovish shift,strong
RBA,Michele Bullock,2024-08-16,DOC_EF0D95B26ABA,6.652932501298082,4.87270687582933,5.53594000115385,4.209473750504809,1.326466250649041,hawkish shift,mild
RBA,Andrew Hauser,2024-08-30,DOC_6914851B71B2,0.0,0.05,-0.7,0.8,-1.5,dovish shift,mild
RBA,Michele Bullock,2024-09-24,DOC_B147B828478A,7.618947501009619,4.67270687582933,7.618947501009619,3.6906266674359,3.928320833573719,hawkish shift,extreme
RBA,Michele Bullock,2024-11-05,DOC_D70CD8D926F9,2.4000000000000004,5.557293334102567,2.4000000000000004,7.13594000115385,-4.73594000115385,dovish shift,extreme
RBA,Michele Bullock,2024-11-14,DOC_6E7111DB2D2B,2.2189475010096187,4.079298334006412,2.309473750504809,7.13594000115385,-4.826466250649041,dovish shift,extreme
RBA,Michele Bullock,2024-11-21,DOC_39C5BDA5736B,0.0,3.059473750504809,1.5396491670032064,7.618947501009619,-6.079298334006412,dovish shift,extreme
RBA,Michele Bullock,2024-12-10,DOC_657554B03021,0.8189475010096188,2.611368500605772,1.0126316673397455,5.00947375050481,-3.996842083165064,dovish shift,extreme
RBA,Michele Bullock,2025-02-18,DOC_3996D9351F9E,1.8,0.8729825003365397,1.8,0.4094737505048094,1.3905262494951909,hawkish shift,mild
RBA,Sydney,2025-03-10,DOC_C46D2C28F378,0.0,0.8,0.0,1.6,-1.6,dovish shift,mild
RBA,Sydney,2025-03-14,DOC_A58F366EE8E2,0.0,0.5333333333333333,0.0,1.6,-1.6,dovish shift,mild
RBA,Michele Bullock,2025-04-01,DOC_5037E46743D0,-2.2189475010096187,-0.1396491670032061,-2.2189475010096187,0.9,-3.1189475010096186,dovish shift,strong
RBA,Michele Bullock,2025-04-10,DOC_ED334D5FD980,0.0,-0.1047368752524046,-1.1094737505048091,0.9,-2.0094737505048093,dovish shift,strong
RBA,Michele Bullock,2025-05-20,DOC_58379EFDE740,-2.2189475010096187,-1.1094737505048091,-2.2189475010096187,-0.7396491670032063,-1.4792983340064123,dovish shift,mild
RBA,Michele Bullock,2025-08-12,DOC_0AD7586B5725,-3.250699332842307,-2.289882277950642,-3.250699332842307,-1.8094737505048093,-1.4412255823374978,dovish shift,mild
RBA,Michele Bullock,2025-09-22,DOC_DC41254B4CBA,0.0,-1.1626748332105767,0.0,-2.325349666421153,2.325349666421153,hawkish shift,strong
RBA,Michele Bullock,2025-09-30,DOC_CAAC7E27F544,-2.2189475010096187,-1.3739293667703851,-0.7396491670032063,-2.325349666421153,1.585700499417947,hawkish shift,mild
RBA,Michele Bullock,2025-10-03,DOC_536A735AB2C4,0.0,-1.144941138975321,-0.7396491670032063,-2.325349666421153,1.585700499417947,hawkish shift,mild
RBA,Sydney,2025-10-11,DOC_7AE6752E176C,-2.2189475010096187,-1.1094737505048091,-2.2189475010096187,0.0,-2.2189475010096187,dovish shift,strong
RBA,Michele Bullock,2025-10-16,DOC_BD3E35D20A6C,0.0,-0.9116078056419876,-0.5547368752524047,-1.6253496664211535,1.0706127911687489,hawkish shift,mild
RBA,Sydney,2025-11-14,DOC_BFFD0802A668,0.0,-1.1094737505048091,0.0,-2.2189475010096187,2.2189475010096187,hawkish shift,strong
RBA,Sarah Hunter,2025-11-20,DOC_20A9E0949F96,-1.4,-0.2799999999999999,-1.4,0.0,-1.4,dovish shift,mild
RBA,Michele Bullock,2025-12-09,DOC_DE5C03EEF11F,-3.250699332842307,-0.8837058542314907,-3.250699332842307,-0.5455639287156598,-2.705135404126647,dovish shift,strong
RBA,Michele Bullock,2026-02-03,DOC_BCE32E575735,0.8000000000000003,-1.2253496664211534,0.8000000000000003,-3.250699332842307,4.050699332842307,hawkish shift,extreme
RBA,Michele Bullock,2026-02-06,DOC_0A837C04B734,0.0,-0.8168997776141023,0.4000000000000001,-3.250699332842307,3.650699332842307,hawkish shift,extreme
RBA,Andrew Hauser,2026-02-11,DOC_36F217686A31,-1.6,-0.8,-1.6,0.0,-1.6,dovish shift,mild
RBA,Michele Bullock,2026-02-25,DOC_753CECC509D5,0.0,-0.6126748332105767,0.2666666666666668,-3.250699332842307,3.5173659995089737,hawkish shift,extreme
RBA,Michele Bullock,2026-03-03,DOC_8A9875501B1D,-1.4,-0.7701398665684613,-0.1499999999999999,-3.250699332842307,3.100699332842307,hawkish shift,strong
RBA,Andrew Hauser,2026-04-14,DOC_0608E751BCC4,-1.4,-0.0928119997692299,-1.4,0.2339850002884625,-1.6339850002884626,dovish shift,mild
RBA,Michele Bullock,2026-05-05,DOC_AD1CF7815CF0,-1.4,-0.0799999999999999,-1.4,0.25,-1.65,dovish shift,mild
SNB,Thomas Jordan,2022-06-16,DOC_4AC2127B3DED,0.0,0.7,0.0,1.4,-1.4,dovish shift,mild
