bank,meeting_date,meeting_id,decision,rate_change_bps,policy_rate_after,confidence,override_reason,matched_excerpt
RIKSBANK,2022-06-01,RIKSBANK_2022_06_A,hike,,,0.75,strong hike keyword,"TEXT START ==== Monetary Policy Report, April 2022 Inflation has risen to the highest level since the 1990s and will be high for some time. To counteract the high inflation from becoming entrenched in price and wage-setting, the Executive Board has decided to raise the repo rate from zero to 0.25 per cent. The Board's forecast is that the repo rate will be raised gradually going forward and that it will be somewhat below 2 per cent in three years' time. The Executive Board has also decided to reduce the pace o"
RIKSBANK,2022-06-01,RIKSBANK_2022_06_C,hike,,,0.75,strong hike keyword,"has continued to rise rapidly and price increases are spreading through the economy. To ensure that inflation returns to the target and to counteract the high inflation becoming entrenched in price setting and wage formation, the Executive Board has decided to raise the policy rate from 0.25 per cent to 0.75 per cent. The Executive Board's forecast is that the policy rate will be raised further and that it will be close to 2 per cent at the start of next year. The Executive Board has also decided that, in the s"
RIKSBANK,2022-06-01,RIKSBANK_2022_06_D,hike,,,0.75,strong hike keyword,"s still far too high. The high inflation undermines purchasing power for many people and makes it more difficult for households and companies to plan their finances. To bring down inflation and safeguard the inflation target, the Executive Board has decided to raise the policy rate by 0.75 percentage points to 2.5 per cent. The forecast shows that the policy rate will probably be raised further at the beginning of next year and then be just below 3 per cent. It is still difficult to assess how inflation will de"
RIKSBANK,2026-06-01,RIKSBANK_2026_06,hold,0.0,,0.75,strong hold keyword,"g is handled in different parts of the world, the high share valuations of AI companies and, for municipalities, the demographic challenges resulting from a lower birth rate and an ageing population. “Our latest forecast is that the policy rate will remain at its current level for some time to come, but nothing is certain in a changing world” Updated 15/01/2026"
SNB,2025-12-11,SNB_2025_12,hold,0.0,,0.75,strong hold keyword,"ntelligence. Inflation remained elevated in the US. However, since the downside risks to employment have increased, monetary policy there has nonetheless been eased further. In the euro area, inflation was close to target and key interest rates were left unchanged. In our baseline scenario, we anticipate that growth in the global economy will be moderate over the coming quarters. Among the factors supporting this are the further monetary policy easing over the course of 2025, as well as more expansionary fisc"
BOE,2022-06-01,BOE_2022_06_B,hold,0.0,0.5,0.9,strong hold keyword,"of the forecast period (Chart 1.2). Monetary Policy Report February 2022 Section 1: The economic outlook 5 Chart 1.1: GDP projection based on market interest rate expectations, other policy measures as announced (1) The assumption is that Bank Rate remains at 0.5% throughout the three years of the forecast period, before moving towards the market path over the subsequent three years. Chart 1.2: GDP growth projection based on market interest rate expectations, other policy measures as announced The fan ch"
BOJ,2026-01-23,BOJ_2026_01,hold,0.0,,0.75,strong hold keyword,"ng held today, the Policy Board of the Bank of Japan decided, by an 8-1 majority vote, to set the following guideline for money market operations for the intermeeting period: [Note] The Bank will encourage the uncollateralized overnight call rate to remain at around 0.75 percent. [Note] Voting for the action: UEDA Kazuo, HIMINO Ryozo, UCHIDA Shinichi, NOGUCHI Asahi, NAKAGAWA Junko, TAMURA Naoki, KOEDA Junko, and MASU Kazuyuki. Voting against the action: TAKATA Hajime. Takata Hajime considered that the pr"
BOJ,2026-03-19,BOJ_2026_03,hold,0.0,,0.75,strong hold keyword,"held today, the Policy Board of the Bank of Japan decided, by an 8-1 majority vote, to set the following guideline for money market operations for the intermeeting period: [Note 1] The Bank will encourage the uncollateralized overnight call rate to remain at around 0.75 percent. 2. Japan's economy has recovered moderately, although some weakness has been seen in part. Overseas economies have grown moderately on the whole, although some weakness has been seen in part, reflecting trade and other policies"
BOJ,2026-04-28,BOJ_2026_04,hold,0.0,,0.75,strong hold keyword,"ing held today, the Policy Board of the Bank of Japan decided, by a 6-3 majority vote, to set the following guideline for money market operations for the intermeeting period: [Note] The Bank will encourage the uncollateralized overnight call rate to remain at around 0.75 percent. [Note] Voting for the action: UEDA Kazuo, HIMINO Ryozo, UCHIDA Shinichi, KOEDA Junko, MASU Kazuyuki, and ASADA Toichiro. Voting against the action: NAKAGAWA Junko, TAKATA Hajime, and TAMURA Naoki. Nakagawa Junko considered that,"
ECB,2021-01-21,ECB_2021_01,hold,0.0,,0.75,strong hold keyword,"erest rate on the main refinancing operations and the interest rates on the marginal lending facility and the deposit facility will remain unchanged at 0.00%, 0.25% and -0.50% respectively. The Governing Council expects the key ECB interest rates to remain at their present or lower levels until it has seen the inflation outlook robustly converge to a level sufficiently close to, but below, 2% wi"
ECB,2021-03-11,ECB_2021_03,hold,0.0,,0.75,strong hold keyword,"extended period of time past the date when we start raising the key ECB interest rates, and in any case for as long as necessary to maintain favourable liquidity conditions and an ample degree of monetary accommodation. Third, the Governing Council decided to keep the key ECB interest rates unchanged. We expect them to remain at their present or lower levels until we have seen the inflation outlook robustly converge to a level sufficiently close to, but below, 2 per cent within our projection horizon, and suc"
ECB,2021-04-22,ECB_2021_04,hold,0.0,,0.75,strong hold keyword,"erest rate on the main refinancing operations and the interest rates on the marginal lending facility and the deposit facility will remain unchanged at 0.00%, 0.25% and -0.50% respectively. The Governing Council expects the key ECB interest rates to remain at their present or lower levels until it has seen the inflation outlook robustly converge to a level sufficiently close to, but below, 2% wi"
ECB,2021-06-10,ECB_2021_06,hold,0.0,,0.75,strong hold keyword,"erest rate on the main refinancing operations and the interest rates on the marginal lending facility and the deposit facility will remain unchanged at 0.00%, 0.25% and -0.50% respectively. The Governing Council expects the key ECB interest rates to remain at their present or lower levels until it has seen the inflation outlook robustly converge to a level sufficiently close to, but below, 2% wi"
ECB,2021-07-22,ECB_2021_07,hold,0.0,,0.75,strong hold keyword,"in a persistently accommodative monetary policy stance to meet our inflation target. In support of our symmetric two per cent inflation target and in line with our monetary policy strategy, the Governing Council expects the key ECB interest rates to remain at their present or lower levels until we see inflation reaching two per cent well ahead of the end of our projection horizon and durably for the rest of the projection horizon, and we judge that realised progress in underlying inflation is sufficientl"
ECB,2021-10-28,ECB_2021_10,hold,0.0,,0.75,strong hold keyword,"still depend on favourable financing conditions for all sectors of the economy. Market interest rates have increased. Nevertheless, financing conditions for the economy remain favourable, not least because bank lending rates for firms and households remain at historically low levels. While there was a pick-up in September, lending to firms remains moderate. This continues to reflect the fact that firms generally need less external funding, since these have high cash holdings and are increasingly retainin"
ECB,2021-12-16,ECB_2021_12,hike,,,0.75,strong hike keyword,"lining from where we are at the moment. We did not want to have a transition that would be hurting, and we also need to continue this progress towards our target and arrive at target, which we are not at yet at this point, which is the reason why we decided to increase the volume of purchases under the APP, but to increase it with a decline over the course of quarter two, quarter three and quarter four. Now, we're not making any specific commitment, if you read carefully our statement. We land at €20 billion in Oc"
ECB,2022-03-10,ECB_2022_03,hold,0.0,,0.75,strong hold keyword,"st rates will continue to be determined by the Governing Council’s forward guidance and by its strategic commitment to stabilise inflation at two per cent over the medium term. Accordingly, the Governing Council expects the key ECB interest rates to remain at their present levels until it sees inflation reaching two per cent well ahead of the end of its projection horizon and durably for the rest of the projection horizon, and it judges that realised progress in underlying inflation is sufficiently advan"
ECB,2022-07-21,ECB_2022_07,hike,,,0.75,strong hike keyword,"dent and I welcome you to our press conference. Today, in line with our strong commitment to our price stability mandate, the Governing Council took further key steps to make sure inflation returns to our two per cent target over the medium term. We decided to raise the three key ECB interest rates by 50 basis points and approved the Transmission Protection Instrument (TPI). The Governing Council judged that it is appropriate to take a larger first step on its policy rate normalisation path than signalled at it"
ECB,2022-09-08,ECB_2022_09,hike,75.0,,0.85,explicit hike bps,"in part reflecting the need to finance high production costs and inventory building. Mortgage lending to households is moderating because of tightening credit standards, rising borrowing costs and weak consumer confidence. Conclusion Summing up, we raised the three key ECB interest rates by 75 basis points today, and expect to raise interest rates further, because inflation remains far too high and is likely to stay above our target for an extended period. This major step frontloads the transition from the prevailing highly accommodative level of poli"
ECB,2022-10-27,ECB_2022_10,hike,75.0,,0.85,explicit hike bps,"more concerned about the deteriorating outlook for the economy and the risks faced by their customers in the current environment. Banks expect to continue tightening their credit standards in the fourth quarter. Conclusion Summing up, today we have raised the three key ECB interest rates by 75 basis points, and expect to raise interest rates further, to ensure the timely return of inflation to our medium-term target. With this third major policy rate increase in a row, we have made substantial progress in withdrawing monetary policy accommodation. The"
ECB,2022-12-15,ECB_2022_12,hike,50.0,,0.85,explicit hike bps,"to reduce the side effects of tighter monetary policy on financial stability. Macroprudential policy remains the first line of defence in preserving financial stability and addressing medium-term vulnerabilities. Conclusion Summing up, we have today raised the three key ECB interest rates by 50 basis points and, based on the substantial upward revision to our inflation outlook, we expect to raise them further. In particular, we judge that interest rates will still have to rise significantly at a steady pace to reach levels that are sufficiently restric"
ECB,2023-05-04,ECB_2023_05,hike,,,0.75,strong hike keyword,"ipt of the questions and answers Good afternoon, the Vice-President and I welcome you to our press conference. The inflation outlook continues to be too high for too long. In light of the ongoing high inflation pressures, the Governing Council today decided to raise the three key ECB interest rates by 25 basis points. Overall, the incoming information broadly supports the assessment of the medium-term inflation outlook that we formed at our previous meeting. Headline inflation has declined over recent months, b"
ECB,2023-06-15,ECB_2023_06,hike,25.0,,0.85,explicit hike bps,"ave looked very much at data. We have revised our projection. We essentially did what we said we would do: data dependent and using the three elements of our reaction function to determine what was the right decision today. That is the reason why we increased all three rates by 25 basis points. Are we done? Have we finished the journey? No, we're not at destination. Do we still have ground to cover? Yes, we have ground to cover. I can even go further than that: I can tell you that, barring a material change to our baseline, it is very lik"
ECB,2023-09-14,ECB_2023_09,hike,,,0.75,strong hike keyword,"cline but is still expected to remain too high for too long. We are determined to ensure that inflation returns to our two per cent medium-term target in a timely manner. In order to reinforce progress towards our target, the Governing Council today decided to raise the three key ECB interest rates by 25 basis points. The rate increase today reflects our assessment of the inflation outlook in light of the incoming economic and financial data, the dynamics of underlying inflation, and the strength of monetary po"
ECB,2023-10-26,ECB_2023_10,hold,0.0,,0.75,strong hold keyword,"KER ROLE: SOURCE URL: https://www.ecb.europa.eu/press/pr/date/2023/html/ecb.mp231026~6028cea576.en.html DOCUMENT TYPE: html ==== EXTRACTED TEXT START ==== PRESS RELEASE Monetary policy decisions 26 October 2023 The Governing Council today decided to keep the three key ECB interest rates unchanged. The incoming information has broadly confirmed its previous assessment of the medium-term inflation outlook. Inflation is still expected to stay too high for too long, and domestic price pressures remain s"
ECB,2023-12-14,ECB_2023_12,hold,0.0,,0.75,strong hold keyword,"ER ROLE: SOURCE URL: https://www.ecb.europa.eu/press/pr/date/2023/html/ecb.mp231214~9846e62f62.en.html DOCUMENT TYPE: html ==== EXTRACTED TEXT START ==== PRESS RELEASE Monetary policy decisions 14 December 2023 The Governing Council today decided to keep the three key ECB interest rates unchanged. While inflation has dropped in recent months, it is likely to pick up again temporarily in the near term. According to the latest Eurosystem staff projections for the euro area, inflation is expected to de"
ECB,2024-01-25,ECB_2024_01,hold,0.0,,0.75,strong hold keyword,"KER ROLE: SOURCE URL: https://www.ecb.europa.eu/press/pr/date/2024/html/ecb.mp240125~f738889bde.en.html DOCUMENT TYPE: html ==== EXTRACTED TEXT START ==== PRESS RELEASE Monetary policy decisions 25 January 2024 The Governing Council today decided to keep the three key ECB interest rates unchanged. The incoming information has broadly confirmed its previous assessment of the medium-term inflation outlook. Aside from an energy-related upward base effect on headline inflation, the declining trend in un"
ECB,2024-03-07,ECB_2024_03,hold,0.0,,0.75,strong hold keyword,"PEAKER ROLE: SOURCE URL: https://www.ecb.europa.eu/press/pr/date/2024/html/ecb.mp240307~a5fa52b82b.en.html DOCUMENT TYPE: html ==== EXTRACTED TEXT START ==== PRESS RELEASE Monetary policy decisions 7 March 2024 The Governing Council today decided to keep the three key ECB interest rates unchanged. Since the last Governing Council meeting in January, inflation has declined further. In the latest ECB staff projections, inflation has been revised down, in particular for 2024 which mainly reflects a low"
ECB,2024-04-11,ECB_2024_04,hold,0.0,,0.75,strong hold keyword,"EAKER ROLE: SOURCE URL: https://www.ecb.europa.eu/press/pr/date/2024/html/ecb.mp240411~1345644915.en.html DOCUMENT TYPE: html ==== EXTRACTED TEXT START ==== PRESS RELEASE Monetary policy decisions 11 April 2024 The Governing Council today decided to keep the three key ECB interest rates unchanged. The incoming information has broadly confirmed the Governing Council’s previous assessment of the medium-term inflation outlook. Inflation has continued to fall, led by lower food and goods price inflation"
ECB,2024-06-06,ECB_2024_06,hike,450.0,,0.85,explicit hike bps,"cuum. So I’ll take you back a little bit to our monetary policy cycle, to remind you that we have had two successive phases and we have made that decision. So the first phase, as you will remember, was a phase of very robust and rapid tightening. We tightened by 450 basis points between July 2022 and September 2023. Then we moved into a phase of holding from September 2023 up until today. And if we look back at those phases, during each of those phases we divided inflation by half. So if you look at the peak of inflation, i"
ECB,2024-07-18,ECB_2024_07,hold,0.0,,0.75,strong hold keyword,PEAKER ROLE: SOURCE URL: https://www.ecb.europa.eu/press/pr/date/2024/html/ecb.mp240718~b9e0ddd9d5.en.html DOCUMENT TYPE: html ==== EXTRACTED TEXT START ==== PRESS RELEASE Monetary policy decisions 18 July 2024 The Governing Council today decided to keep the three key ECB interest rates unchanged. The incoming information broadly supports the Governing Council’s previous assessment of the medium-term inflation outlook. While some measures of underlying inflation ticked up in May owing to one-off fac
ECB,2024-09-12,ECB_2024_09,cut,-25.0,,0.85,explicit cut bps,"our instruments within our mandate to ensure that inflation returns to our medium-term target and to preserve the smooth functioning of monetary policy transmission. We are now ready to take your questions. * * * I have a question on the decision to cut by 25 basis points versus 50 basis points. Why did you go for 25? And my second question is: looking into the future, given that the Fed also is going to start to cut, the macroeconomic picture is gloomier than before. Inflation is coming back. Is the market right to"
ECB,2024-10-17,ECB_2024_10,cut,-25.0,,0.85,explicit cut bps,"n the US election. You mentioned trade tensions as a risk, but can you elaborate how you think a return of Donald Trump to the White House and his plan to impose tariffs will alter the outlook for growth and inflation in the euro area? We decided to cut all our rates by 25 basis points because we believe that the disinflationary process is well on track and all the information that we received in the last five weeks since our last monetary policy decision was heading in the same direction - lower! Whether you looked at inflation n"
ECB,2024-12-12,ECB_2024_12,cut,,,0.75,strong cut keyword,"of the ECB, Luis de Guindos, Vice-President of the ECB Frankfurt am Main, 12 December 2024 Jump to the transcript of the questions and answers Good afternoon, the Vice-President and I welcome you to our press conference. The Governing Council today decided to lower the three key ECB interest rates by 25 basis points. In particular, the decision to lower the deposit facility rate - the rate through which we steer the monetary policy stance - is based on our updated assessment of the inflation outlook, the dynam"
ECB,2025-01-30,ECB_2025_01,cut,-125.0,,0.85,explicit cut bps,"mate? Why did you lower the midpoint? What is the significance, if there is a significance, of this change? First of all, I just want to remind you that by lowering by 25 basis points today our three interest rates, particularly the DFR, we have now cut by 125 basis points relative to the high level where we were. Secondly, there was no discussion as to whether this decision was appropriate or not. It was a unanimous decision, so all governors supported the decision that was articulated by Philip Lane this morning of"
ECB,2025-03-06,ECB_2025_03,cut,,,0.75,strong cut keyword,"dent of the ECB, Luis de Guindos, Vice-President of the ECB Frankfurt am Main, 6 March 2025 Jump to the transcript of the questions and answers Good afternoon, the Vice-President and I welcome you to our press conference. The Governing Council today decided to lower the three key ECB interest rates by 25 basis points. In particular, the decision to lower the deposit facility rate - the rate through which we steer the monetary policy stance - is based on our updated assessment of the inflation outlook, the dynam"
ECB,2025-04-17,ECB_2025_04,cut,-25.0,,0.85,explicit cut bps,"fs, because there the jury seems to be still out, but you seem to rather err on the side of that it has disinflationary effects, if I’m reading through your statement. Perhaps you could tell me if I’m right? I can confirm to you that the decision to cut rates by 25 basis points was a unanimous decision. Options were debated, but there was no one to argue in favour of a 50-basis-point cut, for instance. So 25 basis points was definitely the rate cut on which all in the room agreed. I will happily address the issue of why we"
ECB,2025-06-05,ECB_2025_06,cut,-25.0,,0.85,explicit cut bps,"tion to stay, but without an outright denial of these talks. Have these talks taken place or not? And have you contemplated leaving the ECB early? I’ll start with the first question, which is really the order of business and the main topic today. We cut interest rates by 25 basis points. And with today’s cut, at the current level of interest rates, we believe that we are in a good position to navigate the uncertain conditions that will be coming up. So we are well-positioned to navigate those circumstances. I can also tell you that"
ECB,2025-07-24,ECB_2025_07,hold,0.0,,0.75,strong hold keyword,PEAKER ROLE: SOURCE URL: https://www.ecb.europa.eu/press/pr/date/2025/html/ecb.mp250724~50bc70e13f.en.html DOCUMENT TYPE: html ==== EXTRACTED TEXT START ==== PRESS RELEASE Monetary policy decisions 24 July 2025 The Governing Council today decided to keep the three key ECB interest rates unchanged. Inflation is currently at the 2% medium-term target. The incoming information is broadly in line with the Governing Council’s previous assessment of the inflation outlook. Domestic price pressures have con
ECB,2025-09-11,ECB_2025_09,hold,0.0,,0.75,strong hold keyword,R ROLE: SOURCE URL: https://www.ecb.europa.eu/press/pr/date/2025/html/ecb.mp250911~6afb7a9490.en.html DOCUMENT TYPE: html ==== EXTRACTED TEXT START ==== PRESS RELEASE Monetary policy decisions 11 September 2025 The Governing Council today decided to keep the three key ECB interest rates unchanged. Inflation is currently at around the 2% medium-term target and the Governing Council’s assessment of the inflation outlook is broadly unchanged. The new ECB staff projections present a picture of inflation
ECB,2025-10-30,ECB_2025_10,hold,0.0,,0.75,strong hold keyword,KER ROLE: SOURCE URL: https://www.ecb.europa.eu/press/pr/date/2025/html/ecb.mp251030~cf0540b5c0.en.html DOCUMENT TYPE: html ==== EXTRACTED TEXT START ==== PRESS RELEASE Monetary policy decisions 30 October 2025 The Governing Council today decided to keep the three key ECB interest rates unchanged. Inflation remains close to the 2% medium-term target and the Governing Council’s assessment of the inflation outlook is broadly unchanged. The economy has continued to grow despite the challenging global e
ECB,2025-12-18,ECB_2025_12,hold,0.0,,0.75,strong hold keyword,"ER ROLE: SOURCE URL: https://www.ecb.europa.eu/press/pr/date/2025/html/ecb.mp251218~58b0e415a6.en.html DOCUMENT TYPE: html ==== EXTRACTED TEXT START ==== PRESS RELEASE Monetary policy decisions 18 December 2025 The Governing Council today decided to keep the three key ECB interest rates unchanged. Its updated assessment reconfirms that inflation should stabilise at the 2% target in the medium term. The new Eurosystem staff projections show headline inflation averaging 2.1% in 2025, 1.9% in 2026, 1.8"
ECB,2026-02-05,ECB_2026_02,hold,0.0,,0.75,strong hold keyword,"KER ROLE: SOURCE URL: https://www.ecb.europa.eu/press/pr/date/2026/html/ecb.mp260205~001d26959b.en.html DOCUMENT TYPE: html ==== EXTRACTED TEXT START ==== PRESS RELEASE Monetary policy decisions 5 February 2026 The Governing Council today decided to keep the three key ECB interest rates unchanged. Its updated assessment reconfirms that inflation should stabilise at its 2% target in the medium term. The economy remains resilient in a challenging global environment. Low unemployment, solid private sec"
ECB,2026-03-19,ECB_2026_03,hold,0.0,,0.75,strong hold keyword,"EAKER ROLE: SOURCE URL: https://www.ecb.europa.eu/press/pr/date/2026/html/ecb.mp260319~3057739775.en.html DOCUMENT TYPE: html ==== EXTRACTED TEXT START ==== PRESS RELEASE Monetary policy decisions 19 March 2026 The Governing Council today decided to keep the three key ECB interest rates unchanged. It is determined to ensure that inflation stabilises at the 2% target in the medium term. The war in the Middle East has made the outlook significantly more uncertain, creating upside risks for inflation a"
ECB,2026-04-30,ECB_2026_04,hold,0.0,,0.75,strong hold keyword,"EAKER ROLE: SOURCE URL: https://www.ecb.europa.eu/press/pr/date/2026/html/ecb.mp260430~81b7179e6f.en.html DOCUMENT TYPE: html ==== EXTRACTED TEXT START ==== PRESS RELEASE Monetary policy decisions 30 April 2026 The Governing Council today decided to keep the three key ECB interest rates unchanged. While the incoming information has been broadly consistent with the Governing Council’s previous assessment of the inflation outlook, the upside risks to inflation and the downside risks to growth have int"
FED,2021-11-03,FED_2021_11,hold,0.0,,0.75,strong hold keyword,"me so that inflation averages 2 percent over time and longer‑term inflation expectations remain well anchored at 2 percent. The Committee expects to maintain an accommodative stance of monetary policy until these outcomes are achieved. The Committee decided to keep the target range for the federal funds rate (more) For release at 2 p.m. EDT November 3, 2021 -2- at 0 to 1/4 percent and expects it will be"
FED,2022-03-16,FED_2022_03,hike,25.0,,0.85,explicit hike bps,"f the total decline. The manager turned next to a discussion of money mar- kets and policy implementation. Market participants ex- pected the interest on reserve balances rate and over- night reverse repurchase agreement (ON RRP) offering rate to be increased by 25 basis points at the current meeting, in line with their expected increase in the target range, and anticipated that the changes would fully pass through to market overnight interest rates. There was uncertainty around how ON RRP usage might evolve in the near te"
FED,2022-06-15,FED_2022_06,hike,,,0.75,strong hike keyword,"sks to inflation and would be nimble in responding to incoming data and the evolv- ing outlook. In their assessment of the monetary policy stance neces- sary for achieving the Committee’s maximum-employ- ment and price-stability goals, the Committee decided to raise the target range for the federal funds rate to 1½ to 1¾ percent and anticipated that ongoing increases in the target range would be appropriate. In addition, mem- bers agreed that the Committee would continue reduc- ing its holdings of Treasury secu"
FED,2022-07-27,FED_2022_07,hike,,,0.75,strong hike keyword,"statement indicating that these lockdowns were likely to exacerbate supply chain disrup- tions. In their assessment of the monetary policy stance neces- sary for achieving the Committee’s maximum-employ- ment and price-stability goals, the Committee decided to raise the target range for the federal funds rate to 2¼ to 2½ percent and anticipated that ongoing increases in the target range would be appropriate. In addition, mem- bers agreed that the Committee would continue reduc- ing the Federal Reserve’s holding"
FED,2022-09-21,FED_2022_09,hike,,2.0,0.75,strong hike keyword,"bal economic activity. Members remarked that they remained highly attentive to inflation risks. In their assessment of the monetary policy stance neces- sary for achieving the Committee’s maximum-employ- ment and price-stability goals, the Committee decided to raise the target range for the federal funds rate to 3 to 3¼ percent and anticipated that ongoing increases in the target range would be appropriate. In addition, mem- bers agreed that the Committee would continue reduc- ing its holdings of Treasury secur"
FED,2022-11-02,FED_2022_11,hike,,,0.75,strong hike keyword,"are weighing on global economic activity. The Committee is highly attentive to inflation risks. The Committee seeks to achieve maximum em- ployment and inflation at the rate of 2 percent over the longer run. In support of these goals, the Committee decided to raise the target range for the federal funds rate to 3¾ to 4 percent. The Committee anticipates that ongoing in- creases in the target range will be appropriate in order to attain a stance of monetary policy that is sufficiently restrictive to return infl"
FED,2022-12-14,FED_2022_12,hike,,,0.75,strong hike keyword,"re weighing on global economic activity. The Committee is highly at- tentive to inflation risks. The Committee seeks to achieve maximum em- ployment and inflation at the rate of 2 percent over the longer run. In support of these goals, the Committee decided to raise the target range for the federal funds rate to 4¼ to 4½ percent. The Committee anticipates that ongoing in- creases in the target range will be appropriate in 5 In taking this action, the Board approved requests to estab- lish that rate submitted by"
FED,2023-02-01,FED_2023_02,hike,,,0.75,strong hike keyword,"tributing to elevated global uncertainty. The Committee is highly attentive to inflation risks. The Committee seeks to achieve maximum em- ployment and inflation at the rate of 2 percent over the longer run. In support of these goals, the Committee decided to raise the target range for the federal funds rate to 4½ to 4¾ percent. The Committee anticipates that ongoing in- creases in the target range will be appropriate in order to attain a stance of monetary policy that is sufficiently restrictive to return inf"
FED,2023-03-22,FED_2023_03,hike,,,0.75,strong hike keyword,"tent of these effects is uncertain. The Committee remains highly at- tentive to inflation risks. The Committee seeks to achieve maximum em- ployment and inflation at the rate of 2 percent over the longer run. In support of these goals, the Committee decided to raise the target range for the federal funds rate to 4¾ to 5 percent. The Committee will closely monitor incoming information and assess the implications for monetary policy. The Committee anticipates that some additional policy firming may be ap- propria"
FED,2023-05-03,FED_2023_05,hike,,,0.75,strong hike keyword,"of these effects remains uncertain. The Committee re- mains highly attentive to inflation risks. The Committee seeks to achieve maximum employment and inflation at the rate of 2 per- cent over the longer run. In support of these goals, the Committee decided to raise the target range for the federal funds rate to 5 to 5¼ per- cent. The Committee will closely monitor in- coming information and assess the implica- tions for monetary policy. In determining the extent to which additional policy firming may be approp"
FED,2023-07-26,FED_2023_07,hike,,,0.75,strong hike keyword,"of these effects remains uncertain. The Committee re- mains highly attentive to inflation risks. The Committee seeks to achieve maximum em- ployment and inflation at the rate of 2 percent over the longer run. In support of these goals, the Committee decided to raise the target range for the federal funds rate to 5¼ to 5½ percent. The Committee will continue to assess addi- tional information and its implications for mon- etary policy. In determining the extent of addi- tional policy firming that may be appropri"
FED,2024-09-18,FED_2024_09,cut,,,0.75,strong cut keyword,"s were roughly in balance. Members viewed the economic outlook as uncertain and agreed that they were attentive to the risks to both sides of the Committee’s dual mandate. In light of the progress on inflation and the balance of risks, the Committee decided to lower the target range for the federal funds rate to 4¾ to 5 percent. One member voted against that decision, preferring to lower the target range for the federal funds rate to 5 to 5¼ percent. Members concurred that, in considering additional adjustments"
FED,2024-11-07,FED_2024_11,cut,,,0.75,strong cut keyword,"mmittee’s employment and inflation goals were roughly in balance. Members viewed the economic outlook as uncertain and agreed that they were attentive to the risks to both sides of the Committee’s dual mandate. In support of its goals, the Committee decided to lower the target range for the federal funds rate by 25 basis points to 4½ to 4¾ percent. Members concurred that, in considering additional adjustments to the target range for the federal funds rate, they would carefully assess incoming data, the evolving"
FED,2025-09-17,FED_2025_09,cut,,,0.75,strong cut keyword,"mic outlook remains elevated. The Committee is attentive to the risks to both sides of its dual mandate and judges that downside risks to employment have risen. In support of its goals and in light of the shift in the balance of risks, the Committee decided to lower the target range for the federal funds rate by ¼ percentage point to 4 to 4¼ percent. In considering additional adjustments to the target range for the federal funds rate, the 12 September 16-17, 2025 Committee will carefully assess incoming data, t"
FED,2025-10-29,FED_2025_10,cut,,,0.75,strong cut keyword,"at the Committee was attentive to the risks to both sides of its dual mandate and that downside risks to employment had risen in recent months. In support of the Committee’s goals and in light of the shift in the balance of risks, almost all members decided to lower the target range for the federal funds rate by ¼ percentage point to 3¾ to 4 percent. Two members voted against that decision. One of these members preferred to lower the target range ½ percentage point, while the other member preferred to leave the"
FED,2025-12-10,FED_2025_12,cut,,,0.75,strong cut keyword,"remains elevated. The Committee is attentive to the risks to both sides of its dual mandate and judges that downside risks to employment rose in recent months. In support of its goals and in light of the shift in the balance of risks, the Committee decided to lower the target range for the federal funds rate by ¼ percentage point to 3½ to 3¾ percent. In considering the extent and timing of additional adjustments to the target range for the federal funds rate, the Committee will carefully assess incoming data,"
FED,2026-03-18,FED_2026_03,hold,0.0,,0.75,strong hold keyword,"e economic outlook remains elevated. The implications of developments in the Middle East for the U.S. economy are uncertain. The Committee is attentive to the risks to both sides of its dual mandate. In support of its goals, the Committee decided to maintain the target range for the federal funds rate at 3‑1/2 to 3‑3/4 percent. In considering the extent and timing of additional adjustments to the target range for the federal funds rate, the Committee will carefully assess incoming data, the evolving out"
FED,2026-04-29,FED_2026_04,hold,0.0,,0.75,strong hold keyword,"the longer run. Developments in the Middle East are contributing to a high level of uncertainty about the economic outlook. The Committee is attentive to the risks to both sides of its dual mandate. In support of its goals, the Committee decided to maintain the target range for the federal funds rate at 3‑1/2 to 3‑3/4 percent. In considering the extent and timing of additional adjustments to the target range for the federal funds rate, the Committee will carefully assess incoming data, the evolving out"
RBA,2021-02-02,RBA_2021_02,hold,0.0,,0.75,strong hold keyword,"rba.gov.au/media-releases/2021/mr-21-01.html DOCUMENT TYPE: html ==== EXTRACTED TEXT START ==== Media Release Statement by Philip Lowe, Governor: Monetary Policy Decision Number 2021-01 Date 2 February 2021 At its meeting today, the Board decided to maintain the targets of 10 basis points for the cash rate and the yield on the 3-year Australian Government bond, as well as the parameters of the Term Funding Facility. It also decided to purchase an additional $100 billion of bonds issued by the Australian"
RBA,2021-03-02,RBA_2021_03,hold,0.0,,0.75,strong hold keyword,"ww.rba.gov.au/media-releases/2021/mr-21-03.html DOCUMENT TYPE: html ==== EXTRACTED TEXT START ==== Media Release Statement by Philip Lowe, Governor: Monetary Policy Decision Number 2021-03 Date 2 March 2021 At its meeting today, the Board decided to maintain the current policy settings, including the targets of 10 basis points for the cash rate and the yield on the 3-year Australian Government bond, as well as the parameters of the Term Funding Facility and the government bond purchase program. The outl"
RBA,2021-04-06,RBA_2021_04,hold,0.0,,0.75,strong hold keyword,"ww.rba.gov.au/media-releases/2021/mr-21-04.html DOCUMENT TYPE: html ==== EXTRACTED TEXT START ==== Media Release Statement by Philip Lowe, Governor: Monetary Policy Decision Number 2021-04 Date 6 April 2021 At its meeting today, the Board decided to maintain the current policy settings, including the targets of 10 basis points for the cash rate and the yield on the 3-year Australian Government bond, as well as the parameters of the Term Funding Facility and the government bond purchase program. The roll"
RBA,2021-05-04,RBA_2021_05,hold,0.0,,0.75,strong hold keyword,"/www.rba.gov.au/media-releases/2021/mr-21-06.html DOCUMENT TYPE: html ==== EXTRACTED TEXT START ==== Media Release Statement by Philip Lowe, Governor: Monetary Policy Decision Number 2021-06 Date 4 May 2021 At its meeting today, the Board decided to maintain the current policy settings, including the targets of 10 basis points for the cash rate and the yield on the 3-year Australian Government bond, as well as the parameters of the Term Funding Facility and the government bond purchase program. The glob"
RBA,2021-06-01,RBA_2021_06,hold,0.0,,0.75,strong hold keyword,"www.rba.gov.au/media-releases/2021/mr-21-09.html DOCUMENT TYPE: html ==== EXTRACTED TEXT START ==== Media Release Statement by Philip Lowe, Governor: Monetary Policy Decision Number 2021-09 Date 1 June 2021 At its meeting today, the Board decided to maintain the current policy settings, including: the targets of 10 basis points for the cash rate and the yield on the 3-year Australian Government bond; the parameters of the government bond purchase program; and the rate of zero per cent on Exchange Settle"
RBA,2021-09-07,RBA_2021_09,hold,0.0,,0.75,strong hold keyword,"had continued to increase in recent months alongside strength in industrial output in China and elsewhere, and a boost to electricity demand from an unseasonably warm northern hemisphere summer. As a result, Australia's terms of trade were likely to remain at a high level in the September quarter, after reaching a record high in the June quarter. Domestic economic developments Turning to domestic economic developments, members noted that the national accounts confirmed the recovery had established strong"
RBA,2021-12-07,RBA_2021_12,cut,-50.0,,0.85,explicit cut bps,"velopers had remained under stress. Members noted that spillovers to wider financial conditions had been limited and actions had been taken to manage the risks of disorderly defaults among stressed property developers. The People's Bank of China had reduced required reserve ratios by 50 basis points to provide additional modest support to growth. Domestic financial markets In Australia, expectations for the cash rate implied by market prices had been little changed over the preceding month after increasing in late October following the release"
RBA,2022-02-01,RBA_2022_02,hold,0.0,,0.75,strong hold keyword,"rba.gov.au/media-releases/2022/mr-22-02.html DOCUMENT TYPE: html ==== EXTRACTED TEXT START ==== Media Release Statement by Philip Lowe, Governor: Monetary Policy Decision Number 2022-02 Date 1 February 2022 At its meeting today, the Board decided to maintain the cash rate target at 10 basis points and the interest rate on Exchange Settlement balances at zero per cent. It also decided to cease further purchases under the bond purchase program, with the final purchases to take place on 10 February. The Om"
RBA,2022-03-01,RBA_2022_03,hold,0.0,,0.75,strong hold keyword,"ww.rba.gov.au/media-releases/2022/mr-22-05.html DOCUMENT TYPE: html ==== EXTRACTED TEXT START ==== Media Release Statement by Philip Lowe, Governor: Monetary Policy Decision Number 2022-05 Date 1 March 2022 At its meeting today, the Board decided to maintain the cash rate target at 10 basis points and the interest rate on Exchange Settlement balances at zero per cent. The global economy is continuing to recover from the pandemic. However, the war in Ukraine is a major new source of uncertainty. Inflatio"
RBA,2022-04-05,RBA_2022_04,hold,0.0,,0.75,strong hold keyword,"ww.rba.gov.au/media-releases/2022/mr-22-11.html DOCUMENT TYPE: html ==== EXTRACTED TEXT START ==== Media Release Statement by Philip Lowe, Governor: Monetary Policy Decision Number 2022-11 Date 5 April 2022 At its meeting today, the Board decided to maintain the cash rate target at 10 basis points and the interest rate on Exchange Settlement balances at zero per cent. Inflation has increased sharply in many parts of the world. Ongoing supply-side problems, Russia's invasion of Ukraine and strong demand"
RBA,2023-08-01,RBA_2023_08,hold,0.0,,0.75,strong hold keyword,"emand for new residential construction had been relatively weak but the staff forecasts were for this to pick up over coming years. Non-mining business investment in machinery and equipment had grown strongly in the March quarter and was expected to remain at a high level for some time. Export volumes were expected to grow modestly over the forecast period, driven by international student numbers growing at robust pre-pandemic rates and the ongoing recovery in international tourism. International financi"
RBA,2024-11-05,RBA_2024_11,hold,0.0,,0.75,strong hold keyword,"the case remained uncertain and broader financial conditions had eased somewhat over preceding months. Members noted that the staff forecasts were conditioned on a technical assumption - derived from market pricing - that the cash rate target would remain at its current level for a number of months before being lowered several times in 2025 and 2026. Members agreed that, based on these considerations, it was appropriate to leave the cash rate target unchanged at this meeting. The economy appeared to be"
RBA,2025-11-04,RBA_2025_11,cut,-25.0,,0.85,explicit cut bps,"on exceptional liquidity assistance Financial conditions Members commenced their discussion of financial conditions by considering central bank policy settings in advanced economies. The US Federal Reserve (Fed) and the Bank of Canada (BoC) had both cut their official rate by 25 basis points at their October meetings, as expected, while the Reserve Bank of New Zealand (RBNZ) had cut its official rate by 50 basis points. Members noted that inflation remained above target in these economies. The BoC and RBNZ expected inflation to decline"
RBNZ,2021-02-23,RBNZ_2021_02,hold,0.0,2.0,0.9,strong hold keyword,"spikes in actual inflation) starting to move gradually towards 2 percent (figure 2.11). Expectations of near-term inflation continued to increase in early 2021, but remain below the 2 percent target mid-point (figure 2.12). Longer-term expectations remain at 2 percent. A stronger near-term outlook for inflation reflects the faster-than-expected rebound in economic activity, resulting in less spare capacity since mid- 2020. The trough in non-tradables inflation appears to have occurred earlier and been s"
RBNZ,2021-05-25,RBNZ_2021_05,hold,0.0,0.25,0.9,strong hold keyword,"impact on tradables inflation (see chapter 4). The increase in the New Zealand dollar provides a partial offset. The New Zealand dollar measured against a trade-weighted basket of other currencies has appreciated in recent months, and is assumed to remain at its current level. 2003 2006 2009 2012 2015 2018 0 1 2 3 4 5 0 1 2 3 4 5 % % Trimmed mean (30%) Weighted median Core factor model Sectoral factor model Ex-food and energy Figure 2.8 Measures of core inflation (annual) Source: Stats NZ, RBNZ estimate"
RBNZ,2021-08-17,RBNZ_2021_08,hold,0.0,,0.75,strong hold keyword,"he level of monetary stimulus over time so as to best meet their policy remit. This follows the recent halting of additional government bond purchases under the Large Scale Asset Purchase (LSAP) programme in July. Global monetary and fiscal settings remain at accommodative levels, supporting international spending and investment. Rising vaccination rates across many countries have provided economic impetus. The rise in activity has continued to support demand and prices for New Zealand’s export commoditi"
RBNZ,2022-08-16,RBNZ_2022_08,hold,0.0,,0.75,strong hold keyword,"rcent on a trade-weighted basis over the forecast horizon, in line with softening global demand and a gradual recovery in global food supply following the Russian invasion of Ukraine. • The New Zealand dollar trade-weighted index (TWI) is assumed to remain at 71.7 consistent with the current quarterly average. • Oil prices are expected to remain relatively high, even as global demand softens. Oil prices are expected to gradually return from about USD 100 towards USD 85 per barrel, in line with risk- adju"
RBNZ,2024-11-27,RBNZ_2024_11,cut,-50.0,,0.85,explicit cut bps,T START ==== Monetary Policy Statement. November 2024 B.33 ii Policy assessment. Monetary Policy Statement. November 2024 Policy assessment. OCR 4.25% - OCR lowered further as inflation returns to target The Monetary Policy Committee today agreed to reduce the Official Cash Rate by 50 basis points to 4.25 percent. Annual consumer price inflation has declined and is now close to the midpoint of the Monetary Policy Committee’s 1 to 3 percent target band. Inflation expectations are also close to target and core inflation is converging to the mid
RBNZ,2025-02-18,RBNZ_2025_02,cut,-50.0,,0.85,explicit cut bps,TRACTED TEXT START ==== Monetary Policy Statement. February 2025 B.33 ii Policy assessment. Monetary Policy Statement. February 2025 Policy assessment. OCR 3.75% - OCR reduced further as inflation abates The Monetary Policy Committee today agreed to reduce the Official Cash Rate by 50 basis points to 3.75 percent. Annual consumer price inflation remains near the mid-point of the Monetary Policy Committee’s 1 to 3 percent target band. Firms’ inflation expectations are at target and core inflation continues to fall towards the target mid-point.
RBNZ,2025-11-26,RBNZ_2025_11,hold,0.0,,0.75,strong hold keyword,"ses reported an easing in overall cost pressures. In aggregate, costs are not growing as quickly as recent years. However, the weaker New Zealand dollar has increased costs for imported materials, and businesses noted that energy and insurance costs remain at elevated levels. Lower interest rates have reduced debt‑servicing costs for many firms, including farmers and growers with high debt levels. Businesses continued to report difficulties passing on costs to customers due to weak demand. Domestic custo"
RIKSBANK,2021-06-01,RIKSBANK_2021_06_A,hold,0.0,,0.75,strong hold keyword,"and groups on the labour market are expected to remain high, but overall economic activity is expected to approach more normal levels towards the end of the year. The situation on the labour market will strengthen even if unemployment is expected to remain at a somewhat higher level for a further period, as a result of the lasting effects of the crisis. The increasing resource utilisation creates the conditions for an upturn in inflation, but cost pressures are expected to rise relatively slowly. As duri"
RIKSBANK,2021-06-01,RIKSBANK_2021_06_B,hold,0.0,,0.75,strong hold keyword,"are reduced. To facilitate the recovery and help inflation rise towards the target, monetary policy needs to remain expansionary. The Riksbank is therefore continuing to purchase assets within the envelope of SEK 700 billion. The repo rate is being left unchanged at zero per cent. Email Share by email - Open in new window facebook Share on Facebook - Open in new window Linkedin Share on LinkedIn - Open in new window bluesky Share on Bluesky - Open in new window copy url Share on Twitter - Open in new window"
RIKSBANK,2021-06-01,RIKSBANK_2021_06_C,hold,0.0,,0.75,strong hold keyword,"g will continue to be tapered off but that the envelope for asset purchases of SEK 700 billion will be fully utilised up until the end of 2021. The Executive Board has also decided to hold the repo rate at zero per cent. The repo rate is expected to remain at zero per cent for the entire forecast period, which extends until the third quarter of 2024. Documents Press release 1 July 2021, Zero interest rate and asset purchases for inflation to be more permanently close to 2 per cent (pdf | 505,6 kB) Moneta"
RIKSBANK,2021-06-01,RIKSBANK_2021_06_E,hold,0.0,,0.75,strong hold keyword,"ar, before falling back again. Monetary policy needs to remain expansionary for inflation to be lastingly close to the target going forward. The Executive Board has therefore decided to hold the repo rate unchanged at zero cent and it is expected to remain at zero for the entire forecast period. The Riksbank will also continue to purchase securities during the fourth quarter, in line with the earlier decisions. The Executive Board’s for"
RIKSBANK,2022-06-01,RIKSBANK_2022_06_B,hold,0.0,,0.75,strong hold keyword,"to 2 per cent from the middle of next year. Compared with November, the assessment has been revised upwards. Monetary policy needs to provide continued support for inflation to be close to target in the medium term. The Executive Board has therefore decided to keep the repo rate at zero per cent and that the Riksbank shall purchase bonds for SEK 37 billion in the second quarter of 2022 to compensate for maturing assets. The Executive Board’s forecast is, as before, that the holdings will remain approximately u"
RIKSBANK,2023-06-01,RIKSBANK_2023_06_A,hike,,,0.75,strong hike keyword,"April 2023 Inflation is still far too high and underlying inflation has been much higher than expected during the first months of the year. For inflation to fall and stabilise at the target within a reasonable period of time, the Executive Board has decided to raise the Riksbank's policy rate by 0.5 percentage points to 3.5 per cent. The forecast indicates that the policy rate will probably be raised further by 0.25 percentage points in June or September. Email Share by email - Open in new window facebook Share"
RIKSBANK,2023-06-01,RIKSBANK_2023_06_B,hike,,,0.75,strong hike keyword,"23/ DOCUMENT TYPE: html ==== EXTRACTED TEXT START ==== Monetary Policy Report, February 2023 Inflation is far too high and has continued to rise. For inflation to fall and stabilise around the target within a reasonable time, the Executive Board has decided to raise the Riksbank's policy rate by 0.5 percentage points to 3.0 per cent. The policy rate will probably be raised further during the spring. Further, the Executive Board decided that the Riksbank will, with effect from April, sell government bonds to red"
RIKSBANK,2023-06-01,RIKSBANK_2023_06_C,hike,,,0.75,strong hike keyword,"ly than expected. The Riksbank’s policy rate increases are having an effect, but for inflation to return to the target of 2 per cent within a reasonable period of time, monetary policy needs to be tightened further. The Executive Board has therefore decided to raise the policy rate by 0.25 percentage points to 3.75 per cent. The forecast is for the policy rate to be increased at least one more time this year. The Executive Board has also decided to increase the pace of government bond sales from SEK 3.5 billion"
RIKSBANK,2024-06-01,RIKSBANK_2024_06_C,hold,0.0,,0.75,strong hold keyword,"Open in new window facebook Share on Facebook - Open in new window Linkedin Share on LinkedIn - Open in new window bluesky Share on Bluesky - Open in new window copy url Share on Twitter - Open in new window The decision in brief The policy rate is left unchanged at 4 per cent. It is likely that it will be cut earlier than was indicated in November. Inflation has continued to fall, but there is a risk of setbacks. The slowdown in the Swedish economy is continuing and the labour market is weakening. Read more"
BOE,2022-06-01,BOE_2022_06_A,hike,75.0,,0.85,explicit hike bps,"gricultural and livestock S&P Commodity Index and the ‘Oil’ series is based on US dollar Brent forward prices for delivery in 10-25 days’ time. Bank of England Page 43 Many central banks have continued to tighten monetary policy. In the US, the FOMC increased the target range for the federal funds rate by 75 basis points in both June and July to 2.25%-2.50%, following a 50 basis points rise in May. These were the largest increases in a single meeting since 1994. At its June meeting, the ECB Governing Council announced an end to its net asset purchases as of 1 July 2"
BOE,2022-06-01,BOE_2022_06_C,hike,25.0,,0.85,explicit hike bps,"increased the target range for the federal funds rate to 0.25%-0.50%. At its March meeting, the ECB Governing Council left its key policy interest rates unchanged but announced a faster reduction in the pace of net asset purchases. The MPC voted to increase Bank Rate by 25 basis points, to 0.75%, at its March meeting. The stock of purchased assets has fallen slightly since February, reflecting the MPC’s previous decision to cease reinvesting maturing assets. Market-implied expectations of policy rates have risen further since the"
BOE,2022-06-01,BOE_2022_06_D,hike,75.0,,0.85,explicit hike bps,"ng 2023 (Section 1). Many central banks have continued to tighten policy. This has been against the backdrop of elevated inflation rates which have been partly driven by a range of global factors (see Box E in the August Report). In the US, the FOMC increased the target range for the federal funds rate by 75 basis points to 3.00%-3.25% in September. The FOMC anticipated that ongoing increases in the target range would be appropriate. At its October meeting, the ECB Governing Council increased its key interest rates by a further 75 basis points, following a similar h"
ECB,2023-02-02,ECB_2023_02,hike,50.0,,0.85,explicit hike bps,"r. We also made it clear that this would require rates to rise to sufficiently restrictive levels, and that rate increases would happen at a steady pace. So we are making that decision in that continuity that I have tried to explain. Steady pace: we increased rates by 50 basis points in December, we increased rates by 50 basis points in early February, and we intend - which is a strong word; it’s not an absolute, irrevocable, unconditional commitment, but it’s a strong word - we intend to raise by 50 basis points, and that is wh"
ECB,2023-03-16,ECB_2023_03,hike,,,0.75,strong hike keyword,"3/html/ecb.mp230316~aad5249f30.en.html DOCUMENT TYPE: html ==== EXTRACTED TEXT START ==== PRESS RELEASE Monetary policy decisions 16 March 2023 Inflation is projected to remain too high for too long. Therefore, the Governing Council today decided to increase the three key ECB interest rates by 50 basis points, in line with its determination to ensure the timely return of inflation to the 2% medium-term target. The elevated level of uncertainty reinforces the importance of a data-dependent approach to th"
ECB,2023-07-27,ECB_2023_07,hike,,,0.75,strong hike keyword,"ess conference. Inflation continues to decline but is still expected to remain too high for too long. We are determined to ensure that inflation returns to our two per cent medium-term target in a timely manner. The Governing Council therefore today decided to raise the three key ECB interest rates by 25 basis points. The rate increase today reflects our assessment of the inflation outlook, the dynamics of underlying inflation, and the strength of monetary policy transmission. The developments since our last me"
NORGES_BANK,2023-06-01,NORGES_BANK_2023_06_D,hike,50.0,,0.85,explicit hike bps,". [Chart: The exchange rate reacts to policy rate surprises- example from the monetary policy meeting on 22 June 2023] As an example, let us look at the announcement of our policy rate decision on Thursday, 22 June, of this year. The policy rate was raised by 50 basis points. This surprised the markets. The policy rate forecast we published in Monetary Policy Report on the same day was also somewhat above the market’s policy rate expectations. Here you see what happened to the exchange rate and market interest rates whe"
RBA,2022-05-03,RBA_2022_05,hike,25.0,,0.85,explicit hike bps,"/www.rba.gov.au/media-releases/2022/mr-22-12.html DOCUMENT TYPE: html ==== EXTRACTED TEXT START ==== Media Release Statement by Philip Lowe, Governor: Monetary Policy Decision Number 2022-12 Date 3 May 2022 At its meeting today, the Board decided to increase the cash rate target by 25 basis points to 35 basis points. It also increased the interest rate on Exchange Settlement balances from zero per cent to 25 basis points. The Board judged that now was the right time to begin withdrawing some of the extraordinary monetary support that was put"
RBA,2022-06-07,RBA_2022_06,hike,50.0,,0.85,explicit hike bps,"RACTED TEXT START ==== Media Release Statement by Philip Lowe, Governor: Monetary Policy Decision Number 2022-14 Date 7 June 2022 At its meeting today, the Board decided to increase the cash rate target by 50 basis points to 85 basis points. It also increased the interest rate on Exchange Settlement balances by 50 basis points to 75 basis points. Inflation in Australia has increased significantly. While inflation is lower than in most other advanced economies, it is"
RBA,2022-07-05,RBA_2022_07,hike,50.0,,0.85,explicit hike bps,"XTRACTED TEXT START ==== Media Release Statement by Philip Lowe, Governor: Monetary Policy Decision Number 2022-20 Date 5 July 2022 At its meeting today, the Board decided to increase the cash rate target by 50 basis points to 1.35 per cent. It also increased the interest rate on Exchange Settlement balances by 50 basis points to 1.25 per cent. Global inflation is high. It is being boosted by COVID-related disruptions to supply chains, the war in Ukraine and strong dem"
RBA,2022-08-02,RBA_2022_08,hike,50.0,,0.85,explicit hike bps,"RACTED TEXT START ==== Media Release Statement by Philip Lowe, Governor: Monetary Policy Decision Number 2022-21 Date 2 August 2022 At its meeting today, the Board decided to increase the cash rate target by 50 basis points to 1.85 per cent. It also increased the interest rate on Exchange Settlement balances by 50 basis points to 1.75 per cent. The Board places a high priority on the return of inflation to the 2-3 per cent range over time, while keeping the economy on"
RBA,2022-09-06,RBA_2022_09,hike,50.0,,0.85,explicit hike bps,"TED TEXT START ==== Media Release Statement by Philip Lowe, Governor: Monetary Policy Decision Number 2022-28 Date 6 September 2022 At its meeting today, the Board decided to increase the cash rate target by 50 basis points to 2.35 per cent. It also increased the interest rate on Exchange Settlement balances by 50 basis points to 2.25 per cent. The Board is committed to returning inflation to the 2-3 per cent range over time. It is seeking to do this while keeping the"
RBA,2022-10-04,RBA_2022_10,hike,25.0,,0.85,explicit hike bps,"ACTED TEXT START ==== Media Release Statement by Philip Lowe, Governor: Monetary Policy Decision Number 2022-33 Date 4 October 2022 At its meeting today, the Board decided to increase the cash rate target by 25 basis points to 2.60 per cent. It also increased the interest rate on Exchange Settlement balances by 25 basis points to 2.50 per cent. The Board is committed to returning inflation to the 2-3 per cent range over time. Today’s increase in interest rates will hel"
RBA,2022-11-01,RBA_2022_11,hike,25.0,,0.85,explicit hike bps,"CTED TEXT START ==== Media Release Statement by Philip Lowe, Governor: Monetary Policy Decision Number 2022-36 Date 1 November 2022 At its meeting today, the Board decided to increase the cash rate target by 25 basis points to 2.85 per cent. It also increased the interest rate on Exchange Settlement balances by 25 basis points to 2.75 per cent. As is the case in most countries, inflation in Australia is too high. Over the year to September, the CPI inflation rate was 7"
RBA,2022-12-06,RBA_2022_12,hike,25.0,,0.85,explicit hike bps,"CTED TEXT START ==== Media Release Statement by Philip Lowe, Governor: Monetary Policy Decision Number 2022-41 Date 6 December 2022 At its meeting today, the Board decided to increase the cash rate target by 25 basis points to 3.10 per cent. It also increased the interest rate on Exchange Settlement balances by 25 basis points to 3.00 per cent. Inflation in Australia is too high, at 6.9 per cent over the year to October. Global factors explain much of this high inflati"
RBA,2023-02-07,RBA_2023_02,hike,25.0,,0.85,explicit hike bps,"CTED TEXT START ==== Media Release Statement by Philip Lowe, Governor: Monetary Policy Decision Number 2023-04 Date 7 February 2023 At its meeting today, the Board decided to increase the cash rate target by 25 basis points to 3.35 per cent. It also increased the interest rate on Exchange Settlement balances by 25 basis points to 3.25 per cent. Global inflation remains very high. It is, however, moderating in response to lower energy prices, the resolution of supply-ch"
RBA,2023-03-07,RBA_2023_03,hike,25.0,,0.85,explicit hike bps,"TRACTED TEXT START ==== Media Release Statement by Philip Lowe, Governor: Monetary Policy Decision Number 2023-07 Date 7 March 2023 At its meeting today, the Board decided to increase the cash rate target by 25 basis points to 3.60 per cent. It also increased the interest rate on Exchange Settlement balances by 25 basis points to 3.50 per cent. Global inflation remains very high. In headline terms it is moderating, although services price inflation remains elevated in"
RBA,2023-05-02,RBA_2023_05,hike,25.0,,0.85,explicit hike bps,"EXTRACTED TEXT START ==== Media Release Statement by Philip Lowe, Governor: Monetary Policy Decision Number 2023-10 Date 2 May 2023 At its meeting today, the Board decided to increase the cash rate target by 25 basis points to 3.85 per cent. It also increased the rate paid on Exchange Settlement balances by 25 basis points to 3.75 per cent. Inflation in Australia has passed its peak, but at 7 per cent is still too high and it will be some time yet before it is back in"
RBA,2023-06-06,RBA_2023_06,hike,25.0,,0.85,explicit hike bps,"XTRACTED TEXT START ==== Media Release Statement by Philip Lowe, Governor: Monetary Policy Decision Number 2023-13 Date 6 June 2023 At its meeting today, the Board decided to increase the cash rate target by 25 basis points to 4.10 per cent. It also increased the interest rate paid on Exchange Settlement balances by 25 basis points to 4.00 per cent. Inflation in Australia has passed its peak, but at 7 per cent is still too high and it will be some time yet before it is"
RBA,2023-11-07,RBA_2023_11,hike,25.0,,0.85,explicit hike bps,"TED TEXT START ==== Media Release Statement by Michele Bullock, Governor: Monetary Policy Decision Number 2023-30 Date 7 November 2023 At its meeting today, the Board decided to raise the cash rate target by 25 basis points to 4.35 per cent. It also increased the interest rate paid on Exchange Settlement balances by 25 basis points to 4.25 per cent. Inflation in Australia has passed its peak but is still too high and is proving more persistent than expected a few months ago. The latest reading on CPI inflation indicates that while goods price inflation has eased further, the p"
RBA,2023-12-05,RBA_2023_12,hike,25.0,,0.85,explicit hike bps,"ecision Number 2023-35 Date 5 December 2023 At its meeting today, the Board decided to leave the cash rate target unchanged at 4.35 per cent and the interest rate paid on Exchange Settlement balances unchanged at 4.25 per cent. Last month, the Board increased interest rates by 25 basis points, following a period of four months where it had held interest rates steady. This decision reflected the Board’s view that progress in bringing inflation back to the target range of 2 to 3 per cent was looking slower than earlier forecast. While the"
RBA,2025-02-18,RBA_2025_02,hike,,,0.75,strong hike keyword,"hank you all for coming. As you know the Board decided today to cut the cash rate by 25 basis points to 4.1%. The cash rate has been at 4.35% since November 2023. At that time in November ‘23 the upside risks to inflation had increased, so the Board decided to raise the cash rate to 4.35% from 4.1% to address those upside risks. Since then, inflati"
RBA,2025-05-20,RBA_2025_05,cut,-25.0,,0.85,explicit cut bps,"cision Michele Bullock Governor Sydney - 20 May 2025 Audio 45.7MB Watch video: Media Conference - Monetary Policy Decision, Sydney Transcript Michele Bullock Good afternoon. Thank you all for coming, again. So as you know, today the Board decided to cut the cash rate by 25 basis points and that takes the official rate to 3.85 per cent. Now, we’ve done this because the most recent quarterly CPI confirmed that both headline and underlying inflation are now under 3 per cent, and if you ignore the more volatile items in the headline C"
RBA,2025-08-12,RBA_2025_08,cut,-25.0,,0.85,explicit cut bps,"rence Monetary Policy Decision Michele Bullock Governor Sydney - 12 August 2025 Audio 40.6MB Watch video: Media Conference - Monetary Policy Decision, Sydney Transcript Michele Bullock Good afternoon everyone. As you know, today the Board decided to cut the cash rate by 25 basis points to 3.6%. Monetary policy has been working as intended and we’ve had good progress on bringing inflation down over the past 18 months. The Board’s now cut the cash rate by 75 basis points since February this year as we’ve become increasingly confiden"
RBA,2026-02-03,RBA_2026_02,hike,25.0,,0.85,explicit hike bps,"YPE: html ==== EXTRACTED TEXT START ==== More on the February 2026 monetary policy decision Media Release Statement by the Monetary Policy Board: Monetary Policy Decision Number 2026-03 Date 3 February 2026 At its meeting today, the Board decided to increase the cash rate target by 25 basis points to 3.85 per cent. While inflation has fallen substantially since its peak in 2022, it picked up materially in the second half of 2025. The Board has been closely monitoring the economy and judges that some of the increase in inflation reflects great"
RBA,2026-03-17,RBA_2026_03,hike,25.0,,0.85,explicit hike bps,"a.gov.au/media-releases/2026/mr-26-08.html DOCUMENT TYPE: html ==== EXTRACTED TEXT START ==== Media Release Statement by the Monetary Policy Board: Monetary Policy Decision Number 2026-08 Date 17 March 2026 At its meeting today, the Board decided to increase the cash rate target by 25 basis points to 4.10 per cent. While inflation has fallen substantially since its peak in 2022, it picked up materially in the second half of 2025. Information since the February meeting suggests that some of the increase in inflation reflects greater capacity p"
RBA,2026-05-05,RBA_2026_05,hike,25.0,,0.85,explicit hike bps,"DOCUMENT TYPE: html ==== EXTRACTED TEXT START ==== More on the May 2026 monetary policy decision Media Release Statement by the Monetary Policy Board: Monetary Policy Decision Number 2026-12 Date 5 May 2026 At its meeting today, the Board decided to increase the cash rate target by 25 basis points to 4.35 per cent. Inflation picked up materially in the second half of 2025, and information since the beginning of this year confirms that some of this increase reflected greater capacity pressures. In addition, the conflict in the Middle East has"
RBNZ,2021-11-23,RBNZ_2021_11,hike,100.0,,0.85,explicit hike bps,"sit rates have increased at a slower pace than mortgage rates, but have risen quickly since the August Statement. The 6-month term deposit rate is 60 basis points higher than at the start of this year. In comparison, the 1-year term deposit rate has increased by 100 basis points this year, to 1.8 percent. These smaller increases relative to mortgage rates are partly a consequence of the shorter term of these rates. Term deposit rates have been suppressed by the large growth in deposits over the past 18 months, caused in par"
RBNZ,2022-02-22,RBNZ_2022_02,hold,0.0,,0.75,strong hold keyword,"pectations of continued higher global inflation. Tighter monetary policy in some of our key trading partners is assumed to place continued downward pressure on the TWI, increasing domestic inflationary pressures. The New Zealand dollar is assumed to remain at its current level over the entire projection horizon. • The Dubai oil price is assumed to ease gradually towards 80 USD per barrel in the medium term, in line with futures market pricing. Chapter 5 Economic projection 39 Monetary Policy Statement Fe"
RBNZ,2022-11-22,RBNZ_2022_11,hike,85.0,,0.85,explicit hike bps,"tgage curve. • Increases in mortgage rates continue to be smaller than increases in wholesale interest rates at comparable terms, as bank funding costs remain historically low relative to wholesale rates. Deposit rates • Term deposit rates have also increased since the August Statement. They have increased by 85 basis points and 50 basis points in the popular terms of six months and one year respectively. These increases mean that both terms are currently at their highest levels since 2015. • The deposit curve is now relatively flat, with the five-year term deposit rate"
RBNZ,2023-02-21,RBNZ_2023_02,hike,85.0,,0.85,explicit hike bps,"rate increases have been larger than moves in wholesale interest rates at comparable terms, meaning the historically small spread between mortgage rates and wholesale interest rates is beginning to normalise. Deposit rates • Term deposit rates have increased since the November Statement. As at 16 February, they had increased by 85 basis points and 70 basis points in the popular terms of 6 months and 1 year respectively. • These increases mean that the 6-month rate is now at its highest since 2011, and the 1-year rate is at its highest since 2008. • The deposit curve is now relatively flat"
RBNZ,2023-05-23,RBNZ_2023_05,hold,0.0,,0.75,strong hold keyword,"tee took the decision to vote on the two options. By a majority of five votes to two, the Committee agreed to increase the OCR by 25 basis points from 5.25% to 5.50%. The Monetary Policy Committee reached a consensus that interest rates will need to remain at a restrictive level for the foreseeable future, to ensure consumer price inflation returns to the 1 to 3% target range while supporting"
RBNZ,2024-08-14,RBNZ_2024_08,cut,-25.0,,0.85,explicit cut bps,"OCUMENT TYPE: pdf ==== EXTRACTED TEXT START ==== Monetary Policy Statement. August 2024 B.33 ii Policy assessment. Monetary Policy Statement. August 2024 Policy assessment. OCR 5.25% - Monetary restraint tempered as inflation converges on target OCR reduced by 25 basis points to 5.25%. New Zealand’s annual consumer price inflation is returning to within the Monetary Policy Committee’s 1 to 3 percent target band. Surveyed inflation expectations, firms’ pricing behaviour, headline inflation, and a variety of core inflation"
RBNZ,2025-05-27,RBNZ_2025_05,cut,-25.0,,0.85,explicit cut bps,"/publications/monetary-policy-statements/2025/may-0525/mps_report_may2025.pdf DOCUMENT TYPE: pdf ==== EXTRACTED TEXT START ==== Monetary Policy Statement. May 2025 B.33 ii Policy assessment. Monetary Policy Statement. May 2025 Policy assessment. OCR lowered to 3.25% The Monetary Policy Committee today voted to lower the OCR by 25 basis points to 3.25 percent. Annual consumers price index inflation increased to 2.5 percent in the first quarter of 2025. Inflation expectations across firms and households have also risen. However, core inflation is declining and there is spare productive cap"
RBNZ,2025-08-19,RBNZ_2025_08,cut,-25.0,,0.85,explicit cut bps,"tions/monetary-policy-statements/2025/aug-20825/mps-report-aug-2025.pdf DOCUMENT TYPE: pdf ==== EXTRACTED TEXT START ==== Monetary Policy Statement. August 2025 B.33 ii Policy assessment. Monetary Policy Statement. August 2025 Policy assessment. OCR lowered to 3% The Monetary Policy Committee today voted to lower the OCR by 25 basis points to 3 percent. Annual consumers price index inflation is currently around the top of the Monetary Policy Committee’s 1 to 3 percent target band. However, with spare capacity in the economy and declining domestic inflation pressure, headline inflation"
RBNZ,2026-02-18,RBNZ_2026_02,hike,25.0,,0.85,explicit hike bps,"ovember Statement, the Federal Reserve and Bank of England (BoE) have each lowered their policy rate by 25 basis points, whilst the European Central Bank (ECB) and the Bank of Canada (BoC) have left their policy rates unchanged. In contrast, the RBA increased its policy rate by 25 basis points in early February and is expected to tighten monetary policy further. Fina"
RBNZ,2026-05-26,RBNZ_2026_05,hold,0.0,,0.75,strong hold keyword,"wever, the Middle East conflict is expected to materially delay the economic recovery, and spare capacity is projected to persist. The output gap is estimated to be around ‑1.5 percent of potential output in the June 2026 quarter, and is expected to remain at or below that level for another year (figure 2.10). The output gap is projected to recover in the latter half of the projection as inflation falls, real income growth recovers, and uncertainty fades. New Zealand’s supply capacity is growing slowly."
BOE,2021-06-01,BOE_2021_06_A,hold,0.0,0.1,0.9,strong hold keyword,"alternative assumption of constant interest rates at 0.1%,(4) activity is projected to be slightly stronger, unemployment to be somewhat lower by the end of the projection and CPI inflation to be a little higher. (4) The assumption is that Bank Rate remains at 0.1% throughout the three years of the forecast period, before moving towards the market path over the subsequent three years.. Monetary Policy Report August 2021 Section 1: The economic outlook 11 Table 1.B: Indicative projections consistent with t"
BOE,2021-06-01,BOE_2021_06_C,hold,0.0,0.1,0.9,strong hold keyword,"alternative assumption of constant interest rates at 0.1%,(3) activity is projected to be slightly stronger, unemployment to be somewhat lower by the end of the projection and CPI inflation to be a little higher. (3) The assumption is that Bank Rate remains at 0.1% throughout the three years of the forecast period, before moving towards the market path over the subsequent three years. Monetary Policy Report May 2021 Section 1: The economic outlook 11 Table 1.B: Indicative projections consistent with the M"
BOE,2024-06-01,BOE_2024_06_B,hold,0.0,5.25,0.9,strong hold keyword,"e of 4.7% in 2025 Q1, in line with the MPC’s projection (middle panel, Chart A). The average external forecast then falls to 4.5% for 2026 Q1 and 2027 Q1. By comparison, in the MPC’s projection, the unemployment rate increases to 4.9% in 2026 Q1 and remains at that level in 2027 Q1. CPI inflation was expected to fall on average, to 2.0% in 2025 Q1, below the MPC’s projection of 2.8% (right panel, Chart A). The average forecasts for 2026 Q1 and 2027 Q1 were broadly in line with the 2% target at 2.1% for bo"
BOE,2025-06-01,BOE_2025_06_A,hold,0.0,4.0,0.9,strong hold keyword,"18 months in which household energy bills reduced headline inflation (Chart 2.18). The Ofgem energy price cap for the typical household is £1,720 for July until September 2025, almost 10% higher than for the same period last year, and is expected to remain at around that level for October to December 2025. Household energy bills are expected to boost inflation slightly over the next few months, partly offset by a small drag from fuels and lubricants. Energy prices drove much of the rise in CPI inflation"
BOE,2025-06-01,BOE_2025_06_C,hold,0.0,4.5,0.9,strong hold keyword,"ly in 2026, compared with the February Report, owing to global trade developments. Trade data have been volatile recently, which may make it harder to assess underlying developments going forward. Four-quarter potential supply growth is projected to remain at around 1½% in the medium term. Within that, potential labour supply growth is around ¾% per annum in the medium term. Potential productivity is assumed to recover some of its recent weakness and settles at annual growth rates of around ¾%. Reflectin"
BOE,2026-06-01,BOE_2026_06_A,hold,0.0,3.75,0.9,strong hold keyword,"atabank accompanying this Report. The final projections are for 2029 Q2. Bank of England Page 78 incomes remain permanently lower over the scenario period due to the drag from higher yield curve. The unemployment rate picks up to 5.6% in 2027 Q2 and remains at 5.1% at the end of the scenario. In Scenario B, four-quarter GDP growth also weakens, falling to a trough of 0.6% in 2027 Q1, before recovering somewhat over the scenario period. The output gap widens to -1.5% of potential output by the end of 2026"
FED,2021-01-27,FED_2021_01,hold,0.0,0.125,0.9,strong hold keyword; Fed target range 0 to 0.25; midpoint used.,me so that inflation averages 2 percent over time and longer-term inflation expectations remain well anchored at 2 percent. The Committee expects to maintain an accommodative stance of monetary policy until these outcomes are achieved. The Committee decided to keep the target range for the federal funds rate at 0 to 1/4 percent and expects it will be appropriate to maintain this target range until labor
FED,2021-03-17,FED_2021_03,hold,0.0,0.125,0.9,strong hold keyword; Fed target range 0 to 0.25; midpoint used.,me so that inflation averages 2 percent over time and longer‑term inflation expectations remain well anchored at 2 percent. The Committee expects to maintain an accommodative stance of monetary policy until these outcomes are achieved. The Committee decided to keep the target range for the federal funds rate at 0 to 1/4 percent and expects it will be appropriate to maintain this target range until (more)
FED,2021-04-28,FED_2021_04,hold,0.0,0.125,0.9,strong hold keyword; Fed target range 0 to 0.25; midpoint used.,me so that inflation averages 2 percent over time and longer‑term inflation expectations remain well anchored at 2 percent. The Committee expects to maintain an accommodative stance of monetary policy until these outcomes are achieved. The Committee decided to keep the target range for the federal funds rate at 0 to 1/4 percent and expects it will be appropriate to maintain this target range until labor
FED,2021-06-16,FED_2021_06,hold,0.0,0.125,0.9,strong hold keyword; Fed target range 0 to 0.25; midpoint used.,me so that inflation averages 2 percent over time and longer‑term inflation expectations remain well anchored at 2 percent. The Committee expects to maintain an accommodative stance of monetary policy until these outcomes are achieved. The Committee decided to keep the target range for the federal funds rate at 0 to 1/4 percent and expects it will be appropriate to maintain this target range until labor
FED,2021-07-28,FED_2021_07,hold,0.0,0.125,0.9,strong hold keyword; Fed target range 0 to 0.25; midpoint used.,me so that inflation averages 2 percent over time and longer‑term inflation expectations remain well anchored at 2 percent. The Committee expects to maintain an accommodative stance of monetary policy until these outcomes are achieved. The Committee decided to keep the target range for the federal funds rate at 0 to 1/4 percent and expects it will be appropriate to maintain this target range until labor
FED,2021-09-22,FED_2021_09,hold,0.0,0.125,0.9,strong hold keyword; Fed target range 0 to 0.25; midpoint used.,me so that inflation averages 2 percent over time and longer‑term inflation expectations remain well anchored at 2 percent. The Committee expects to maintain an accommodative stance of monetary policy until these outcomes are achieved. The Committee decided to keep the target range for the federal funds rate at 0 to 1/4 percent and expects it will be appropriate to maintain this target range until labor
FED,2021-12-15,FED_2021_12,hold,0.0,0.125,0.9,strong hold keyword; Fed target range 0 to 0.25; midpoint used.,"lation. Risks to the economic outlook remain, including from new variants of the virus. The Committee seeks to achieve maximum employment and inflation at the rate of 2 percent over the longer run. In support of these goals, the Committee decided to keep the target range for the federal funds rate at 0 to 1/4 percent. With inflation having exceeded 2 percent for some time, the Committee expects it will be appropriate to maintain this target range until labor market conditions have reached levels con"
FED,2022-01-26,FED_2022_01,hold,0.0,0.125,0.9,strong hold keyword; Fed target range 0 to 0.25; midpoint used.,"lation. Risks to the economic outlook remain, including from new variants of the virus. The Committee seeks to achieve maximum employment and inflation at the rate of 2 percent over the longer run. In support of these goals, the Committee decided to keep the target range for the federal funds rate at 0 to 1/4 percent. With inflation well above 2 percent and a strong labor market, the Committee expects it will soon be appropriate to raise the target range for the federal funds rate. The Committee dec"
FED,2023-06-14,FED_2023_06,hold,0.0,5.125,0.9,strong hold keyword; Fed target range 5 to 5.25; midpoint used.,"e effects remains uncertain. The Committee remains highly attentive to inflation risks. The Committee seeks to achieve maximum employment and inflation at the rate of 2 percent over the longer run. In support of these goals, the Committee decided to maintain the target range for the federal funds rate at 5 to 5-1/4 percent. Holding the target range steady at this meeting allows the Committee to assess additional information and its implications for monetary policy. In determining the extent of additiona"
FED,2023-09-20,FED_2023_09,hold,0.0,5.375,0.9,strong hold keyword; Fed target range 5.25 to 5.5; midpoint used.,"e effects remains uncertain. The Committee remains highly attentive to inflation risks. The Committee seeks to achieve maximum employment and inflation at the rate of 2 percent over the longer run. In support of these goals, the Committee decided to maintain the target range for the federal funds rate at 5-1/4 to 5-1/2 percent. The Committee will continue to assess additional information and its implications for monetary policy. In determining the extent of additional policy firming that may be appropri"
FED,2023-11-01,FED_2023_11,hold,0.0,5.375,0.9,strong hold keyword; Fed target range 5.25 to 5.5; midpoint used.,"e effects remains uncertain. The Committee remains highly attentive to inflation risks. The Committee seeks to achieve maximum employment and inflation at the rate of 2 percent over the longer run. In support of these goals, the Committee decided to maintain the target range for the federal funds rate at 5-1/4 to 5-1/2 percent. The Committee will continue to assess additional information and its implications for monetary policy. In determining the extent of additional policy firming that may be appropri"
FED,2023-12-13,FED_2023_12,hold,0.0,5.375,0.9,strong hold keyword; Fed target range 5.25 to 5.5; midpoint used.,"e effects remains uncertain. The Committee remains highly attentive to inflation risks. The Committee seeks to achieve maximum employment and inflation at the rate of 2 percent over the longer run. In support of these goals, the Committee decided to maintain the target range for the federal funds rate at 5-1/4 to 5-1/2 percent. The Committee will continue to assess additional information and its implications for monetary policy. In determining the extent of any additional policy firming that may be appr"
FED,2024-01-31,FED_2024_01,hold,0.0,5.375,0.9,strong hold keyword; Fed target range 5.25 to 5.5; midpoint used.,"judges that the risks to achieving its employment and inflation goals are moving into better balance. The economic outlook is uncertain, and the Committee remains highly attentive to inflation risks. In support of its goals, the Committee decided to maintain the target range for the federal funds rate at 5-1/4 to 5-1/2 percent. In considering any adjustments to the target range for the federal funds rate, the Committee will carefully assess incoming data, the evolving outlook, and the balance of risks."
FED,2024-03-20,FED_2024_03,hold,0.0,5.375,0.9,strong hold keyword; Fed target range 5.25 to 5.5; midpoint used.,"judges that the risks to achieving its employment and inflation goals are moving into better balance. The economic outlook is uncertain, and the Committee remains highly attentive to inflation risks. In support of its goals, the Committee decided to maintain the target range for the federal funds rate at 5-1/4 to 5-1/2 percent. In considering any adjustments to the target range for the federal funds rate, the Committee will carefully assess incoming data, the evolving outlook, and the balance of risks."
FED,2024-05-01,FED_2024_05,hold,0.0,5.375,0.9,strong hold keyword; Fed target range 5.25 to 5.5; midpoint used.,"to achieving its employment and inflation goals have moved toward better balance over the past year. The economic outlook is uncertain, and the Committee remains highly attentive to inflation risks. In support of its goals, the Committee decided to maintain the target range for the federal funds rate at 5-1/4 to 5-1/2 percent. In considering any adjustments to the target range for the federal funds rate, the Committee will carefully assess incoming data, the evolving outlook, and the balance of risks."
FED,2024-06-12,FED_2024_06,hold,0.0,5.375,0.9,strong hold keyword; Fed target range 5.25 to 5.5; midpoint used.,"to achieving its employment and inflation goals have moved toward better balance over the past year. The economic outlook is uncertain, and the Committee remains highly attentive to inflation risks. In support of its goals, the Committee decided to maintain the target range for the federal funds rate at 5-1/4 to 5-1/2 percent. In considering any adjustments to the target range for the federal funds rate, the Committee will carefully assess incoming data, the evolving outlook, and the balance of risks."
FED,2024-07-31,FED_2024_07,hold,0.0,5.375,0.9,strong hold keyword; Fed target range 5.25 to 5.5; midpoint used.,"to achieving its employment and inflation goals continue to move into better balance. The economic outlook is uncertain, and the Committee is attentive to the risks to both sides of its dual mandate. In support of its goals, the Committee decided to maintain the target range for the federal funds rate at 5-1/4 to 5-1/2 percent. In considering any adjustments to the target range for the federal funds rate, the Committee will carefully assess incoming data, the evolving outlook, and the balance of risks."
FED,2024-12-18,FED_2024_12,hold,0.0,4.625,0.9,strong hold keyword; Fed target range 4.5 to 4.75; midpoint used.,"ams, Vice Chair; Thomas I. Barkin; Michael S. Barr; Raphael W. Bostic; Michelle W. Bowman; Lisa D. Cook; Mary C. Daly; Philip N. Jefferson; Adriana D. Kugler; and Christopher J. Waller. Voting against the action was Beth M. Hammack, who preferred to maintain the target range for the federal funds rate at 4-1/2 to 4-3/4 percent. -0- Attachment For media inquiries, please email media@frb.gov or call 202-452-2955. For release at 2:00 p.m. EST December 18, 2024 Decisions Regarding Monetary Policy Implementa"
FED,2025-01-29,FED_2025_01,hold,0.0,4.375,0.9,strong hold keyword; Fed target range 4.25 to 4.5; midpoint used.,"hat the risks to achieving its employment and inflation goals are roughly in balance. The economic outlook is uncertain, and the Committee is attentive to the risks to both sides of its dual mandate. In support of its goals, the Committee decided to maintain the target range for the federal funds rate at 4-1/4 to 4-1/2 percent. In considering the extent and timing of additional adjustments to the target range for the federal funds rate, the Committee will carefully assess incoming data, the evolving out"
FED,2025-03-19,FED_2025_03,hold,0.0,4.375,0.9,strong hold keyword; Fed target range 4.25 to 4.5; midpoint used.,"mployment and inflation at the rate of 2 percent over the longer run. Uncertainty around the economic outlook has increased. The Committee is attentive to the risks to both sides of its dual mandate. In support of its goals, the Committee decided to maintain the target range for the federal funds rate at 4-1/4 to 4-1/2 percent. In considering the extent and timing of additional adjustments to the target range for the federal funds rate, the Committee will carefully assess incoming data, the evolving out"
FED,2025-05-07,FED_2025_05,hold,0.0,4.375,0.9,strong hold keyword; Fed target range 4.25 to 4.5; midpoint used.,"the economic outlook has increased further. The Committee is attentive to the risks to both sides of its dual mandate and judges that the risks of higher unemployment and higher inflation have risen. In support of its goals, the Committee decided to maintain the target range for the federal funds rate at 4-1/4 to 4-1/2 percent. In considering the extent and timing of additional adjustments to the target range for the federal funds rate, the Committee will carefully assess incoming data, the evolving out"
FED,2025-06-18,FED_2025_06,hold,0.0,4.375,0.9,strong hold keyword; Fed target range 4.25 to 4.5; midpoint used.,"on at the rate of 2 percent over the longer run. Uncertainty about the economic outlook has diminished but remains elevated. The Committee is attentive to the risks to both sides of its dual mandate. In support of its goals, the Committee decided to maintain the target range for the federal funds rate at 4-1/4 to 4-1/2 percent. In considering the extent and timing of additional adjustments to the target range for the federal funds rate, the Committee will carefully assess incoming data, the evolving out"
FED,2025-07-30,FED_2025_07,hold,0.0,4.375,0.9,strong hold keyword; Fed target range 4.25 to 4.5; midpoint used.,"loyment and inflation at the rate of 2 percent over the longer run. Uncertainty about the economic outlook remains elevated. The Committee is attentive to the risks to both sides of its dual mandate. In support of its goals, the Committee decided to maintain the target range for the federal funds rate at 4-1/4 to 4-1/2 percent. In considering the extent and timing of additional adjustments to the target range for the federal funds rate, the Committee will carefully assess incoming data, the evolving out"
FED,2026-01-28,FED_2026_01,hold,0.0,3.625,0.9,strong hold keyword; Fed target range 3.5 to 3.75; midpoint used.,"loyment and inflation at the rate of 2 percent over the longer run. Uncertainty about the economic outlook remains elevated. The Committee is attentive to the risks to both sides of its dual mandate. In support of its goals, the Committee decided to maintain the target range for the federal funds rate at 3-1/2 to 3-3/4 percent. In considering the extent and timing of additional adjustments to the target range for the federal funds rate, the Committee will carefully assess incoming data, the evolving out"
RBNZ,2024-02-27,RBNZ_2024_02,hold,0.0,5.5,0.9,strong hold keyword,"ins confident that the current level of the OCR is restricting demand. However, a sustained decline in capacity pressures in the New Zealand economy is required to ensure that headline inflation returns to the 1 to 3 percent target. The OCR needs to remain at a restrictive level for a sustained period of time to ensure this occurs. Meitaki, thanks. Adrian Orr Governor Figure i.1 Official Cash Rate (OCR) (quarterly average) Source: RBNZ estimates. iii Monetary Policy Statement. February 2024 REPORT AND SU"
SNB,2025-09-25,SNB_2025_09,hold,0.0,,0.75,strong hold keyword,"e US in recent months. As downside risks to employment have simultaneously increased, monetary policy there has nonetheless been eased recently. In the euro area, inflation has been close to the central bank's target and key interest rates have been left unchanged. In our baseline scenario, we anticipate that growth in the global economy will be subdued over the coming quarters. US tariffs are likely to curb global trade and reduce the purchasing power of US households. Furthermore, continuing high uncertaint"
