bank,meeting_date,meeting_id,decision,rate_change_bps,policy_rate_after,next_decision,next_rate_change_bps,source_doc_id,source_title,source_url,confidence,extraction_method,notes
BOC,2024-06-05,BOC_2024_06_A,hold,0.0,,cut,-25.0,DOC_F1EAD218ED7F,Bank of Canada Interest Rate Announcement,https://www.bankofcanada.ca/2024/06/bank-canada-interest-rate-announcement-june-5-2024/,0.5,explicit_unchanged_keyword,
BOC,2024-06-07,BOC_2024_06_B,cut,-25.0,,hold,0.0,DOC_DDE4C277C3C8,Monetary Policy Report,https://www.bankofcanada.ca/publications/mpr/mpr-2024-07/,0.8,explicit_bps_change,
BOC,2024-09-04,BOC_2024_09,hold,0.0,,cut,-50.0,DOC_01B6D5B757F1,Bank of Canada Interest Rate Announcement,https://www.bankofcanada.ca/2024/09/bank-canada-interest-rate-announcement-september-4-2024/,0.5,explicit_unchanged_keyword,
BOC,2024-10-23,BOC_2024_10,cut,-50.0,4.0,hold,0.0,DOC_BFFB7A606DCD,Monetary Policy Report,https://www.bankofcanada.ca/publications/mpr/mpr-2024-10-23/,1.0,explicit_bps_change,
BOC,2024-12-11,BOC_2024_12,hold,0.0,,cut,-25.0,DOC_E3C08C98EC76,Bank of Canada Interest Rate Announcement,https://www.bankofcanada.ca/2024/12/bank-canada-interest-rate-announcement-december-11-2024/,0.5,explicit_unchanged_keyword,
BOC,2025-01-29,BOC_2025_01,cut,-25.0,3.0,hold,0.0,DOC_2228339F66ED,Monetary Policy Report,https://www.bankofcanada.ca/publications/mpr/mpr-2025-01-29/,1.0,explicit_bps_change,
BOC,2025-03-12,BOC_2025_03,hold,0.0,,hold,0.0,DOC_779D85D625B8,Bank of Canada Interest Rate Announcement,https://www.bankofcanada.ca/2025/03/bank-canada-interest-rate-announcement-march-12-2025/,0.5,explicit_unchanged_keyword,
BOC,2025-04-16,BOC_2025_04,hold,0.0,2.75,hold,0.0,DOC_0991EB1A9864,Monetary Policy Report,https://www.bankofcanada.ca/publications/mpr/mpr-2025-04-16/,0.9,explicit_unchanged_keyword,
BOC,2025-06-04,BOC_2025_06,hold,0.0,,hold,0.0,DOC_CC9B4BF65709,Bank of Canada Interest Rate Announcement,https://www.bankofcanada.ca/2025/06/bank-canada-interest-rate-announcement-june-4-2025/,0.5,explicit_unchanged_keyword,
BOC,2025-07-30,BOC_2025_07,hold,0.0,2.75,hold,0.0,DOC_E0C2D118ACCD,Monetary Policy Report,https://www.bankofcanada.ca/publications/mpr/mpr-2025-07-30/,0.9,explicit_unchanged_keyword,
BOC,2025-09-17,BOC_2025_09,hold,0.0,,cut,-25.0,DOC_9557ADF0277D,Bank of Canada Interest Rate Announcement,https://www.bankofcanada.ca/2025/09/bank-canada-interest-rate-announcement-september-17-2025/,0.5,explicit_unchanged_keyword,
BOC,2025-10-29,BOC_2025_10,cut,-25.0,2.5,hold,0.0,DOC_DFF43FF2E3B8,Monetary Policy Report,https://www.bankofcanada.ca/publications/mpr/mpr-2025-10-29/,1.0,explicit_bps_change,
BOC,2025-12-10,BOC_2025_12_A,hold,0.0,,unknown,,DOC_58B67E58A9A5,Bank of Canada Interest Rate Announcement,https://www.bankofcanada.ca/2025/12/bank-of-canada-interest-rate-announcement-2025-12-10/,0.5,explicit_unchanged_keyword,
BOC,2025-12-10,BOC_2025_12_B,unknown,,,unknown,,DOC_847F032FCF63,Interest Rate Announcement,https://www.bankofcanada.ca/2025/12/interest-rate-announcement-december-10-2025/,0.0,unknown,
BOC,2026-01-28,BOC_2026_01_A,unknown,,,cut,-25.0,DOC_5BBB43FAC9EC,Interest Rate Announcement and Monetary Policy Report,https://www.bankofcanada.ca/2026/01/interest-rate-announcement-and-monetary-policy-report-january-28-2026/,0.0,unknown,
BOC,2026-01-28,BOC_2026_01_B,cut,-25.0,2.25,hold,0.0,DOC_374B2DED440C,Monetary Policy Report,https://www.bankofcanada.ca/publications/mpr/mpr-2026-01-28/,0.7,calculated_from_policy_rate_after,Rate change calculated from consecutive policy_rate_after values.
BOC,2026-03-18,BOC_2026_03_A,hold,0.0,,unknown,,DOC_C78A323CFD04,Bank of Canada Interest Rate Announcement,https://www.bankofcanada.ca/2026/03/bank-of-canada-interest-rate-announcement-2026-03-18/,0.5,explicit_unchanged_keyword,
BOC,2026-03-18,BOC_2026_03_B,unknown,,,unknown,,DOC_55713EF8FE92,Interest Rate Announcement,https://www.bankofcanada.ca/2026/03/interest-rate-announcement-march-18-2026/,0.0,unknown,
BOC,2026-04-29,BOC_2026_04_A,unknown,,,hold,0.0,DOC_02A8DFA9C4A8,Interest Rate Announcement and Monetary Policy Report,https://www.bankofcanada.ca/2026/04/interest-rate-announcement-and-monetary-policy-report-april-29-2026/,0.0,unknown,
BOC,2026-04-29,BOC_2026_04_B,hold,0.0,2.25,hold,0.0,DOC_E735138C9D8A,Monetary Policy Report,https://www.bankofcanada.ca/publications/mpr/mpr-2026-04-29/,0.7,calculated_from_policy_rate_after,Rate change calculated from consecutive policy_rate_after values.
BOC,2026-04-29,BOC_2026_04_C,hold,0.0,2.25,,,DOC_9BF697388A5F,Monetary Policy Report—April 2026,https://www.bankofcanada.ca/publications/mpr/mpr-2026-04-29/,0.7,calculated_from_policy_rate_after,Rate change calculated from consecutive policy_rate_after values.
BOE,2021-06-01,BOE_2021_06_A,hold,0.0,0.1,hike,34.0,DOC_E70CD84B1976,Monetary Policy Report - August 2021,https://www.bankofengland.co.uk/-/media/boe/files/monetary-policy-report/2021/august/monetary-policy-report-august-2021.pdf,0.9,explicit_unchanged_keyword,
BOE,2021-06-01,BOE_2021_06_B,hike,34.0,0.1,hold,0.0,DOC_5284249B44B9,Monetary Policy Report - February 2021,https://www.bankofengland.co.uk/-/media/boe/files/monetary-policy-report/2021/february/monetary-policy-report-february-2021.pdf,1.0,explicit_bps_change,
BOE,2021-06-01,BOE_2021_06_C,hold,0.0,0.1,hold,0.0,DOC_B8CEB039FD93,Monetary Policy Report - May 2021,https://www.bankofengland.co.uk/-/media/boe/files/monetary-policy-report/2021/may/monetary-policy-report-may-2021.pdf,0.9,explicit_unchanged_keyword,
BOE,2021-06-01,BOE_2021_06_D,hold,0.0,0.1,hike,75.0,DOC_58740ADFFA25,Monetary Policy Report - November 2021,https://www.bankofengland.co.uk/-/media/boe/files/monetary-policy-report/2021/november/monetary-policy-report-november-2021.pdf,0.9,explicit_unchanged_keyword,
BOE,2022-06-01,BOE_2022_06_A,hike,75.0,,hold,0.0,DOC_559C176C2AB6,Monetary Policy Report - August 2022,https://www.bankofengland.co.uk/-/media/boe/files/monetary-policy-report/2022/august/monetary-policy-report-august-2022.pdf,0.8,explicit_bps_change,
BOE,2022-06-01,BOE_2022_06_B,hold,0.0,,hike,25.0,DOC_37C6AD0A061C,Monetary Policy Report - February 2022,https://www.bankofengland.co.uk/-/media/boe/files/monetary-policy-report/2022/february/monetary-policy-report-february-2022.pdf,0.5,explicit_unchanged_keyword,
BOE,2022-06-01,BOE_2022_06_C,hike,25.0,,hike,75.0,DOC_0CE4F50B3860,Monetary Policy Report - May 2022,https://www.bankofengland.co.uk/-/media/boe/files/monetary-policy-report/2022/may/monetary-policy-report-may-2022.pdf,0.8,explicit_bps_change,
BOE,2022-06-01,BOE_2022_06_D,hike,75.0,,hike,25.0,DOC_9652B33D7643,Monetary Policy Report - November 2022,https://www.bankofengland.co.uk/-/media/boe/files/monetary-policy-report/2022/november/monetary-policy-report-november-2022.pdf,0.8,explicit_bps_change,
BOE,2023-06-01,BOE_2023_06_A,hike,25.0,5.0,hike,50.0,DOC_1BEADDFB6324,Monetary Policy Report - August 2023,https://www.bankofengland.co.uk/-/media/boe/files/monetary-policy-report/2023/august/monetary-policy-report-august-2023.pdf,1.0,explicit_bps_change,
BOE,2023-06-01,BOE_2023_06_B,hike,50.0,3.5,hike,25.0,DOC_C9880DD6A6ED,Monetary Policy Report - February 2023,https://www.bankofengland.co.uk/-/media/boe/files/monetary-policy-report/2023/february/monetary-policy-report-february-2023.pdf,1.0,explicit_bps_change,
BOE,2023-06-01,BOE_2023_06_C,hike,25.0,4.25,hike,25.0,DOC_A31277180804,Monetary Policy Report - May 2023,https://www.bankofengland.co.uk/-/media/boe/files/monetary-policy-report/2023/may/monetary-policy-report-may-2023.pdf,1.0,explicit_bps_change,
BOE,2023-06-01,BOE_2023_06_D,hike,25.0,5.25,cut,-25.0,DOC_3D5471F8542D,Monetary Policy Report - November 2023,https://www.bankofengland.co.uk/-/media/boe/files/monetary-policy-report/2023/november/monetary-policy-report-november-2023.pdf,1.0,explicit_bps_change,
BOE,2024-06-01,BOE_2024_06_A,cut,-25.0,5.25,hold,0.0,DOC_A3F608AA9809,Monetary Policy Report - August 2024,https://www.bankofengland.co.uk/-/media/boe/files/monetary-policy-report/2024/august/monetary-policy-report-august-2024.pdf,1.0,explicit_bps_change,
BOE,2024-06-01,BOE_2024_06_B,hold,0.0,5.25,hold,0.0,DOC_0E92B2C7AA06,Monetary Policy Report - February 2024,https://www.bankofengland.co.uk/-/media/boe/files/monetary-policy-report/2024/february/monetary-policy-report-february-2024.pdf,0.9,explicit_unchanged_keyword,
BOE,2024-06-01,BOE_2024_06_C,hold,0.0,5.25,cut,-50.0,DOC_D1640C68A179,Monetary Policy Report - May 2024,https://www.bankofengland.co.uk/-/media/boe/files/monetary-policy-report/2024/may/monetary-policy-report-may-2024.pdf,0.9,explicit_unchanged_keyword,
BOE,2024-06-01,BOE_2024_06_D,cut,-50.0,5.0,hold,0.0,DOC_DDB9454E5AF6,Monetary Policy Report - November 2024,https://www.bankofengland.co.uk/-/media/boe/files/monetary-policy-report/2024/november/monetary-policy-report-november-2024.pdf,1.0,explicit_bps_change,
BOE,2025-06-01,BOE_2025_06_A,hold,0.0,4.0,hike,150.0,DOC_9C89C4ACCFFF,Monetary Policy Report - August 2025,https://www.bankofengland.co.uk/-/media/boe/files/monetary-policy-report/2025/august/monetary-policy-report-august-2025.pdf,0.9,explicit_unchanged_keyword,
BOE,2025-06-01,BOE_2025_06_B,hike,150.0,4.5,hold,0.0,DOC_643898D84C7C,Monetary Policy Report - February 2025,https://www.bankofengland.co.uk/-/media/boe/files/monetary-policy-report/2025/february/monetary-policy-report-february-2025.pdf,1.0,explicit_bps_change,
BOE,2025-06-01,BOE_2025_06_C,hold,0.0,4.5,hold,0.0,DOC_D3EAC3BB3BE5,Monetary Policy Report - May 2025,https://www.bankofengland.co.uk/-/media/boe/files/monetary-policy-report/2025/may/monetary-policy-report-may-2025.pdf,0.9,explicit_unchanged_keyword,
BOE,2025-06-01,BOE_2025_06_D,hold,0.0,4.0,hold,0.0,DOC_9CE70AC2A23C,Monetary Policy Report - November 2025,https://www.bankofengland.co.uk/-/media/boe/files/monetary-policy-report/2025/november/monetary-policy-report-november-2025.pdf,0.9,explicit_unchanged_keyword,
BOE,2026-06-01,BOE_2026_06_A,hold,0.0,3.75,cut,-150.0,DOC_5B23170272EC,Monetary Policy Report - April 2026,https://www.bankofengland.co.uk/-/media/boe/files/monetary-policy-report/2026/april/monetary-policy-report-april-2026.pdf,0.9,explicit_unchanged_keyword,
BOE,2026-06-01,BOE_2026_06_B,cut,-150.0,3.75,,,DOC_8D662D2D46B1,Monetary Policy Report - February 2026,https://www.bankofengland.co.uk/-/media/boe/files/monetary-policy-report/2026/february/monetary-policy-report-february-2026.pdf,1.0,explicit_bps_change,
BOJ,2026-01-23,BOJ_2026_01,hold,0.0,,hold,0.0,DOC_088EB8FD782D,"""Economic Activity, Prices, and Monetary Policy in Japan"" (Speech at a Meeting Held by the Kanagawa Keizai Doyukai)",https://www.boj.or.jp/en/about/press/koen_2026/ko260213a.htm,0.5,explicit_unchanged_keyword,
BOJ,2026-03-19,BOJ_2026_03,hold,0.0,,hold,0.0,DOC_C9CF6C08F3CA,Statement on Monetary Policy [PDF 134KB],https://www.boj.or.jp/en/mopo/mpmdeci/mpr_2026/k260319a.pdf,0.5,explicit_unchanged_keyword,
BOJ,2026-04-28,BOJ_2026_04,hold,0.0,,,,DOC_80A6121EA880,"""Economic Activity, Prices, and Monetary Policy in Japan"" (Speech at a Meeting Held by the Kagoshima Keizai Doyukai)",https://www.boj.or.jp/en/about/press/koen_2026/ko260514a.htm,0.5,explicit_unchanged_keyword,
ECB,2021-01-21,ECB_2021_01,hold,0.0,,hold,0.0,DOC_DC59BC94B47C,Monetary policy decisions,https://www.ecb.europa.eu/press/pr/date/2021/html/ecb.mp210121~eb9154682e.en.html,0.5,explicit_unchanged_keyword,
ECB,2021-03-11,ECB_2021_03,hold,0.0,,hold,0.0,DOC_B8E1D0741044,Monetary policy decisions,https://www.ecb.europa.eu/press/pr/date/2021/html/ecb.mp210311~35ba71f535.en.html,0.5,explicit_unchanged_keyword,
ECB,2021-04-22,ECB_2021_04,hold,0.0,,hold,0.0,DOC_7631561D0A30,Monetary policy decisions,https://www.ecb.europa.eu/press/pr/date/2021/html/ecb.mp210422~f075ebe1f0.en.html,0.5,explicit_unchanged_keyword,
ECB,2021-06-10,ECB_2021_06,hold,0.0,,hold,0.0,DOC_BCB102E507F0,Monetary policy decisions,https://www.ecb.europa.eu/press/pr/date/2021/html/ecb.mp210610~b4d5381df0.en.html,0.5,explicit_unchanged_keyword,
ECB,2021-07-22,ECB_2021_07,hold,0.0,,hold,0.0,DOC_516FC908994F,Monetary policy decisions,https://www.ecb.europa.eu/press/pr/date/2021/html/ecb.mp210722~48dc3b436b.en.html,0.5,explicit_unchanged_keyword,
ECB,2021-09-09,ECB_2021_09,hold,0.0,,hold,0.0,DOC_E5FDF02F015F,Monetary policy decisions,https://www.ecb.europa.eu/press/pr/date/2021/html/ecb.mp210909~2c94b35639.en.html,0.5,explicit_unchanged_keyword,
ECB,2021-10-28,ECB_2021_10,hold,0.0,,hold,0.0,DOC_6E4DD137ACBF,Monetary policy decisions,https://www.ecb.europa.eu/press/pr/date/2021/html/ecb.mp211028~85474438a4.en.html,0.5,explicit_unchanged_keyword,
ECB,2021-12-16,ECB_2021_12,hold,0.0,,hold,0.0,DOC_D3FEC5B8811D,Monetary policy decisions,https://www.ecb.europa.eu/press/pr/date/2021/html/ecb.mp211216~1b6d3a1fd8.en.html,0.5,explicit_unchanged_keyword,
ECB,2022-02-03,ECB_2022_02,hold,0.0,,hold,0.0,DOC_CC8AB2A3A406,Monetary policy decisions,https://www.ecb.europa.eu/press/pr/date/2022/html/ecb.mp220203~90fbe94662.en.html,0.5,explicit_unchanged_keyword,
ECB,2022-03-10,ECB_2022_03,hold,0.0,,hold,0.0,DOC_AC44E6777D5B,Monetary policy decisions,https://www.ecb.europa.eu/press/pr/date/2022/html/ecb.mp220310~2d19f8ba60.en.html,0.5,explicit_unchanged_keyword,
ECB,2022-04-14,ECB_2022_04,hold,0.0,,hold,0.0,DOC_DADE39041E8E,Monetary policy decisions,https://www.ecb.europa.eu/press/pr/date/2022/html/ecb.mp220414~d1b76520c6.en.html,0.5,explicit_unchanged_keyword,
ECB,2022-06-09,ECB_2022_06,hold,0.0,,hold,0.0,DOC_BA2C2B2993E3,Monetary policy decisions,https://www.ecb.europa.eu/press/pr/date/2022/html/ecb.mp220609~122666c272.en.html,0.5,explicit_unchanged_keyword,
ECB,2022-07-21,ECB_2022_07,hold,0.0,,hold,0.0,DOC_65076AA9A6D3,Monetary policy decisions,https://www.ecb.europa.eu/press/pr/date/2022/html/ecb.mp220721~53e5bdd317.en.html,0.5,explicit_unchanged_keyword,
ECB,2022-09-08,ECB_2022_09,hold,0.0,,hold,0.0,DOC_6A5DED1097C7,Monetary policy decisions,https://www.ecb.europa.eu/press/pr/date/2022/html/ecb.mp220908~c1b6839378.en.html,0.5,explicit_unchanged_keyword,
ECB,2022-10-27,ECB_2022_10,hold,0.0,,hold,0.0,DOC_6A8FE960C5AE,Monetary policy decisions,https://www.ecb.europa.eu/press/pr/date/2022/html/ecb.mp221027~df1d778b84.en.html,0.5,explicit_unchanged_keyword,
ECB,2022-12-15,ECB_2022_12,hold,0.0,,hike,50.0,DOC_81FE69806C33,Monetary policy decisions,https://www.ecb.europa.eu/press/pr/date/2022/html/ecb.mp221215~f3461d7b6e.en.html,0.5,explicit_unchanged_keyword,
ECB,2023-02-02,ECB_2023_02,hike,50.0,,hike,50.0,DOC_A6685714D96C,"Christine Lagarde, Luis de Guindos: Monetary policy statement (with Q&A)",https://www.ecb.europa.eu/press/press_conference/monetary-policy-statement/2023/html/ecb.is230202~4313651089.en.html,0.8,explicit_bps_change,
ECB,2023-03-16,ECB_2023_03,hike,50.0,,hold,0.0,DOC_29AE3F7765C9,Monetary policy decisions,https://www.ecb.europa.eu/press/pr/date/2023/html/ecb.mp230316~aad5249f30.en.html,0.8,explicit_bps_change,
ECB,2023-05-04,ECB_2023_05,hold,0.0,,hold,0.0,DOC_2121768F933D,Monetary policy decisions,https://www.ecb.europa.eu/press/pr/date/2023/html/ecb.mp230504~cdfd11a697.en.html,0.5,explicit_unchanged_keyword,
ECB,2023-06-15,ECB_2023_06,hold,0.0,,hike,25.0,DOC_101076A0C836,Monetary policy decisions,https://www.ecb.europa.eu/press/pr/date/2023/html/ecb.mp230615~d34cddb4c6.en.html,0.5,explicit_unchanged_keyword,
ECB,2023-07-27,ECB_2023_07,hike,25.0,,hold,0.0,DOC_6CDED0AD0E89,"Christine Lagarde, Luis de Guindos: Monetary policy statement (with Q&A)",https://www.ecb.europa.eu/press/press_conference/monetary-policy-statement/2023/html/ecb.is230727~e0a11feb2e.en.html,0.8,explicit_bps_change,
ECB,2023-09-14,ECB_2023_09,hold,0.0,,hold,0.0,DOC_3FF482C0E1E2,Monetary policy decisions,https://www.ecb.europa.eu/press/pr/date/2023/html/ecb.mp230914~aab39f8c21.en.html,0.5,explicit_unchanged_keyword,
ECB,2023-10-26,ECB_2023_10,hold,0.0,,hold,0.0,DOC_80B337156D7D,Monetary policy decisions,https://www.ecb.europa.eu/press/pr/date/2023/html/ecb.mp231026~6028cea576.en.html,0.5,explicit_unchanged_keyword,
ECB,2023-12-14,ECB_2023_12,hold,0.0,,hold,0.0,DOC_A8A3C0031B27,Monetary policy decisions,https://www.ecb.europa.eu/press/pr/date/2023/html/ecb.mp231214~9846e62f62.en.html,0.5,explicit_unchanged_keyword,
ECB,2024-01-25,ECB_2024_01,hold,0.0,,hold,0.0,DOC_2884570B22F8,Monetary policy decisions,https://www.ecb.europa.eu/press/pr/date/2024/html/ecb.mp240125~f738889bde.en.html,0.5,explicit_unchanged_keyword,
ECB,2024-03-07,ECB_2024_03,hold,0.0,,hold,0.0,DOC_FAC850E3A92A,Monetary policy decisions,https://www.ecb.europa.eu/press/pr/date/2024/html/ecb.mp240307~a5fa52b82b.en.html,0.5,explicit_unchanged_keyword,
ECB,2024-04-11,ECB_2024_04,hold,0.0,,hold,0.0,DOC_1B56A15377AB,Monetary policy decisions,https://www.ecb.europa.eu/press/pr/date/2024/html/ecb.mp240411~1345644915.en.html,0.5,explicit_unchanged_keyword,
ECB,2024-06-06,ECB_2024_06,hold,0.0,,hold,0.0,DOC_22244984411A,Monetary policy decisions,https://www.ecb.europa.eu/press/pr/date/2024/html/ecb.mp240606~2148ecdb3c.en.html,0.5,explicit_unchanged_keyword,
ECB,2024-07-18,ECB_2024_07,hold,0.0,,hold,0.0,DOC_4F7B2D767C99,Monetary policy decisions,https://www.ecb.europa.eu/press/pr/date/2024/html/ecb.mp240718~b9e0ddd9d5.en.html,0.5,explicit_unchanged_keyword,
ECB,2024-09-12,ECB_2024_09,hold,0.0,,hold,0.0,DOC_5C6BBCC5E80E,Monetary policy decisions,https://www.ecb.europa.eu/press/pr/date/2024/html/ecb.mp240912~67cb23badb.en.html,0.5,explicit_unchanged_keyword,
ECB,2024-10-17,ECB_2024_10,hold,0.0,,hold,0.0,DOC_3A80C3D4AC3A,Monetary policy decisions,https://www.ecb.europa.eu/press/pr/date/2024/html/ecb.mp241017~aa366eaf20.en.html,0.5,explicit_unchanged_keyword,
ECB,2024-12-12,ECB_2024_12,hold,0.0,,hold,0.0,DOC_3B0AD99FE401,"Christine Lagarde, Luis de Guindos: Monetary policy statement (with Q&A)",https://www.ecb.europa.eu/press/press_conference/monetary-policy-statement/2024/html/ecb.is241212~ce143b3bc8.en.html,0.5,explicit_unchanged_keyword,
ECB,2025-01-30,ECB_2025_01,hold,0.0,,hold,0.0,DOC_F95EA691D39A,A middle path for ECB monetary policy,https://www.ecb.europa.eu/press/key/date/2025/html/ecb.sp250205~94958ee099.en.html,0.5,explicit_unchanged_keyword,
ECB,2025-03-06,ECB_2025_03,hold,0.0,,hold,0.0,DOC_7E18226B03A7,"Christine Lagarde, Luis de Guindos: Monetary policy statement (with Q&A)",https://www.ecb.europa.eu/press/press_conference/monetary-policy-statement/2025/html/ecb.is250306~4307bd0941.en.html,0.5,explicit_unchanged_keyword,
ECB,2025-04-17,ECB_2025_04,hold,0.0,,hold,0.0,DOC_E9F13E33D080,The communication of monetary policy decisions: incorporating risks and uncertainty,https://www.ecb.europa.eu/press/key/date/2025/html/ecb.sp250516~fd6d7138d8.en.html,0.5,explicit_unchanged_keyword,
ECB,2025-06-05,ECB_2025_06,hold,0.0,,hold,0.0,DOC_ACEB876DE494,Monetary policy decisions,https://www.ecb.europa.eu/press/pr/date/2025/html/ecb.mp250605~3b5f67d007.en.html,0.5,explicit_unchanged_keyword,
ECB,2025-07-24,ECB_2025_07,hold,0.0,,hold,0.0,DOC_75046968D43E,Monetary policy decisions,https://www.ecb.europa.eu/press/pr/date/2025/html/ecb.mp250724~50bc70e13f.en.html,0.5,explicit_unchanged_keyword,
ECB,2025-09-11,ECB_2025_09,hold,0.0,,hold,0.0,DOC_A6325111DD20,Monetary policy decisions,https://www.ecb.europa.eu/press/pr/date/2025/html/ecb.mp250911~6afb7a9490.en.html,0.5,explicit_unchanged_keyword,
ECB,2025-10-30,ECB_2025_10,hold,0.0,,hold,0.0,DOC_3CED66B6DA40,Monetary policy decisions,https://www.ecb.europa.eu/press/pr/date/2025/html/ecb.mp251030~cf0540b5c0.en.html,0.5,explicit_unchanged_keyword,
ECB,2025-12-18,ECB_2025_12,hold,0.0,,hold,0.0,DOC_0FA6FDA7657E,Monetary policy decisions,https://www.ecb.europa.eu/press/pr/date/2025/html/ecb.mp251218~58b0e415a6.en.html,0.5,explicit_unchanged_keyword,
ECB,2026-02-05,ECB_2026_02,hold,0.0,,hold,0.0,DOC_EBCDB2DE5C65,Monetary policy decisions,https://www.ecb.europa.eu/press/pr/date/2026/html/ecb.mp260205~001d26959b.en.html,0.5,explicit_unchanged_keyword,
ECB,2026-03-19,ECB_2026_03,hold,0.0,,hold,0.0,DOC_3B37AF6242F9,Monetary policy decisions,https://www.ecb.europa.eu/press/pr/date/2026/html/ecb.mp260319~3057739775.en.html,0.5,explicit_unchanged_keyword,
ECB,2026-04-30,ECB_2026_04,hold,0.0,,,,DOC_EB7BB3602688,Monetary policy decisions,https://www.ecb.europa.eu/press/pr/date/2026/html/ecb.mp260430~81b7179e6f.en.html,0.5,explicit_unchanged_keyword,
FED,2021-01-27,FED_2021_01,hold,0.0,0.125,hold,0.0,DOC_B9CDE799F003,FOMC statement,https://www.federalreserve.gov/monetarypolicy/files/monetary20210127a1.pdf,0.9,explicit_unchanged_keyword,Fed target range 0 to 0.25 percent; midpoint stored.
FED,2021-03-17,FED_2021_03,hold,0.0,0.125,hold,0.0,DOC_F1DF90B22339,FOMC statement,https://www.federalreserve.gov/monetarypolicy/files/monetary20210317a1.pdf,0.9,explicit_unchanged_keyword,Fed target range 0 to 0.25 percent; midpoint stored.
FED,2021-04-28,FED_2021_04,hold,0.0,0.125,hold,0.0,DOC_B766A2A61F74,FOMC statement,https://www.federalreserve.gov/monetarypolicy/files/monetary20210428a1.pdf,0.9,explicit_unchanged_keyword,Fed target range 0 to 0.25 percent; midpoint stored.
FED,2021-06-16,FED_2021_06,hold,0.0,0.125,hold,0.0,DOC_AF698697F313,FOMC statement,https://www.federalreserve.gov/monetarypolicy/files/monetary20210616a1.pdf,0.9,explicit_unchanged_keyword,Fed target range 0 to 0.25 percent; midpoint stored.
FED,2021-07-28,FED_2021_07,hold,0.0,0.125,hold,0.0,DOC_F83A81E665B0,FOMC statement,https://www.federalreserve.gov/monetarypolicy/files/monetary20210728a1.pdf,0.9,explicit_unchanged_keyword,Fed target range 0 to 0.25 percent; midpoint stored.
FED,2021-09-22,FED_2021_09,hold,0.0,0.125,hold,0.0,DOC_EBC59530A876,FOMC statement,https://www.federalreserve.gov/monetarypolicy/files/monetary20210922a1.pdf,0.9,explicit_unchanged_keyword,Fed target range 0 to 0.25 percent; midpoint stored.
FED,2021-11-03,FED_2021_11,hold,0.0,,hold,0.0,DOC_A25BBF08463A,FOMC statement,https://www.federalreserve.gov/monetarypolicy/files/monetary20211103a1.pdf,0.5,explicit_unchanged_keyword,
FED,2021-12-15,FED_2021_12,hold,0.0,0.125,hold,0.0,DOC_D4AC23A3E0CB,FOMC statement,https://www.federalreserve.gov/monetarypolicy/files/monetary20211215a1.pdf,0.9,explicit_unchanged_keyword,Fed target range 0 to 0.25 percent; midpoint stored.
FED,2022-01-26,FED_2022_01,hold,0.0,0.125,hold,0.0,DOC_6EA63600B6E6,FOMC statement,https://www.federalreserve.gov/monetarypolicy/files/monetary20220126a1.pdf,0.9,explicit_unchanged_keyword,Fed target range 0 to 0.25 percent; midpoint stored.
FED,2022-03-16,FED_2022_03,hold,0.0,,hold,0.0,DOC_1B8FFEA724BB,FOMC statement,https://www.federalreserve.gov/monetarypolicy/files/monetary20220316a1.pdf,0.5,explicit_unchanged_keyword,
FED,2022-05-04,FED_2022_05,hold,0.0,,hold,0.0,DOC_01ECCF02DE6D,FOMC statement,https://www.federalreserve.gov/monetarypolicy/files/monetary20220504a1.pdf,0.5,explicit_unchanged_keyword,
FED,2022-06-15,FED_2022_06,hold,0.0,,hold,0.0,DOC_A83DEA2795D6,FOMC statement,https://www.federalreserve.gov/monetarypolicy/files/monetary20220615a1.pdf,0.5,explicit_unchanged_keyword,
FED,2022-07-27,FED_2022_07,hold,0.0,,hold,0.0,DOC_9F659D82DDEA,FOMC statement,https://www.federalreserve.gov/monetarypolicy/files/monetary20220727a1.pdf,0.5,explicit_unchanged_keyword,
FED,2022-09-21,FED_2022_09,hold,0.0,,hold,0.0,DOC_82596B8FA70D,FOMC statement,https://www.federalreserve.gov/monetarypolicy/files/monetary20220921a1.pdf,0.5,explicit_unchanged_keyword,
FED,2022-11-02,FED_2022_11,hold,0.0,,hold,0.0,DOC_6B14C0BC340D,FOMC statement,https://www.federalreserve.gov/monetarypolicy/files/monetary20221102a1.pdf,0.5,explicit_unchanged_keyword,
FED,2022-12-14,FED_2022_12,hold,0.0,,hold,0.0,DOC_7BD25D9C17C3,FOMC statement,https://www.federalreserve.gov/monetarypolicy/files/monetary20221214a1.pdf,0.5,explicit_unchanged_keyword,
FED,2023-02-01,FED_2023_02,hold,0.0,,hold,0.0,DOC_784A66EE64F2,FOMC statement,https://www.federalreserve.gov/monetarypolicy/files/monetary20230201a1.pdf,0.5,explicit_unchanged_keyword,
FED,2023-03-22,FED_2023_03,hold,0.0,,hold,0.0,DOC_D81BFDDEA9D8,FOMC statement,https://www.federalreserve.gov/monetarypolicy/files/monetary20230322a1.pdf,0.5,explicit_unchanged_keyword,
FED,2023-05-03,FED_2023_05,hold,0.0,,hold,0.0,DOC_2E9009700367,FOMC statement,https://www.federalreserve.gov/monetarypolicy/files/monetary20230503a1.pdf,0.5,explicit_unchanged_keyword,
FED,2023-06-14,FED_2023_06,hold,0.0,5.125,hold,0.0,DOC_EA9560B7BFC9,FOMC statement,https://www.federalreserve.gov/monetarypolicy/files/monetary20230614a1.pdf,0.9,explicit_unchanged_keyword,Fed target range 5 to 5.25 percent; midpoint stored.
FED,2023-07-26,FED_2023_07,hold,0.0,,hold,0.0,DOC_E349351C7759,FOMC statement,https://www.federalreserve.gov/monetarypolicy/files/monetary20230726a1.pdf,0.5,explicit_unchanged_keyword,
FED,2023-09-20,FED_2023_09,hold,0.0,5.375,hold,0.0,DOC_C69BB7C267D9,FOMC statement,https://www.federalreserve.gov/monetarypolicy/files/monetary20230920a1.pdf,0.9,explicit_unchanged_keyword,Fed target range 5.25 to 5.5 percent; midpoint stored.
FED,2023-11-01,FED_2023_11,hold,0.0,5.375,hold,0.0,DOC_3B969F5D300E,FOMC statement,https://www.federalreserve.gov/monetarypolicy/files/monetary20231101a1.pdf,0.9,explicit_unchanged_keyword,Fed target range 5.25 to 5.5 percent; midpoint stored.
FED,2023-12-13,FED_2023_12,hold,0.0,5.375,hold,0.0,DOC_743F335632F6,FOMC statement,https://www.federalreserve.gov/monetarypolicy/files/monetary20231213a1.pdf,0.9,explicit_unchanged_keyword,Fed target range 5.25 to 5.5 percent; midpoint stored.
FED,2024-01-31,FED_2024_01,hold,0.0,5.375,hold,0.0,DOC_E21671C4A927,FOMC statement,https://www.federalreserve.gov/monetarypolicy/files/monetary20240131a1.pdf,0.9,explicit_unchanged_keyword,Fed target range 5.25 to 5.5 percent; midpoint stored.
FED,2024-03-20,FED_2024_03,hold,0.0,5.375,hold,0.0,DOC_DB28C3494C07,FOMC statement,https://www.federalreserve.gov/monetarypolicy/files/monetary20240320a1.pdf,0.9,explicit_unchanged_keyword,Fed target range 5.25 to 5.5 percent; midpoint stored.
FED,2024-05-01,FED_2024_05,hold,0.0,5.375,hold,0.0,DOC_9188E02FEF08,FOMC statement,https://www.federalreserve.gov/monetarypolicy/files/monetary20240501a1.pdf,0.9,explicit_unchanged_keyword,Fed target range 5.25 to 5.5 percent; midpoint stored.
FED,2024-06-12,FED_2024_06,hold,0.0,5.375,hold,0.0,DOC_E90F0043310A,FOMC statement,https://www.federalreserve.gov/monetarypolicy/files/monetary20240612a1.pdf,0.9,explicit_unchanged_keyword,Fed target range 5.25 to 5.5 percent; midpoint stored.
FED,2024-07-31,FED_2024_07,hold,0.0,5.375,hold,0.0,DOC_C7105885CC22,FOMC statement,https://www.federalreserve.gov/monetarypolicy/files/monetary20240731a1.pdf,0.9,explicit_unchanged_keyword,Fed target range 5.25 to 5.5 percent; midpoint stored.
FED,2024-09-18,FED_2024_09,hold,0.0,,hold,0.0,DOC_0C106841044E,FOMC statement,https://www.federalreserve.gov/monetarypolicy/files/monetary20240918a1.pdf,0.5,explicit_unchanged_keyword,
FED,2024-11-07,FED_2024_11,hold,0.0,,hold,0.0,DOC_59B1C262576E,FOMC statement,https://www.federalreserve.gov/monetarypolicy/files/monetary20241107a1.pdf,0.5,explicit_unchanged_keyword,
FED,2024-12-18,FED_2024_12,hold,0.0,4.625,hold,0.0,DOC_86EB3874CE5B,FOMC statement,https://www.federalreserve.gov/monetarypolicy/files/monetary20241218a1.pdf,0.9,explicit_unchanged_keyword,Fed target range 4.5 to 4.75 percent; midpoint stored.
FED,2025-01-29,FED_2025_01,hold,0.0,4.375,hold,0.0,DOC_DE851CC96915,FOMC statement,https://www.federalreserve.gov/monetarypolicy/files/monetary20250129a1.pdf,0.9,explicit_unchanged_keyword,Fed target range 4.25 to 4.5 percent; midpoint stored.
FED,2025-03-19,FED_2025_03,hold,0.0,4.375,hold,0.0,DOC_B6AE96406438,FOMC statement,https://www.federalreserve.gov/monetarypolicy/files/monetary20250319a1.pdf,0.9,explicit_unchanged_keyword,Fed target range 4.25 to 4.5 percent; midpoint stored.
FED,2025-05-07,FED_2025_05,hold,0.0,4.375,hold,0.0,DOC_46531E694893,FOMC statement,https://www.federalreserve.gov/monetarypolicy/files/monetary20250507a1.pdf,0.9,explicit_unchanged_keyword,Fed target range 4.25 to 4.5 percent; midpoint stored.
FED,2025-06-18,FED_2025_06,hold,0.0,4.375,hold,0.0,DOC_9DAEA125EB24,FOMC statement,https://www.federalreserve.gov/monetarypolicy/files/monetary20250618a1.pdf,0.9,explicit_unchanged_keyword,Fed target range 4.25 to 4.5 percent; midpoint stored.
FED,2025-07-30,FED_2025_07,hold,0.0,4.375,hold,0.0,DOC_071349E655F3,FOMC statement,https://www.federalreserve.gov/monetarypolicy/files/monetary20250730a1.pdf,0.9,explicit_unchanged_keyword,Fed target range 4.25 to 4.5 percent; midpoint stored.
FED,2025-08-22,FED_2025_08,hold,0.0,,hold,0.0,DOC_5D9DF8DDF930,Monetary Policy and the Fedâs Framework Review,https://www.federalreserve.gov/newsevents/speech/powell20250822a.htm,0.5,explicit_unchanged_keyword,
FED,2025-09-17,FED_2025_09,hold,0.0,,hold,0.0,DOC_4B2F70170969,FOMC statement,https://www.federalreserve.gov/monetarypolicy/files/monetary20250917a1.pdf,0.5,explicit_unchanged_keyword,
FED,2025-10-29,FED_2025_10,hold,0.0,,hold,0.0,DOC_6B553EBA9B62,FOMC statement,https://www.federalreserve.gov/monetarypolicy/files/monetary20251029a1.pdf,0.5,explicit_unchanged_keyword,
FED,2025-12-10,FED_2025_12,hold,0.0,,hold,0.0,DOC_D3F6FC67E443,FOMC statement,https://www.federalreserve.gov/monetarypolicy/files/monetary20251210a1.pdf,0.5,explicit_unchanged_keyword,
FED,2026-01-28,FED_2026_01,hold,0.0,3.625,hold,0.0,DOC_C110B384B484,FOMC statement,https://www.federalreserve.gov/monetarypolicy/files/monetary20260128a1.pdf,0.9,explicit_unchanged_keyword,Fed target range 3.5 to 3.75 percent; midpoint stored.
FED,2026-03-18,FED_2026_03,hold,0.0,,hold,0.0,DOC_AA84114F7571,FOMC statement,https://www.federalreserve.gov/monetarypolicy/files/monetary20260318a1.pdf,0.5,explicit_unchanged_keyword,
FED,2026-04-29,FED_2026_04,hold,0.0,,,,DOC_483ADFC55AB2,FOMC statement,https://www.federalreserve.gov/monetarypolicy/files/monetary20260429a1.pdf,0.5,explicit_unchanged_keyword,
NORGES_BANK,2021-06-01,NORGES_BANK_2021_06_A,unknown,,,unknown,,DOC_21B297C19BCF,Pengepolitisk rapport med vurdering av finansiell stabilitet 1/2021,https://www.norges-bank.no/aktuelt/publikasjoner/Pengepolitisk-rapport/2021/ppr-12021/,0.0,unknown,
NORGES_BANK,2021-06-01,NORGES_BANK_2021_06_B,unknown,,,unknown,,DOC_A8043F21E63C,Pengepolitisk rapport med vurdering av finansiell stabilitet 2/2021,https://www.norges-bank.no/aktuelt/publikasjoner/Pengepolitisk-rapport/2021/ppr-22021/,0.0,unknown,
NORGES_BANK,2021-06-01,NORGES_BANK_2021_06_C,unknown,,,hold,0.0,DOC_CEC290ABA44C,Pengepolitisk rapport med vurdering av finansiell stabilitet 3/2021,https://www.norges-bank.no/aktuelt/publikasjoner/Pengepolitisk-rapport/2021/ppr-32021/,0.0,unknown,
NORGES_BANK,2021-06-01,NORGES_BANK_2021_06_D,hold,0.0,,unknown,,DOC_178C4401C5B5,Monetary policy strategy - from mandate to decisions,https://www.norges-bank.no/en/news-events/news/Speeches/2021/2021-10-20-olsen/,0.5,explicit_unchanged_keyword,
NORGES_BANK,2022-06-01,NORGES_BANK_2022_06_A,unknown,,,unknown,,DOC_CA4CBF76E4D3,Pengepolitisk rapport med vurdering av finansiell stabilitet 1/2022,https://www.norges-bank.no/aktuelt/publikasjoner/Pengepolitisk-rapport/2022/ppr-12022/,0.0,unknown,
NORGES_BANK,2022-06-01,NORGES_BANK_2022_06_B,unknown,,,unknown,,DOC_4F37C2C99346,Pengepolitisk rapport med vurdering av finansiell stabilitet 2/2022,https://www.norges-bank.no/aktuelt/publikasjoner/Pengepolitisk-rapport/2022/ppr-22022/,0.0,unknown,
NORGES_BANK,2022-06-01,NORGES_BANK_2022_06_C,unknown,,,hold,0.0,DOC_F175E5C4ADA0,Pengepolitisk rapport med vurdering av finansiell stabilitet 3/2022,https://www.norges-bank.no/aktuelt/publikasjoner/Pengepolitisk-rapport/2022/ppr-32022/,0.0,unknown,
NORGES_BANK,2022-06-01,NORGES_BANK_2022_06_D,hold,0.0,,unknown,,DOC_E31FD32817BD,Monetary policy and inflation,https://www.norges-bank.no/en/news-events/news/Speeches/2022/2022-10-20-cme/,0.5,explicit_unchanged_keyword,
NORGES_BANK,2023-06-01,NORGES_BANK_2023_06_A,unknown,,,unknown,,DOC_33FC79FF4FEE,Pengepolitisk rapport 1/2023,https://www.norges-bank.no/aktuelt/publikasjoner/Pengepolitisk-rapport/2023/ppr-12023/,0.0,unknown,
NORGES_BANK,2023-06-01,NORGES_BANK_2023_06_B,unknown,,,unknown,,DOC_6AEB34A51607,Pengepolitisk rapport 2/2023,https://www.norges-bank.no/aktuelt/publikasjoner/Pengepolitisk-rapport/2023/ppr-22023/,0.0,unknown,
NORGES_BANK,2023-06-01,NORGES_BANK_2023_06_C,unknown,,,hike,50.0,DOC_4396EC6C2C7A,Pengepolitisk rapport 3/2023,https://www.norges-bank.no/aktuelt/publikasjoner/Pengepolitisk-rapport/2023/ppr-32023/,0.0,unknown,
NORGES_BANK,2023-06-01,NORGES_BANK_2023_06_D,hike,50.0,,unknown,,DOC_E46401275E3D,Monetary policy and the krone exchange rate,https://www.norges-bank.no/en/news-events/news/Speeches/2023/09-11-2023-cme/,0.8,explicit_bps_change,
NORGES_BANK,2024-06-01,NORGES_BANK_2024_06_A,unknown,,,unknown,,DOC_1E5D9F89672B,Pengepolitisk rapport 1/2024,,0.0,unknown,text file missing: data\NORGES_BANK\Monetary Policy\2024-06-01 - Pengepolitisk rapport 1_2024.txt
NORGES_BANK,2024-06-01,NORGES_BANK_2024_06_B,unknown,,,unknown,,DOC_B99C89C85DB7,Pengepolitisk rapport 2/2024,,0.0,unknown,text file missing: data\NORGES_BANK\Monetary Policy\2024-06-01 - Pengepolitisk rapport 2_2024.txt
NORGES_BANK,2024-06-01,NORGES_BANK_2024_06_C,unknown,,,hold,0.0,DOC_22CC47E6D716,Pengepolitisk rapport 3/2024,,0.0,unknown,text file missing: data\NORGES_BANK\Monetary Policy\2024-06-01 - Pengepolitisk rapport 3_2024.txt
NORGES_BANK,2024-06-01,NORGES_BANK_2024_06_D,hold,0.0,4.5,unknown,,DOC_8AE8F016BA52,Monetary policy trade-offs in a small open economy – the case of Norway,https://www.norges-bank.no/en/news-events/news/Speeches/2024/2024-10-24-peterson-institute/,0.9,explicit_unchanged_keyword,
NORGES_BANK,2025-06-01,NORGES_BANK_2025_06_A,unknown,,,unknown,,DOC_ABCB5E321797,Pengepolitisk rapport 1/2025,,0.0,unknown,text file missing: data\NORGES_BANK\Monetary Policy\2025-06-01 - Pengepolitisk rapport 1_2025.txt
NORGES_BANK,2025-06-01,NORGES_BANK_2025_06_B,unknown,,,unknown,,DOC_1C52F656770B,Pengepolitisk rapport 2/2025,,0.0,unknown,text file missing: data\NORGES_BANK\Monetary Policy\2025-06-01 - Pengepolitisk rapport 2_2025.txt
NORGES_BANK,2025-06-01,NORGES_BANK_2025_06_C,unknown,,,hold,0.0,DOC_A4D44C5DD817,Pengepolitisk rapport 3/2025,https://www.norges-bank.no/aktuelt/publikasjoner/Pengepolitisk-rapport/2025/pengepolitisk-rapport-32025/,0.0,unknown,
NORGES_BANK,2025-06-01,NORGES_BANK_2025_06_D,hold,0.0,,unknown,,DOC_6DA971054163,Research-based models in monetary policy decision-making,https://www.norges-bank.no/en/news-events/news/Speeches/2026/2026-05-21-bache/,0.5,explicit_unchanged_keyword,
NORGES_BANK,2026-06-01,NORGES_BANK_2026_06,unknown,,,,,DOC_653DFD4C0D4B,Pengepolitisk rapport 1/2026,,0.0,unknown,text file missing: data\NORGES_BANK\Monetary Policy\2026-06-01 - Pengepolitisk rapport 1_2026.txt
RBA,2021-02-02,RBA_2021_02,hold,0.0,,hold,0.0,DOC_BDF1D0C04D65,2 February 2021,https://www.rba.gov.au/media-releases/2021/mr-21-01.html,0.5,explicit_unchanged_keyword,
RBA,2021-03-02,RBA_2021_03,hold,0.0,,hold,0.0,DOC_1B0E5ED027E0,2 March 2021,https://www.rba.gov.au/media-releases/2021/mr-21-03.html,0.5,explicit_unchanged_keyword,
RBA,2021-04-06,RBA_2021_04,hold,0.0,,hold,0.0,DOC_B9ED5BF27CF8,6 April 2021,https://www.rba.gov.au/media-releases/2021/mr-21-04.html,0.5,explicit_unchanged_keyword,
RBA,2021-05-04,RBA_2021_05,hold,0.0,,hold,0.0,DOC_ADDAEC524625,4 May 2021,https://www.rba.gov.au/media-releases/2021/mr-21-06.html,0.5,explicit_unchanged_keyword,
RBA,2021-06-01,RBA_2021_06,hold,0.0,,hold,0.0,DOC_B33299AFD4FD,1 June 2021,https://www.rba.gov.au/media-releases/2021/mr-21-09.html,0.5,explicit_unchanged_keyword,
RBA,2021-07-06,RBA_2021_07,hold,0.0,,hold,0.0,DOC_9C21426F3135,6 July 2021,https://www.rba.gov.au/media-releases/2021/mr-21-13.html,0.5,explicit_unchanged_keyword,
RBA,2021-08-03,RBA_2021_08,hold,0.0,,hold,0.0,DOC_FABE234AD08C,3 August 2021,https://www.rba.gov.au/media-releases/2021/mr-21-14.html,0.5,explicit_unchanged_keyword,
RBA,2021-09-07,RBA_2021_09,hold,0.0,,hold,0.0,DOC_D151043468BF,7 September 2021,https://www.rba.gov.au/media-releases/2021/mr-21-19.html,0.5,explicit_unchanged_keyword,
RBA,2021-10-05,RBA_2021_10,hold,0.0,,hold,0.0,DOC_17297B3B1678,5 October 2021,https://www.rba.gov.au/media-releases/2021/mr-21-22.html,0.5,explicit_unchanged_keyword,
RBA,2021-11-02,RBA_2021_11,hold,0.0,,hold,0.0,DOC_5B0349B10758,2 November 2021,https://www.rba.gov.au/media-releases/2021/mr-21-24.html,0.5,explicit_unchanged_keyword,
RBA,2021-12-07,RBA_2021_12,hold,0.0,,hold,0.0,DOC_6C5450EC6F09,7 December 2021,https://www.rba.gov.au/media-releases/2021/mr-21-29.html,0.5,explicit_unchanged_keyword,
RBA,2022-02-01,RBA_2022_02,hold,0.0,,hold,0.0,DOC_51146BD04AA5,1 February 2022,https://www.rba.gov.au/media-releases/2022/mr-22-02.html,0.5,explicit_unchanged_keyword,
RBA,2022-03-01,RBA_2022_03,hold,0.0,,hold,0.0,DOC_7E0F9E69D369,1 March 2022,https://www.rba.gov.au/media-releases/2022/mr-22-05.html,0.5,explicit_unchanged_keyword,
RBA,2022-04-05,RBA_2022_04,hold,0.0,,hike,25.0,DOC_6E8F4D4AE66C,5 April 2022,https://www.rba.gov.au/media-releases/2022/mr-22-11.html,0.5,explicit_unchanged_keyword,
RBA,2022-05-03,RBA_2022_05,hike,25.0,,hike,50.0,DOC_E5FBCF3FF65E,3 May 2022,https://www.rba.gov.au/media-releases/2022/mr-22-12.html,0.8,explicit_bps_change,
RBA,2022-06-07,RBA_2022_06,hike,50.0,,hike,50.0,DOC_711BBC3EF912,7 June 2022,https://www.rba.gov.au/media-releases/2022/mr-22-14.html,0.8,explicit_bps_change,
RBA,2022-07-05,RBA_2022_07,hike,50.0,,hike,50.0,DOC_7B8B36CBD2A5,5 July 2022,https://www.rba.gov.au/media-releases/2022/mr-22-20.html,0.8,explicit_bps_change,
RBA,2022-08-02,RBA_2022_08,hike,50.0,,hike,50.0,DOC_96B7BFBC83BD,2 August 2022,https://www.rba.gov.au/media-releases/2022/mr-22-21.html,0.8,explicit_bps_change,
RBA,2022-09-06,RBA_2022_09,hike,50.0,,hike,25.0,DOC_EF698CEAFB0D,6 September 2022,https://www.rba.gov.au/media-releases/2022/mr-22-28.html,0.8,explicit_bps_change,
RBA,2022-10-04,RBA_2022_10,hike,25.0,,hike,25.0,DOC_23F8AC54A3A2,4 October 2022,https://www.rba.gov.au/media-releases/2022/mr-22-33.html,0.8,explicit_bps_change,
RBA,2022-11-01,RBA_2022_11,hike,25.0,,hike,25.0,DOC_2A81375950F4,1 November 2022,https://www.rba.gov.au/media-releases/2022/mr-22-36.html,0.8,explicit_bps_change,
RBA,2022-12-06,RBA_2022_12,hike,25.0,,hike,25.0,DOC_48943573CE30,6 December 2022,https://www.rba.gov.au/media-releases/2022/mr-22-41.html,0.8,explicit_bps_change,
RBA,2023-02-07,RBA_2023_02,hike,25.0,,hike,25.0,DOC_38C1B63CF214,7 February 2023,https://www.rba.gov.au/media-releases/2023/mr-23-04.html,0.8,explicit_bps_change,
RBA,2023-03-07,RBA_2023_03,hike,25.0,,hold,0.0,DOC_F77EB10CEECD,7 March 2023,https://www.rba.gov.au/media-releases/2023/mr-23-07.html,0.8,explicit_bps_change,
RBA,2023-04-04,RBA_2023_04,hold,0.0,,hike,25.0,DOC_F69B0B6D3494,4 April 2023,https://www.rba.gov.au/media-releases/2023/mr-23-08.html,0.5,explicit_unchanged_keyword,
RBA,2023-05-02,RBA_2023_05,hike,25.0,,hike,25.0,DOC_8C54519B6629,2 May 2023,https://www.rba.gov.au/media-releases/2023/mr-23-10.html,0.8,explicit_bps_change,
RBA,2023-06-06,RBA_2023_06,hike,25.0,,hold,0.0,DOC_5629D73FAE06,6 June 2023,https://www.rba.gov.au/media-releases/2023/mr-23-13.html,0.8,explicit_bps_change,
RBA,2023-07-04,RBA_2023_07,hold,0.0,,hold,0.0,DOC_B6018A3C7C01,4 July 2023,https://www.rba.gov.au/media-releases/2023/mr-23-16.html,0.5,explicit_unchanged_keyword,
RBA,2023-08-01,RBA_2023_08,hold,0.0,,hold,0.0,DOC_0B2B31D9DF08,1 August 2023,https://www.rba.gov.au/media-releases/2023/mr-23-19.html,0.5,explicit_unchanged_keyword,
RBA,2023-09-05,RBA_2023_09,hold,0.0,,hold,0.0,DOC_C2D84F33A567,5 September 2023,https://www.rba.gov.au/media-releases/2023/mr-23-23.html,0.5,explicit_unchanged_keyword,
RBA,2023-10-03,RBA_2023_10,hold,0.0,,hike,25.0,DOC_F37273118E26,3 October 2023,https://www.rba.gov.au/media-releases/2023/mr-23-25.html,0.5,explicit_unchanged_keyword,
RBA,2023-11-07,RBA_2023_11,hike,25.0,,hike,25.0,DOC_345C9C578DBD,7 November 2023,https://www.rba.gov.au/media-releases/2023/mr-23-30.html,0.8,explicit_bps_change,
RBA,2023-12-05,RBA_2023_12,hike,25.0,,hold,0.0,DOC_5F03602807D4,5 December 2023,https://www.rba.gov.au/media-releases/2023/mr-23-35.html,0.8,explicit_bps_change,
RBA,2024-02-06,RBA_2024_02,hold,0.0,,hold,0.0,DOC_A0EDA8DC50F1,6 February 2024,https://www.rba.gov.au/media-releases/2024/mr-24-01.html,0.5,explicit_unchanged_keyword,
RBA,2024-03-19,RBA_2024_03,hold,0.0,,hold,0.0,DOC_4D76C376ECAE,19 March 2024,https://www.rba.gov.au/media-releases/2024/mr-24-05.html,0.5,explicit_unchanged_keyword,
RBA,2024-05-07,RBA_2024_05,hold,0.0,,hold,0.0,DOC_DAF4B300994C,7 May 2024,https://www.rba.gov.au/media-releases/2024/mr-24-08.html,0.5,explicit_unchanged_keyword,
RBA,2024-06-18,RBA_2024_06,hold,0.0,,hold,0.0,DOC_13C3301225E5,18 June 2024,https://www.rba.gov.au/media-releases/2024/mr-24-12.html,0.5,explicit_unchanged_keyword,
RBA,2024-08-06,RBA_2024_08,hold,0.0,,hold,0.0,DOC_0A3B148C48DD,6 August 2024,https://www.rba.gov.au/media-releases/2024/mr-24-15.html,0.5,explicit_unchanged_keyword,
RBA,2024-09-24,RBA_2024_09,hold,0.0,,hold,0.0,DOC_97ED32B7933B,24 September 2024,https://www.rba.gov.au/media-releases/2024/mr-24-18.html,0.5,explicit_unchanged_keyword,
RBA,2024-11-05,RBA_2024_11,hold,0.0,,hold,0.0,DOC_B7B259AF9344,5 November 2024,https://www.rba.gov.au/media-releases/2024/mr-24-24.html,0.5,explicit_unchanged_keyword,
RBA,2024-12-10,RBA_2024_12,hold,0.0,,cut,-25.0,DOC_5B1FA6D4CC2E,10 December 2024,https://www.rba.gov.au/media-releases/2024/mr-24-27.html,0.5,explicit_unchanged_keyword,
RBA,2025-02-18,RBA_2025_02,cut,-25.0,,hold,0.0,DOC_3996D9351F9E,Monetary Policy Decision,https://www.rba.gov.au/speeches/2025/mc-gov-2025-02-18.html,0.8,explicit_bps_change,
RBA,2025-04-01,RBA_2025_04,hold,0.0,,cut,-25.0,DOC_6D3FC4740575,1 April 2025,https://www.rba.gov.au/media-releases/2025/mr-25-10.html,0.5,explicit_unchanged_keyword,
RBA,2025-05-20,RBA_2025_05,cut,-25.0,,hold,0.0,DOC_58379EFDE740,Monetary Policy Decision,https://www.rba.gov.au/speeches/2025/mc-gov-2025-05-20.html,0.8,explicit_bps_change,
RBA,2025-07-08,RBA_2025_07,hold,0.0,,cut,-25.0,DOC_4C6775F02003,8 July 2025,https://www.rba.gov.au/media-releases/2025/mr-25-17.html,0.5,explicit_unchanged_keyword,
RBA,2025-08-12,RBA_2025_08,cut,-25.0,,hold,0.0,DOC_0AD7586B5725,Monetary Policy Decision,https://www.rba.gov.au/speeches/2025/mc-gov-2025-08-12.html,0.8,explicit_bps_change,
RBA,2025-09-30,RBA_2025_09,hold,0.0,,hold,0.0,DOC_C9DB770FD7BC,30 September 2025,https://www.rba.gov.au/media-releases/2025/mr-25-27.html,0.5,explicit_unchanged_keyword,
RBA,2025-11-04,RBA_2025_11,hold,0.0,,hold,0.0,DOC_42C579AB3C98,4 November 2025,https://www.rba.gov.au/media-releases/2025/mr-25-31.html,0.5,explicit_unchanged_keyword,
RBA,2025-12-09,RBA_2025_12,hold,0.0,,hike,25.0,DOC_B331F18D0390,9 December 2025,https://www.rba.gov.au/media-releases/2025/mr-25-33.html,0.5,explicit_unchanged_keyword,
RBA,2026-02-03,RBA_2026_02,hike,25.0,,hike,25.0,DOC_8C56817C5BCB,3 February 2026,https://www.rba.gov.au/media-releases/2026/mr-26-03.html,0.8,explicit_bps_change,
RBA,2026-03-17,RBA_2026_03,hike,25.0,,hike,25.0,DOC_CE3F0C3DFC5E,17 March 2026,https://www.rba.gov.au/media-releases/2026/mr-26-08.html,0.8,explicit_bps_change,
RBA,2026-05-05,RBA_2026_05,hike,25.0,,,,DOC_E9BC7704F7B4,5 May 2026,https://www.rba.gov.au/media-releases/2026/mr-26-12.html,0.8,explicit_bps_change,
RBNZ,2021-02-23,RBNZ_2021_02,hold,0.0,,hold,0.0,DOC_338FF28692BF,Monetary Policy Statement February 2021,https://www.rbnz.govt.nz/-/media/project/sites/rbnz/files/publications/monetary-policy-statements/2021/mpsfeb21.pdf,0.5,explicit_unchanged_keyword,
RBNZ,2021-05-25,RBNZ_2021_05,hold,0.0,,hold,0.0,DOC_3EE7F07D15A1,Monetary Policy Statement May 2021,https://www.rbnz.govt.nz/-/media/project/sites/rbnz/files/publications/monetary-policy-statements/2021/mpsmay21.pdf,0.5,explicit_unchanged_keyword,
RBNZ,2021-08-17,RBNZ_2021_08,hold,0.0,,hike,100.0,DOC_7B57217E2C10,Monetary Policy Statement August 2021,https://www.rbnz.govt.nz/-/media/project/sites/rbnz/files/publications/monetary-policy-statements/2021/mpsaug21.pdf,0.5,explicit_unchanged_keyword,
RBNZ,2021-11-23,RBNZ_2021_11,hike,100.0,,hike,25.0,DOC_41C95DBF3A55,Monetary Policy Statement November 2021,https://www.rbnz.govt.nz/-/media/project/sites/rbnz/files/publications/monetary-policy-statements/2021/mpsnov21.pdf,0.8,explicit_bps_change,
RBNZ,2022-02-22,RBNZ_2022_02,hike,25.0,,hold,0.0,DOC_B6A914CC02F4,Monetary Policy Statement February 2022,https://www.rbnz.govt.nz/-/media/project/sites/rbnz/files/publications/monetary-policy-statements/2022/mpsfeb22.pdf,0.8,explicit_bps_change,
RBNZ,2022-05-24,RBNZ_2022_05,hold,0.0,,hold,0.0,DOC_79A1F8AF941B,Monetary Policy Statement May 2022,https://www.rbnz.govt.nz/-/media/project/sites/rbnz/files/publications/monetary-policy-statements/2022/mpsmay22.pdf,0.5,explicit_unchanged_keyword,
RBNZ,2022-08-16,RBNZ_2022_08,hold,0.0,,hike,85.0,DOC_B33187352B80,Monetary Policy Statement August 2022,https://www.rbnz.govt.nz/-/media/project/sites/rbnz/files/publications/monetary-policy-statements/2022/mps-aug22/august-2022-monetary-policy-statement.pdf,0.5,explicit_unchanged_keyword,
RBNZ,2022-11-22,RBNZ_2022_11,hike,85.0,,hike,85.0,DOC_1ADD185BC6B3,Monetary Policy Statement November 2022,https://www.rbnz.govt.nz/-/media/project/sites/rbnz/files/publications/monetary-policy-statements/2022/mps-nov-22/mpsnov22.pdf,0.8,explicit_bps_change,
RBNZ,2023-02-21,RBNZ_2023_02,hike,85.0,,hike,25.0,DOC_E41A35276FCA,Monetary Policy Statement February 2023,https://www.rbnz.govt.nz/-/media/project/sites/rbnz/files/publications/monetary-policy-statements/2023/feb/mpsfeb23.pdf,0.8,explicit_bps_change,
RBNZ,2023-05-23,RBNZ_2023_05,hike,25.0,,hike,25.0,DOC_3399A83105CC,Monetary Policy Statement May 2023,https://www.rbnz.govt.nz/-/media/project/sites/rbnz/files/publications/monetary-policy-statements/2023/may/mpsmay23.pdf,0.8,explicit_bps_change,
RBNZ,2023-08-15,RBNZ_2023_08,hike,25.0,5.5,hike,25.0,DOC_9485D14AD678,Monetary Policy Statement August 2023,https://www.rbnz.govt.nz/-/media/project/sites/rbnz/files/publications/monetary-policy-statements/2023/august/mpsaug23.pdf,1.0,explicit_bps_change,
RBNZ,2023-11-28,RBNZ_2023_11,hike,25.0,5.5,hold,0.0,DOC_8E84092530BF,Monetary Policy Statement November 2023,https://www.rbnz.govt.nz/-/media/project/sites/rbnz/files/publications/monetary-policy-statements/2023/november/mpsnov23.pdf,1.0,explicit_bps_change,
RBNZ,2024-02-27,RBNZ_2024_02,hold,0.0,5.5,hike,25.0,DOC_63D0AB1E01EE,Monetary Policy Statement February 2024,https://www.rbnz.govt.nz/-/media/project/sites/rbnz/files/publications/monetary-policy-statements/2024/feb/mps-feb-2024.pdf,0.9,explicit_unchanged_keyword,
RBNZ,2024-05-22,RBNZ_2024_05,hike,25.0,5.5,cut,-25.0,DOC_30127C441B2D,Monetary Policy Statement May 2024,https://www.rbnz.govt.nz/-/media/project/sites/rbnz/files/publications/monetary-policy-statements/2024/may-220524/mps_report_may2024.pdf,1.0,explicit_bps_change,
RBNZ,2024-08-14,RBNZ_2024_08,cut,-25.0,,hold,0.0,DOC_98B1766C1807,Monetary Policy Statement August 2024,https://www.rbnz.govt.nz/-/media/project/sites/rbnz/files/publications/monetary-policy-statements/2024/aug-140824jvb/mps_report_aug2024.pdf,0.8,explicit_bps_change,
RBNZ,2024-11-27,RBNZ_2024_11,hold,0.0,,hold,0.0,DOC_D4A25AB777D2,Monetary Policy Statement November 2024,https://www.rbnz.govt.nz/-/media/project/sites/rbnz/files/publications/monetary-policy-statements/2024/nov-271124gsp/mps_report_nov2024.pdf,0.5,explicit_unchanged_keyword,
RBNZ,2025-02-18,RBNZ_2025_02,hold,0.0,,cut,-25.0,DOC_3B526CE06FB1,Monetary Policy Statement February 2025,https://www.rbnz.govt.nz/-/media/project/sites/rbnz/files/publications/monetary-policy-statements/2025/feb-19224/mps_report_feb2025.pdf,0.5,explicit_unchanged_keyword,
RBNZ,2025-05-27,RBNZ_2025_05,cut,-25.0,,cut,-25.0,DOC_48EF2AEC582E,Monetary Policy Statement May 2025,https://www.rbnz.govt.nz/-/media/project/sites/rbnz/files/publications/monetary-policy-statements/2025/may-0525/mps_report_may2025.pdf,0.8,explicit_bps_change,
RBNZ,2025-08-19,RBNZ_2025_08,cut,-25.0,,hold,0.0,DOC_19F0855B32A3,Monetary Policy Statement August 2025,https://www.rbnz.govt.nz/-/media/project/sites/rbnz/files/publications/monetary-policy-statements/2025/aug-20825/mps-report-aug-2025.pdf,0.8,explicit_bps_change,
RBNZ,2025-11-26,RBNZ_2025_11,hold,0.0,,cut,-25.0,DOC_5C727F4593C7,Monetary Policy Statement November 2025,https://www.rbnz.govt.nz/-/media/project/sites/rbnz/files/publications/monetary-policy-statements/2025/nov-261125/monetary-policy-statement-november-2025.pdf,0.5,explicit_unchanged_keyword,
RBNZ,2026-02-18,RBNZ_2026_02,cut,-25.0,,hike,25.0,DOC_1C33635D851E,Monetary Policy Statement February 2026,https://www.rbnz.govt.nz/-/media/project/sites/rbnz/files/publications/monetary-policy-statements/2026/feb-180226/mps_report_feb2026.pdf,0.8,explicit_bps_change,
RBNZ,2026-05-26,RBNZ_2026_05,hike,25.0,,,,DOC_2CB583E6CCD9,Monetary Policy Statement May 2026,https://www.rbnz.govt.nz/-/media/project/sites/rbnz/files/publications/monetary-policy-statements/2026/may-272605/monetary-policy-statement-may-2026.pdf,0.8,explicit_bps_change,
RIKSBANK,2021-06-01,RIKSBANK_2021_06_A,hold,0.0,,hold,0.0,DOC_3BC801A0B478,Monetary Policy Report April 2021,https://www.riksbank.se/en-gb/monetary-policy/monetary-policy-report/2021/monetary-policy-report-april-2021/,0.5,explicit_unchanged_keyword,
RIKSBANK,2021-06-01,RIKSBANK_2021_06_B,hold,0.0,,hold,0.0,DOC_01072B972A30,Monetary Policy Report Februari 2021,https://www.riksbank.se/en-gb/monetary-policy/monetary-policy-report/2021/monetary-policy-report-februari-2021/,0.5,explicit_unchanged_keyword,
RIKSBANK,2021-06-01,RIKSBANK_2021_06_C,hold,0.0,,hold,0.0,DOC_944F5E1D2ED3,Monetary Policy Report July 2021,https://www.riksbank.se/en-gb/monetary-policy/monetary-policy-report/2021/monetary-policy-report-july-2021/,0.5,explicit_unchanged_keyword,
RIKSBANK,2021-06-01,RIKSBANK_2021_06_D,hold,0.0,,hold,0.0,DOC_9CC589D2565B,Monetary Policy Report November 2021,https://www.riksbank.se/en-gb/monetary-policy/monetary-policy-report/2021/monetary-policy-report-november-2021/,0.5,explicit_unchanged_keyword,
RIKSBANK,2021-06-01,RIKSBANK_2021_06_E,hold,0.0,,unknown,,DOC_009B050A3DF0,Monetary Policy Report September 2021,https://www.riksbank.se/en-gb/monetary-policy/monetary-policy-report/2021/monetary-policy-report-september-2021/,0.5,explicit_unchanged_keyword,
RIKSBANK,2022-06-01,RIKSBANK_2022_06_A,unknown,,,hold,0.0,DOC_9735DC394321,Monetary Policy Report April 2022,https://www.riksbank.se/en-gb/monetary-policy/monetary-policy-report/2022/monetary-policy-report-april-2022/,0.0,unknown,
RIKSBANK,2022-06-01,RIKSBANK_2022_06_B,hold,0.0,,unknown,,DOC_3F5F95E456E2,Monetary Policy Report February 2022,https://www.riksbank.se/en-gb/monetary-policy/monetary-policy-report/2022/monetary-policy-report-february-2022/,0.5,explicit_unchanged_keyword,
RIKSBANK,2022-06-01,RIKSBANK_2022_06_C,unknown,,,unknown,,DOC_D9A8E8F54CAB,Monetary Policy Report June 2022,https://www.riksbank.se/en-gb/monetary-policy/monetary-policy-report/2022/monetary-policy-report-june-2022/,0.0,unknown,
RIKSBANK,2022-06-01,RIKSBANK_2022_06_D,unknown,,,unknown,,DOC_AB7C59A67D04,Monetary Policy Report November 2022,https://www.riksbank.se/en-gb/monetary-policy/monetary-policy-report/2022/monetary-policy-report-november-2022/,0.0,unknown,
RIKSBANK,2022-06-01,RIKSBANK_2022_06_E,unknown,,,hold,0.0,DOC_90199671B24B,Ingves At The Riksdag Committee On Finance Hearing Regarding Account Of Monetary Policy 2021,https://www.riksbank.se/en-gb/press-and-published/speeches-and-presentations/2022/ingves-at-the-riksdag-committee-on-finance-hearing-regarding-account-of-monetary-policy-2021/,0.0,unknown,
RIKSBANK,2023-06-01,RIKSBANK_2023_06_A,hold,0.0,,hold,0.0,DOC_402ED7C5677E,Monetary Policy Report April 2023,https://www.riksbank.se/en-gb/monetary-policy/monetary-policy-report/2023/monetary-policy-report-april-2023/,0.5,explicit_unchanged_keyword,
RIKSBANK,2023-06-01,RIKSBANK_2023_06_B,hold,0.0,,hold,0.0,DOC_7318BA177076,Monetary Policy Report February 2023,https://www.riksbank.se/en-gb/monetary-policy/monetary-policy-report/2023/monetary-policy-report-february-2023/,0.5,explicit_unchanged_keyword,
RIKSBANK,2023-06-01,RIKSBANK_2023_06_C,hold,0.0,,hold,0.0,DOC_C29C8407FA7C,Monetary Policy Report June 2023,https://www.riksbank.se/en-gb/monetary-policy/monetary-policy-report/2023/monetary-policy-report-june-2023/,0.5,explicit_unchanged_keyword,
RIKSBANK,2023-06-01,RIKSBANK_2023_06_D,hold,0.0,,hold,0.0,DOC_EED2D6ABB111,Monetary Policy Report November 2023,https://www.riksbank.se/en-gb/monetary-policy/monetary-policy-report/2023/monetary-policy-report-november-2023/,0.5,explicit_unchanged_keyword,
RIKSBANK,2023-06-01,RIKSBANK_2023_06_E,hold,0.0,,unknown,,DOC_157C131A3AC6,Erik Thedeen My View Of Monetary Policy,https://www.riksbank.se/en-gb/press-and-published/speeches-and-presentations/2023/erik-thedeen-my-view-of-monetary-policy/,0.5,explicit_unchanged_keyword,
RIKSBANK,2024-06-01,RIKSBANK_2024_06_A,unknown,,,hold,0.0,DOC_199A730F2083,Monetary Policy Decision August 2024,https://www.riksbank.se/en-gb/monetary-policy/monetary-policy-report/2024/monetary-policy-decision-august-2024/,0.0,unknown,
RIKSBANK,2024-06-01,RIKSBANK_2024_06_B,hold,0.0,,hold,0.0,DOC_795B2B6F0692,Monetary Policy Decision December 2024,https://www.riksbank.se/en-gb/monetary-policy/monetary-policy-report/2024/monetary-policy-decision-december-2024/,0.5,explicit_unchanged_keyword,
RIKSBANK,2024-06-01,RIKSBANK_2024_06_C,hold,0.0,,hold,0.0,DOC_85FAD8810109,Monetary Policy Decision February 2024,https://www.riksbank.se/en-gb/monetary-policy/monetary-policy-report/2024/monetary-policy-decision-february-2024/,0.5,explicit_unchanged_keyword,
RIKSBANK,2024-06-01,RIKSBANK_2024_06_D,hold,0.0,,hold,0.0,DOC_1F719FD3A09B,Monetary Policy Decision June 2024,https://www.riksbank.se/en-gb/monetary-policy/monetary-policy-report/2024/monetary-policy-decision-june-2024/,0.5,explicit_unchanged_keyword,
RIKSBANK,2024-06-01,RIKSBANK_2024_06_E,hold,0.0,,unknown,,DOC_E744097131A3,Monetary Policy Decision March 2024,https://www.riksbank.se/en-gb/monetary-policy/monetary-policy-report/2024/monetary-policy-decision-march-2024/,0.5,explicit_unchanged_keyword,
RIKSBANK,2024-06-01,RIKSBANK_2024_06_F,unknown,,,hold,0.0,DOC_17DDA1A10CFB,Monetary Policy Decision May 2024,https://www.riksbank.se/en-gb/monetary-policy/monetary-policy-report/2024/monetary-policy-decision-may-2024/,0.0,unknown,
RIKSBANK,2024-06-01,RIKSBANK_2024_06_G,hold,0.0,,hold,0.0,DOC_3DEE296ACAA4,Monetary Policy Decision November 2024,https://www.riksbank.se/en-gb/monetary-policy/monetary-policy-report/2024/monetary-policy-decision-november-2024/,0.5,explicit_unchanged_keyword,
RIKSBANK,2024-06-01,RIKSBANK_2024_06_H,hold,0.0,,unknown,,DOC_150E3562AC77,Monetary Policy Decision September 2024,https://www.riksbank.se/en-gb/monetary-policy/monetary-policy-report/2024/monetary-policy-decision-september-2024/,0.5,explicit_unchanged_keyword,
RIKSBANK,2025-06-01,RIKSBANK_2025_06_A,unknown,,,unknown,,DOC_8CD73122936B,Monetary Policy Decision August 2025,,0.0,unknown,text file missing: data\RIKSBANK\Monetary Policy\2025-06-01 - Monetary Policy Decision August 2025.txt
RIKSBANK,2025-06-01,RIKSBANK_2025_06_B,unknown,,,unknown,,DOC_591EC2673EAC,Monetary Policy Decision December 2025,,0.0,unknown,text file missing: data\RIKSBANK\Monetary Policy\2025-06-01 - Monetary Policy Decision December 2025.txt
RIKSBANK,2025-06-01,RIKSBANK_2025_06_C,unknown,,,unknown,,DOC_67CCD775E23D,Monetary Policy Decision January 2025,https://www.riksbank.se/en-gb/monetary-policy/monetary-policy-report/2025/monetary-policy-decision-january-2025/,0.0,unknown,
RIKSBANK,2025-06-01,RIKSBANK_2025_06_D,unknown,,,unknown,,DOC_C543F8C8851E,Monetary Policy Decision June 2025,,0.0,unknown,text file missing: data\RIKSBANK\Monetary Policy\2025-06-01 - Monetary Policy Decision June 2025.txt
RIKSBANK,2025-06-01,RIKSBANK_2025_06_E,unknown,,,unknown,,DOC_180CB4ABDD5E,Monetary Policy Decision March 2025,,0.0,unknown,text file missing: data\RIKSBANK\Monetary Policy\2025-06-01 - Monetary Policy Decision March 2025.txt
RIKSBANK,2025-06-01,RIKSBANK_2025_06_F,unknown,,,unknown,,DOC_C1A0C69C5592,Monetary Policy Decision May 2025,,0.0,unknown,text file missing: data\RIKSBANK\Monetary Policy\2025-06-01 - Monetary Policy Decision May 2025.txt
RIKSBANK,2025-06-01,RIKSBANK_2025_06_G,unknown,,,hold,0.0,DOC_E8609011EE65,Monetary Policy Decision November 2025,,0.0,unknown,text file missing: data\RIKSBANK\Monetary Policy\2025-06-01 - Monetary Policy Decision November 2025.txt
RIKSBANK,2025-06-01,RIKSBANK_2025_06_H,hold,0.0,,unknown,,DOC_4CDF88BC148F,Anna Breman Monetary Policy Contributes To Stability In A Turbulent World,https://www.riksbank.se/en-gb/press-and-published/speeches-and-presentations/2025/anna-breman-monetary-policy-contributes-to-stability-in-a-turbulent-world/,0.5,explicit_unchanged_keyword,
RIKSBANK,2026-06-01,RIKSBANK_2026_06,unknown,,,,,DOC_2B28521D18DF,Monetary Policy Decision January 2026,,0.0,unknown,text file missing: data\RIKSBANK\Monetary Policy\2026-06-01 - Monetary Policy Decision January 2026.txt
SNB,2021-03-25,SNB_2021_03,unknown,,,unknown,,DOC_C1AEEA8EE7EE,Monetary policy assessment of 25 March 2021,,0.0,unknown,text file missing: data\SNB\Monetary Policy\2021-03-25 - Monetary policy assessment of 25 March 2021.txt
SNB,2021-06-17,SNB_2021_06,unknown,,,unknown,,DOC_512A3C6A35CE,Monetary policy assessment of 17 June 2021,,0.0,unknown,text file missing: data\SNB\Monetary Policy\2021-06-17 - Monetary policy assessment of 17 June 2021.txt
SNB,2021-09-23,SNB_2021_09,unknown,,,unknown,,DOC_2EBDFA551C91,Monetary policy assessment of 23 September 2021,,0.0,unknown,text file missing: data\SNB\Monetary Policy\2021-09-23 - Monetary policy assessment of 23 September 2021.txt
SNB,2021-12-16,SNB_2021_12,unknown,,,unknown,,DOC_218F43BC05E5,Monetary policy assessment of 16 December 2021,,0.0,unknown,text file missing: data\SNB\Monetary Policy\2021-12-16 - Monetary policy assessment of 16 December 2021.txt
SNB,2022-03-24,SNB_2022_03,unknown,,,unknown,,DOC_021940B3A5F5,"Thomas Jordan, Chairman of the Governing Board What are the consequences of the war in Ukraine for the SNB's monetary policy? ﻿",https://www.snb.ch/en/publications/communication/speeches/2022/ref_20220429_tjn,0.0,unknown,
SNB,2022-06-16,SNB_2022_06,unknown,,,unknown,,DOC_E88E71F66A2A,"Thomas Jordan, Chairman of the Governing Board Monetary policy under new constraints: challenges for the Swiss National Bank ﻿",https://www.snb.ch/en/publications/communication/speeches/2022/ref_20220827_tjn,0.0,unknown,
SNB,2022-09-22,SNB_2022_09,unknown,,,unknown,,DOC_A347AC867C0C,Monetary policy assessment of 22 September 2022,,0.0,unknown,text file missing: data\SNB\Monetary Policy\2022-09-22 - Monetary policy assessment of 22 September 2022.txt
SNB,2022-12-15,SNB_2022_12,unknown,,,unknown,,DOC_8912235BE406,Monetary policy assessment of 15 December 2022,,0.0,unknown,text file missing: data\SNB\Monetary Policy\2022-12-15 - Monetary policy assessment of 15 December 2022.txt
SNB,2023-03-23,SNB_2023_03,unknown,,,unknown,,DOC_364CEF525979,Monetary policy assessment of 23 March 2023,,0.0,unknown,text file missing: data\SNB\Monetary Policy\2023-03-23 - Monetary policy assessment of 23 March 2023.txt
SNB,2023-06-22,SNB_2023_06,unknown,,,unknown,,DOC_3B86FB1567A8,Monetary policy assessment of 22 June 2023,,0.0,unknown,text file missing: data\SNB\Monetary Policy\2023-06-22 - Monetary policy assessment of 22 June 2023.txt
SNB,2023-09-21,SNB_2023_09,unknown,,,unknown,,DOC_FEF3A46EDDB2,"Thomas Moser, Alternate Member of the Governing Board Implementing monetary policy with positive interest rates and a large balance sheet: First experiences ﻿",https://www.snb.ch/en/publications/communication/speeches/2023/ref_20231109_tmo,0.0,unknown,
SNB,2023-12-14,SNB_2023_12,unknown,,,unknown,,DOC_D81573691747,Monetary policy assessment of 14 December 2023,,0.0,unknown,text file missing: data\SNB\Monetary Policy\2023-12-14 - Monetary policy assessment of 14 December 2023.txt
SNB,2024-03-21,SNB_2024_03,unknown,,,unknown,,DOC_0A39EA75F1CA,"Thomas Jordan, Chairman of the Governing Board The natural rate of interest (r*) as a reference point for monetary policy - a practitioner's view ﻿",https://www.snb.ch/en/publications/communication/speeches/2024/ref_20240530_tjn,0.0,unknown,
SNB,2024-06-20,SNB_2024_06,unknown,,,unknown,,DOC_79584DA71B1E,Monetary policy assessment of 20 June 2024,,0.0,unknown,text file missing: data\SNB\Monetary Policy\2024-06-20 - Monetary policy assessment of 20 June 2024.txt
SNB,2024-09-26,SNB_2024_09,unknown,,,unknown,,DOC_546A67A88DB6,Monetary policy assessment of 26 September 2024,,0.0,unknown,text file missing: data\SNB\Monetary Policy\2024-09-26 - Monetary policy assessment of 26 September 2024.txt
SNB,2024-12-12,SNB_2024_12,unknown,,,unknown,,DOC_C4A75F6B4E17,Monetary policy assessment of 12 December 2024,,0.0,unknown,text file missing: data\SNB\Monetary Policy\2024-12-12 - Monetary policy assessment of 12 December 2024.txt
SNB,2025-03-20,SNB_2025_03,unknown,,,unknown,,DOC_0B31EF8C2E31,Monetary policy assessment of 20 March 2025,,0.0,unknown,text file missing: data\SNB\Monetary Policy\2025-03-20 - Monetary policy assessment of 20 March 2025.txt
SNB,2025-06-19,SNB_2025_06,unknown,,,hold,0.0,DOC_40EAC689D7E2,Monetary policy assessment of 19 June 2025,,0.0,unknown,text file missing: data\SNB\Monetary Policy\2025-06-19 - Monetary policy assessment of 19 June 2025.txt
SNB,2025-09-25,SNB_2025_09,hold,0.0,0.0,unknown,,DOC_2CB8C7948D11,"Martin Schlegel, Chairman of the Governing Board The path to the monetary policy decision at the SNB ﻿",https://www.snb.ch/en/publications/communication/speeches/2025/ref_20251121_msl,0.9,explicit_unchanged_keyword,
SNB,2025-12-11,SNB_2025_12,unknown,,,unknown,,DOC_8B7666528F69,Monetary policy assessment of 11 December 2025,,0.0,unknown,text file missing: data\SNB\Monetary Policy\2025-12-11 - Monetary policy assessment of 11 December 2025.txt
SNB,2026-03-19,SNB_2026_03,unknown,,,,,DOC_249383AB1F59,Monetary policy assessment of 19 March 2026,,0.0,unknown,"text file missing: data\SNB\Speeches\2026-04-24 - Martin Schlegel - Martin Schlegel, Chairman of the Governing Board Comments on Swiss monetary policy ﻿.txt"
